timestamp,sensor_id,sensor_type,room,value
2025-09-15 00:00:00,TEM_SAL_01,temperature,Sala_Reuniao,20.03
2025-09-15 00:15:00,TEM_SAL_01,temperature,Sala_Reuniao,20.0
2025-09-15 00:30:00,TEM_SAL_01,temperature,Sala_Reuniao,20.33
2025-09-15 00:45:00,TEM_SAL_01,temperature,Sala_Reuniao,19.65
2025-09-15 01:00:00,TEM_SAL_01,temperature,Sala_Reuniao,20.19
2025-09-15 01:15:00,TEM_SAL_01,temperature,Sala_Reuniao,20.59
2025-09-15 01:30:00,TEM_SAL_01,temperature,Sala_Reuniao,20.48
2025-09-15 01:45:00,TEM_SAL_01,temperature,Sala_Reuniao,20.76
2025-09-15 02:00:00,TEM_SAL_01,temperature,Sala_Reuniao,21.31
2025-09-15 02:15:00,TEM_SAL_01,temperature,Sala_Reuniao,20.91
2025-09-15 02:30:00,TEM_SAL_01,temperature,Sala_Reuniao,20.83
2025-09-15 02:45:00,TEM_SAL_01,temperature,Sala_Reuniao,21.08
2025-09-15 03:00:00,TEM_SAL_01,temperature,Sala_Reuniao,21.32
2025-09-15 03:15:00,TEM_SAL_01,temperature,Sala_Reuniao,20.98
2025-09-15 03:30:00,TEM_SAL_01,temperature,Sala_Reuniao,22.18
2025-09-15 03:45:00,TEM_SAL_01,temperature,Sala_Reuniao,21.9
2025-09-15 04:00:00,TEM_SAL_01,temperature,Sala_Reuniao,21.97
2025-09-15 04:15:00,TEM_SAL_01,temperature,Sala_Reuniao,22.11
2025-09-15 04:30:00,TEM_SAL_01,temperature,Sala_Reuniao,22.42
2025-09-15 04:45:00,TEM_SAL_01,temperature,Sala_Reuniao,22.51
2025-09-15 05:00:00,TEM_SAL_01,temperature,Sala_Reuniao,22.96
2025-09-15 05:15:00,TEM_SAL_01,temperature,Sala_Reuniao,22.45
2025-09-15 05:30:00,TEM_SAL_01,temperature,Sala_Reuniao,22.96
2025-09-15 05:45:00,TEM_SAL_01,temperature,Sala_Reuniao,23.14
2025-09-15 06:00:00,TEM_SAL_01,temperature,Sala_Reuniao,23.07
2025-09-15 06:15:00,TEM_SAL_01,temperature,Sala_Reuniao,23.74
2025-09-15 06:30:00,TEM_SAL_01,temperature,Sala_Reuniao,23.34
2025-09-15 06:45:00,TEM_SAL_01,temperature,Sala_Reuniao,23.6
2025-09-15 07:00:00,TEM_SAL_01,temperature,Sala_Reuniao,23.78
2025-09-15 07:15:00,TEM_SAL_01,temperature,Sala_Reuniao,23.56
2025-09-15 07:30:00,TEM_SAL_01,temperature,Sala_Reuniao,24.14
2025-09-15 07:45:00,TEM_SAL_01,temperature,Sala_Reuniao,23.99
2025-09-15 08:00:00,TEM_SAL_01,temperature,Sala_Reuniao,24.19
2025-09-15 08:15:00,TEM_SAL_01,temperature,Sala_Reuniao,24.58
2025-09-15 08:30:00,TEM_SAL_01,temperature,Sala_Reuniao,24.44
2025-09-15 08:45:00,TEM_SAL_01,temperature,Sala_Reuniao,24.61
2025-09-15 09:00:00,TEM_SAL_01,temperature,Sala_Reuniao,24.22
2025-09-15 09:15:00,TEM_SAL_01,temperature,Sala_Reuniao,25.15
2025-09-15 09:30:00,TEM_SAL_01,temperature,Sala_Reuniao,24.35
2025-09-15 09:45:00,TEM_SAL_01,temperature,Sala_Reuniao,24.11
2025-09-15 10:00:00,TEM_SAL_01,temperature,Sala_Reuniao,24.46
2025-09-15 10:15:00,TEM_SAL_01,temperature,Sala_Reuniao,24.35
2025-09-15 10:30:00,TEM_SAL_01,temperature,Sala_Reuniao,24.62
2025-09-15 10:45:00,TEM_SAL_01,temperature,Sala_Reuniao,24.71
2025-09-15 11:00:00,TEM_SAL_01,temperature,Sala_Reuniao,24.64
2025-09-15 11:15:00,TEM_SAL_01,temperature,Sala_Reuniao,24.49
2025-09-15 11:30:00,TEM_SAL_01,temperature,Sala_Reuniao,24.93
2025-09-15 11:45:00,TEM_SAL_01,temperature,Sala_Reuniao,24.36
2025-09-15 12:00:00,TEM_SAL_01,temperature,Sala_Reuniao,24.35
2025-09-15 12:15:00,TEM_SAL_01,temperature,Sala_Reuniao,23.86
2025-09-15 12:30:00,TEM_SAL_01,temperature,Sala_Reuniao,23.71
2025-09-15 12:45:00,TEM_SAL_01,temperature,Sala_Reuniao,23.94
2025-09-15 13:00:00,TEM_SAL_01,temperature,Sala_Reuniao,23.89
2025-09-15 13:15:00,TEM_SAL_01,temperature,Sala_Reuniao,23.81
2025-09-15 13:30:00,TEM_SAL_01,temperature,Sala_Reuniao,23.39
2025-09-15 13:45:00,TEM_SAL_01,temperature,Sala_Reuniao,23.34
2025-09-15 14:00:00,TEM_SAL_01,temperature,Sala_Reuniao,23.1
2025-09-15 14:15:00,TEM_SAL_01,temperature,Sala_Reuniao,23.4
2025-09-15 14:30:00,TEM_SAL_01,temperature,Sala_Reuniao,22.46
2025-09-15 14:45:00,TEM_SAL_01,temperature,Sala_Reuniao,22.86
2025-09-15 15:00:00,TEM_SAL_01,temperature,Sala_Reuniao,22.05
2025-09-15 15:15:00,TEM_SAL_01,temperature,Sala_Reuniao,22.62
2025-09-15 15:30:00,TEM_SAL_01,temperature,Sala_Reuniao,22.38
2025-09-15 15:45:00,TEM_SAL_01,temperature,Sala_Reuniao,22.05
2025-09-15 16:00:00,TEM_SAL_01,temperature,Sala_Reuniao,22.02
2025-09-15 16:15:00,TEM_SAL_01,temperature,Sala_Reuniao,21.66
2025-09-15 16:30:00,TEM_SAL_01,temperature,Sala_Reuniao,21.58
2025-09-15 16:45:00,TEM_SAL_01,temperature,Sala_Reuniao,21.16
2025-09-15 17:00:00,TEM_SAL_01,temperature,Sala_Reuniao,21.62
2025-09-15 17:15:00,TEM_SAL_01,temperature,Sala_Reuniao,21.74
2025-09-15 17:30:00,TEM_SAL_01,temperature,Sala_Reuniao,20.98
2025-09-15 17:45:00,TEM_SAL_01,temperature,Sala_Reuniao,20.88
2025-09-15 18:00:00,TEM_SAL_01,temperature,Sala_Reuniao,20.82
2025-09-15 18:15:00,TEM_SAL_01,temperature,Sala_Reuniao,20.62
2025-09-15 18:30:00,TEM_SAL_01,temperature,Sala_Reuniao,20.55
2025-09-15 18:45:00,TEM_SAL_01,temperature,Sala_Reuniao,20.3
2025-09-15 19:00:00,TEM_SAL_01,temperature,Sala_Reuniao,20.04
2025-09-15 19:15:00,TEM_SAL_01,temperature,Sala_Reuniao,20.29
2025-09-15 19:30:00,TEM_SAL_01,temperature,Sala_Reuniao,19.53
2025-09-15 19:45:00,TEM_SAL_01,temperature,Sala_Reuniao,19.32
2025-09-15 20:00:00,TEM_SAL_01,temperature,Sala_Reuniao,19.87
2025-09-15 20:15:00,TEM_SAL_01,temperature,Sala_Reuniao,19.56
2025-09-15 20:30:00,TEM_SAL_01,temperature,Sala_Reuniao,19.99
2025-09-15 20:45:00,TEM_SAL_01,temperature,Sala_Reuniao,20.47
2025-09-15 21:00:00,TEM_SAL_01,temperature,Sala_Reuniao,19.06
2025-09-15 21:15:00,TEM_SAL_01,temperature,Sala_Reuniao,19.56
2025-09-15 21:30:00,TEM_SAL_01,temperature,Sala_Reuniao,19.58
2025-09-15 21:45:00,TEM_SAL_01,temperature,Sala_Reuniao,19.51
2025-09-15 22:00:00,TEM_SAL_01,temperature,Sala_Reuniao,19.82
2025-09-15 22:15:00,TEM_SAL_01,temperature,Sala_Reuniao,19.46
2025-09-15 22:30:00,TEM_SAL_01,temperature,Sala_Reuniao,19.91
2025-09-15 22:45:00,TEM_SAL_01,temperature,Sala_Reuniao,18.98
2025-09-15 23:00:00,TEM_SAL_01,temperature,Sala_Reuniao,19.86
2025-09-15 23:15:00,TEM_SAL_01,temperature,Sala_Reuniao,19.39
2025-09-15 23:30:00,TEM_SAL_01,temperature,Sala_Reuniao,19.46
2025-09-15 23:45:00,TEM_SAL_01,temperature,Sala_Reuniao,19.77
2025-09-16 00:00:00,TEM_SAL_01,temperature,Sala_Reuniao,19.79
2025-09-16 00:15:00,TEM_SAL_01,temperature,Sala_Reuniao,20.24
2025-09-16 00:30:00,TEM_SAL_01,temperature,Sala_Reuniao,19.68
2025-09-16 00:45:00,TEM_SAL_01,temperature,Sala_Reuniao,19.8
2025-09-16 01:00:00,TEM_SAL_01,temperature,Sala_Reuniao,20.59
2025-09-16 01:15:00,TEM_SAL_01,temperature,Sala_Reuniao,20.6
2025-09-16 01:30:00,TEM_SAL_01,temperature,Sala_Reuniao,20.57
2025-09-16 01:45:00,TEM_SAL_01,temperature,Sala_Reuniao,20.44
2025-09-16 02:00:00,TEM_SAL_01,temperature,Sala_Reuniao,20.69
2025-09-16 02:15:00,TEM_SAL_01,temperature,Sala_Reuniao,20.6
2025-09-16 02:30:00,TEM_SAL_01,temperature,Sala_Reuniao,20.54
2025-09-16 02:45:00,TEM_SAL_01,temperature,Sala_Reuniao,20.8
2025-09-16 03:00:00,TEM_SAL_01,temperature,Sala_Reuniao,21.24
2025-09-16 03:15:00,TEM_SAL_01,temperature,Sala_Reuniao,21.41
2025-09-16 03:30:00,TEM_SAL_01,temperature,Sala_Reuniao,21.55
2025-09-16 03:45:00,TEM_SAL_01,temperature,Sala_Reuniao,22.2
2025-09-16 04:00:00,TEM_SAL_01,temperature,Sala_Reuniao,22.07
2025-09-16 04:15:00,TEM_SAL_01,temperature,Sala_Reuniao,22.3
2025-09-16 04:30:00,TEM_SAL_01,temperature,Sala_Reuniao,22.05
2025-09-16 04:45:00,TEM_SAL_01,temperature,Sala_Reuniao,22.6
2025-09-16 05:00:00,TEM_SAL_01,temperature,Sala_Reuniao,22.68
2025-09-16 05:15:00,TEM_SAL_01,temperature,Sala_Reuniao,22.55
2025-09-16 05:30:00,TEM_SAL_01,temperature,Sala_Reuniao,22.88
2025-09-16 05:45:00,TEM_SAL_01,temperature,Sala_Reuniao,23.43
2025-09-16 06:00:00,TEM_SAL_01,temperature,Sala_Reuniao,23.82
2025-09-16 06:15:00,TEM_SAL_01,temperature,Sala_Reuniao,23.09
2025-09-16 06:30:00,TEM_SAL_01,temperature,Sala_Reuniao,23.57
2025-09-16 06:45:00,TEM_SAL_01,temperature,Sala_Reuniao,24.06
2025-09-16 07:00:00,TEM_SAL_01,temperature,Sala_Reuniao,23.3
2025-09-16 07:15:00,TEM_SAL_01,temperature,Sala_Reuniao,23.65
2025-09-16 07:30:00,TEM_SAL_01,temperature,Sala_Reuniao,23.66
2025-09-16 07:45:00,TEM_SAL_01,temperature,Sala_Reuniao,23.68
2025-09-16 08:00:00,TEM_SAL_01,temperature,Sala_Reuniao,24.73
2025-09-16 08:15:00,TEM_SAL_01,temperature,Sala_Reuniao,24.17
2025-09-16 08:30:00,TEM_SAL_01,temperature,Sala_Reuniao,24.52
2025-09-16 08:45:00,TEM_SAL_01,temperature,Sala_Reuniao,24.34
2025-09-16 09:00:00,TEM_SAL_01,temperature,Sala_Reuniao,24.48
2025-09-16 09:15:00,TEM_SAL_01,temperature,Sala_Reuniao,24.49
2025-09-16 09:30:00,TEM_SAL_01,temperature,Sala_Reuniao,24.56
2025-09-16 09:45:00,TEM_SAL_01,temperature,Sala_Reuniao,24.88
2025-09-16 10:00:00,TEM_SAL_01,temperature,Sala_Reuniao,24.18
2025-09-16 10:15:00,TEM_SAL_01,temperature,Sala_Reuniao,24.29
2025-09-16 10:30:00,TEM_SAL_01,temperature,Sala_Reuniao,24.86
2025-09-16 10:45:00,TEM_SAL_01,temperature,Sala_Reuniao,24.67
2025-09-16 11:00:00,TEM_SAL_01,temperature,Sala_Reuniao,24.31
2025-09-16 11:15:00,TEM_SAL_01,temperature,Sala_Reuniao,24.6
2025-09-16 11:30:00,TEM_SAL_01,temperature,Sala_Reuniao,24.83
2025-09-16 11:45:00,TEM_SAL_01,temperature,Sala_Reuniao,24.21
2025-09-16 12:00:00,TEM_SAL_01,temperature,Sala_Reuniao,24.06
2025-09-16 12:15:00,TEM_SAL_01,temperature,Sala_Reuniao,23.88
2025-09-16 12:30:00,TEM_SAL_01,temperature,Sala_Reuniao,24.29
2025-09-16 12:45:00,TEM_SAL_01,temperature,Sala_Reuniao,23.91
2025-09-16 13:00:00,TEM_SAL_01,temperature,Sala_Reuniao,23.87
2025-09-16 13:15:00,TEM_SAL_01,temperature,Sala_Reuniao,24.05
2025-09-16 13:30:00,TEM_SAL_01,temperature,Sala_Reuniao,23.33
2025-09-16 13:45:00,TEM_SAL_01,temperature,Sala_Reuniao,23.19
2025-09-16 14:00:00,TEM_SAL_01,temperature,Sala_Reuniao,22.99
2025-09-16 14:15:00,TEM_SAL_01,temperature,Sala_Reuniao,23.08
2025-09-16 14:30:00,TEM_SAL_01,temperature,Sala_Reuniao,23.22
2025-09-16 14:45:00,TEM_SAL_01,temperature,Sala_Reuniao,23.09
2025-09-16 15:00:00,TEM_SAL_01,temperature,Sala_Reuniao,22.68
2025-09-16 15:15:00,TEM_SAL_01,temperature,Sala_Reuniao,22.13
2025-09-16 15:30:00,TEM_SAL_01,temperature,Sala_Reuniao,22.31
2025-09-16 15:45:00,TEM_SAL_01,temperature,Sala_Reuniao,21.88
2025-09-16 16:00:00,TEM_SAL_01,temperature,Sala_Reuniao,22.21
2025-09-16 16:15:00,TEM_SAL_01,temperature,Sala_Reuniao,21.81
2025-09-16 16:30:00,TEM_SAL_01,temperature,Sala_Reuniao,21.96
2025-09-16 16:45:00,TEM_SAL_01,temperature,Sala_Reuniao,20.95
2025-09-16 17:00:00,TEM_SAL_01,temperature,Sala_Reuniao,21.53
2025-09-16 17:15:00,TEM_SAL_01,temperature,Sala_Reuniao,21.16
2025-09-16 17:30:00,TEM_SAL_01,temperature,Sala_Reuniao,20.68
2025-09-16 17:45:00,TEM_SAL_01,temperature,Sala_Reuniao,21.01
2025-09-16 18:00:00,TEM_SAL_01,temperature,Sala_Reuniao,21.08
2025-09-16 18:15:00,TEM_SAL_01,temperature,Sala_Reuniao,21.05
2025-09-16 18:30:00,TEM_SAL_01,temperature,Sala_Reuniao,20.04
2025-09-16 18:45:00,TEM_SAL_01,temperature,Sala_Reuniao,19.87
2025-09-16 19:00:00,TEM_SAL_01,temperature,Sala_Reuniao,20.65
2025-09-16 19:15:00,TEM_SAL_01,temperature,Sala_Reuniao,20.57
2025-09-16 19:30:00,TEM_SAL_01,temperature,Sala_Reuniao,20.03
2025-09-16 19:45:00,TEM_SAL_01,temperature,Sala_Reuniao,19.96
2025-09-16 20:00:00,TEM_SAL_01,temperature,Sala_Reuniao,19.92
2025-09-16 20:15:00,TEM_SAL_01,temperature,Sala_Reuniao,19.84
2025-09-16 20:30:00,TEM_SAL_01,temperature,Sala_Reuniao,20.14
2025-09-16 20:45:00,TEM_SAL_01,temperature,Sala_Reuniao,20.15
2025-09-16 21:00:00,TEM_SAL_01,temperature,Sala_Reuniao,19.17
2025-09-16 21:15:00,TEM_SAL_01,temperature,Sala_Reuniao,18.96
2025-09-16 21:30:00,TEM_SAL_01,temperature,Sala_Reuniao,19.6
2025-09-16 21:45:00,TEM_SAL_01,temperature,Sala_Reuniao,19.56
2025-09-16 22:00:00,TEM_SAL_01,temperature,Sala_Reuniao,18.89
2025-09-16 22:15:00,TEM_SAL_01,temperature,Sala_Reuniao,19.69
2025-09-16 22:30:00,TEM_SAL_01,temperature,Sala_Reuniao,19.14
2025-09-16 22:45:00,TEM_SAL_01,temperature,Sala_Reuniao,19.48
2025-09-16 23:00:00,TEM_SAL_01,temperature,Sala_Reuniao,19.77
2025-09-16 23:15:00,TEM_SAL_01,temperature,Sala_Reuniao,19.89
2025-09-16 23:30:00,TEM_SAL_01,temperature,Sala_Reuniao,19.72
2025-09-16 23:45:00,TEM_SAL_01,temperature,Sala_Reuniao,20.03
2025-09-17 00:00:00,TEM_SAL_01,temperature,Sala_Reuniao,20.38
2025-09-17 00:15:00,TEM_SAL_01,temperature,Sala_Reuniao,19.64
2025-09-17 00:30:00,TEM_SAL_01,temperature,Sala_Reuniao,20.1
2025-09-17 00:45:00,TEM_SAL_01,temperature,Sala_Reuniao,20.41
2025-09-17 01:00:00,TEM_SAL_01,temperature,Sala_Reuniao,19.97
2025-09-17 01:15:00,TEM_SAL_01,temperature,Sala_Reuniao,20.59
2025-09-17 01:30:00,TEM_SAL_01,temperature,Sala_Reuniao,20.58
2025-09-17 01:45:00,TEM_SAL_01,temperature,Sala_Reuniao,20.7
2025-09-17 02:00:00,TEM_SAL_01,temperature,Sala_Reuniao,20.77
2025-09-17 02:15:00,TEM_SAL_01,temperature,Sala_Reuniao,21.02
2025-09-17 02:30:00,TEM_SAL_01,temperature,Sala_Reuniao,21.48
2025-09-17 02:45:00,TEM_SAL_01,temperature,Sala_Reuniao,21.44
2025-09-17 03:00:00,TEM_SAL_01,temperature,Sala_Reuniao,21.5
2025-09-17 03:15:00,TEM_SAL_01,temperature,Sala_Reuniao,21.92
2025-09-17 03:30:00,TEM_SAL_01,temperature,Sala_Reuniao,21.33
2025-09-17 03:45:00,TEM_SAL_01,temperature,Sala_Reuniao,21.93
2025-09-17 04:00:00,TEM_SAL_01,temperature,Sala_Reuniao,21.69
2025-09-17 04:15:00,TEM_SAL_01,temperature,Sala_Reuniao,21.81
2025-09-17 04:30:00,TEM_SAL_01,temperature,Sala_Reuniao,22.6
2025-09-17 04:45:00,TEM_SAL_01,temperature,Sala_Reuniao,22.41
2025-09-17 05:00:00,TEM_SAL_01,temperature,Sala_Reuniao,22.83
2025-09-17 05:15:00,TEM_SAL_01,temperature,Sala_Reuniao,22.21
2025-09-17 05:30:00,TEM_SAL_01,temperature,Sala_Reuniao,22.77
2025-09-17 05:45:00,TEM_SAL_01,temperature,Sala_Reuniao,23.16
2025-09-17 06:00:00,TEM_SAL_01,temperature,Sala_Reuniao,23.58
2025-09-17 06:15:00,TEM_SAL_01,temperature,Sala_Reuniao,23.24
2025-09-17 06:30:00,TEM_SAL_01,temperature,Sala_Reuniao,23.28
2025-09-17 06:45:00,TEM_SAL_01,temperature,Sala_Reuniao,24.11
2025-09-17 07:00:00,TEM_SAL_01,temperature,Sala_Reuniao,23.23
2025-09-17 07:15:00,TEM_SAL_01,temperature,Sala_Reuniao,23.65
2025-09-17 07:30:00,TEM_SAL_01,temperature,Sala_Reuniao,23.49
2025-09-17 07:45:00,TEM_SAL_01,temperature,Sala_Reuniao,24.63
2025-09-17 08:00:00,TEM_SAL_01,temperature,Sala_Reuniao,23.75
2025-09-17 08:15:00,TEM_SAL_01,temperature,Sala_Reuniao,24.53
2025-09-17 08:30:00,TEM_SAL_01,temperature,Sala_Reuniao,24.51
2025-09-17 08:45:00,TEM_SAL_01,temperature,Sala_Reuniao,24.27
2025-09-17 09:00:00,TEM_SAL_01,temperature,Sala_Reuniao,24.36
2025-09-17 09:15:00,TEM_SAL_01,temperature,Sala_Reuniao,24.68
2025-09-17 09:30:00,TEM_SAL_01,temperature,Sala_Reuniao,24.55
2025-09-17 09:45:00,TEM_SAL_01,temperature,Sala_Reuniao,24.52
2025-09-17 10:00:00,TEM_SAL_01,temperature,Sala_Reuniao,24.32
2025-09-17 10:15:00,TEM_SAL_01,temperature,Sala_Reuniao,24.65
2025-09-17 10:30:00,TEM_SAL_01,temperature,Sala_Reuniao,24.23
2025-09-17 10:45:00,TEM_SAL_01,temperature,Sala_Reuniao,24.21
2025-09-17 11:00:00,TEM_SAL_01,temperature,Sala_Reuniao,23.84
2025-09-17 11:15:00,TEM_SAL_01,temperature,Sala_Reuniao,24.34
2025-09-17 11:30:00,TEM_SAL_01,temperature,Sala_Reuniao,24.46
2025-09-17 11:45:00,TEM_SAL_01,temperature,Sala_Reuniao,24.62
2025-09-17 12:00:00,TEM_SAL_01,temperature,Sala_Reuniao,24.67
2025-09-17 12:15:00,TEM_SAL_01,temperature,Sala_Reuniao,24.27
2025-09-17 12:30:00,TEM_SAL_01,temperature,Sala_Reuniao,24.16
2025-09-17 12:45:00,TEM_SAL_01,temperature,Sala_Reuniao,24.19
2025-09-17 13:00:00,TEM_SAL_01,temperature,Sala_Reuniao,23.79
2025-09-17 13:15:00,TEM_SAL_01,temperature,Sala_Reuniao,23.92
2025-09-17 13:30:00,TEM_SAL_01,temperature,Sala_Reuniao,23.05
2025-09-17 13:45:00,TEM_SAL_01,temperature,Sala_Reuniao,23.3
2025-09-17 14:00:00,TEM_SAL_01,temperature,Sala_Reuniao,23.49
2025-09-17 14:15:00,TEM_SAL_01,temperature,Sala_Reuniao,23.01
2025-09-17 14:30:00,TEM_SAL_01,temperature,Sala_Reuniao,23.0
2025-09-17 14:45:00,TEM_SAL_01,temperature,Sala_Reuniao,22.79
2025-09-17 15:00:00,TEM_SAL_01,temperature,Sala_Reuniao,22.12
2025-09-17 15:15:00,TEM_SAL_01,temperature,Sala_Reuniao,22.42
2025-09-17 15:30:00,TEM_SAL_01,temperature,Sala_Reuniao,22.67
2025-09-17 15:45:00,TEM_SAL_01,temperature,Sala_Reuniao,21.78
2025-09-17 16:00:00,TEM_SAL_01,temperature,Sala_Reuniao,22.63
2025-09-17 16:15:00,TEM_SAL_01,temperature,Sala_Reuniao,21.56
2025-09-17 16:30:00,TEM_SAL_01,temperature,Sala_Reuniao,21.37
2025-09-17 16:45:00,TEM_SAL_01,temperature,Sala_Reuniao,21.75
2025-09-17 17:00:00,TEM_SAL_01,temperature,Sala_Reuniao,21.34
2025-09-17 17:15:00,TEM_SAL_01,temperature,Sala_Reuniao,20.94
2025-09-17 17:30:00,TEM_SAL_01,temperature,Sala_Reuniao,20.96
2025-09-17 17:45:00,TEM_SAL_01,temperature,Sala_Reuniao,21.02
2025-09-17 18:00:00,TEM_SAL_01,temperature,Sala_Reuniao,20.88
2025-09-17 18:15:00,TEM_SAL_01,temperature,Sala_Reuniao,21.39
2025-09-17 18:30:00,TEM_SAL_01,temperature,Sala_Reuniao,20.5
2025-09-17 18:45:00,TEM_SAL_01,temperature,Sala_Reuniao,19.95
2025-09-17 19:00:00,TEM_SAL_01,temperature,Sala_Reuniao,19.9
2025-09-17 19:15:00,TEM_SAL_01,temperature,Sala_Reuniao,20.12
2025-09-17 19:30:00,TEM_SAL_01,temperature,Sala_Reuniao,20.02
2025-09-17 19:45:00,TEM_SAL_01,temperature,Sala_Reuniao,19.72
2025-09-17 20:00:00,TEM_SAL_01,temperature,Sala_Reuniao,19.51
2025-09-17 20:15:00,TEM_SAL_01,temperature,Sala_Reuniao,20.53
2025-09-17 20:30:00,TEM_SAL_01,temperature,Sala_Reuniao,19.57
2025-09-17 20:45:00,TEM_SAL_01,temperature,Sala_Reuniao,19.45
2025-09-17 21:00:00,TEM_SAL_01,temperature,Sala_Reuniao,19.19
2025-09-17 21:15:00,TEM_SAL_01,temperature,Sala_Reuniao,19.87
2025-09-17 21:30:00,TEM_SAL_01,temperature,Sala_Reuniao,19.18
2025-09-17 21:45:00,TEM_SAL_01,temperature,Sala_Reuniao,19.53
2025-09-17 22:00:00,TEM_SAL_01,temperature,Sala_Reuniao,19.77
2025-09-17 22:15:00,TEM_SAL_01,temperature,Sala_Reuniao,19.29
2025-09-17 22:30:00,TEM_SAL_01,temperature,Sala_Reuniao,19.27
2025-09-17 22:45:00,TEM_SAL_01,temperature,Sala_Reuniao,19.18
2025-09-17 23:00:00,TEM_SAL_01,temperature,Sala_Reuniao,19.65
2025-09-17 23:15:00,TEM_SAL_01,temperature,Sala_Reuniao,19.69
2025-09-17 23:30:00,TEM_SAL_01,temperature,Sala_Reuniao,19.86
2025-09-17 23:45:00,TEM_SAL_01,temperature,Sala_Reuniao,19.64
2025-09-18 00:00:00,TEM_SAL_01,temperature,Sala_Reuniao,19.93
2025-09-18 00:15:00,TEM_SAL_01,temperature,Sala_Reuniao,19.66
2025-09-18 00:30:00,TEM_SAL_01,temperature,Sala_Reuniao,19.94
2025-09-18 00:45:00,TEM_SAL_01,temperature,Sala_Reuniao,19.88
2025-09-18 01:00:00,TEM_SAL_01,temperature,Sala_Reuniao,19.88
2025-09-18 01:15:00,TEM_SAL_01,temperature,Sala_Reuniao,20.11
2025-09-18 01:30:00,TEM_SAL_01,temperature,Sala_Reuniao,20.61
2025-09-18 01:45:00,TEM_SAL_01,temperature,Sala_Reuniao,21.31
2025-09-18 02:00:00,TEM_SAL_01,temperature,Sala_Reuniao,21.22
2025-09-18 02:15:00,TEM_SAL_01,temperature,Sala_Reuniao,21.1
2025-09-18 02:30:00,TEM_SAL_01,temperature,Sala_Reuniao,21.31
2025-09-18 02:45:00,TEM_SAL_01,temperature,Sala_Reuniao,21.37
2025-09-18 03:00:00,TEM_SAL_01,temperature,Sala_Reuniao,21.68
2025-09-18 03:15:00,TEM_SAL_01,temperature,Sala_Reuniao,21.71
2025-09-18 03:30:00,TEM_SAL_01,temperature,Sala_Reuniao,21.94
2025-09-18 03:45:00,TEM_SAL_01,temperature,Sala_Reuniao,22.39
2025-09-18 04:00:00,TEM_SAL_01,temperature,Sala_Reuniao,22.27
2025-09-18 04:15:00,TEM_SAL_01,temperature,Sala_Reuniao,21.85
2025-09-18 04:30:00,TEM_SAL_01,temperature,Sala_Reuniao,22.36
2025-09-18 04:45:00,TEM_SAL_01,temperature,Sala_Reuniao,22.58
2025-09-18 05:00:00,TEM_SAL_01,temperature,Sala_Reuniao,23.13
2025-09-18 05:15:00,TEM_SAL_01,temperature,Sala_Reuniao,22.2
2025-09-18 05:30:00,TEM_SAL_01,temperature,Sala_Reuniao,22.57
2025-09-18 05:45:00,TEM_SAL_01,temperature,Sala_Reuniao,22.84
2025-09-18 06:00:00,TEM_SAL_01,temperature,Sala_Reuniao,23.26
2025-09-18 06:15:00,TEM_SAL_01,temperature,Sala_Reuniao,23.21
2025-09-18 06:30:00,TEM_SAL_01,temperature,Sala_Reuniao,23.71
2025-09-18 06:45:00,TEM_SAL_01,temperature,Sala_Reuniao,23.65
2025-09-18 07:00:00,TEM_SAL_01,temperature,Sala_Reuniao,23.46
2025-09-18 07:15:00,TEM_SAL_01,temperature,Sala_Reuniao,23.65
2025-09-18 07:30:00,TEM_SAL_01,temperature,Sala_Reuniao,24.09
2025-09-18 07:45:00,TEM_SAL_01,temperature,Sala_Reuniao,24.32
2025-09-18 08:00:00,TEM_SAL_01,temperature,Sala_Reuniao,24.41
2025-09-18 08:15:00,TEM_SAL_01,temperature,Sala_Reuniao,24.37
2025-09-18 08:30:00,TEM_SAL_01,temperature,Sala_Reuniao,24.37
2025-09-18 08:45:00,TEM_SAL_01,temperature,Sala_Reuniao,23.85
2025-09-18 09:00:00,TEM_SAL_01,temperature,Sala_Reuniao,23.84
2025-09-18 09:15:00,TEM_SAL_01,temperature,Sala_Reuniao,24.43
2025-09-18 09:30:00,TEM_SAL_01,temperature,Sala_Reuniao,24.12
2025-09-18 09:45:00,TEM_SAL_01,temperature,Sala_Reuniao,24.92
2025-09-18 10:00:00,TEM_SAL_01,temperature,Sala_Reuniao,24.55
2025-09-18 10:15:00,TEM_SAL_01,temperature,Sala_Reuniao,24.71
2025-09-18 10:30:00,TEM_SAL_01,temperature,Sala_Reuniao,24.17
2025-09-18 10:45:00,TEM_SAL_01,temperature,Sala_Reuniao,24.2
2025-09-18 11:00:00,TEM_SAL_01,temperature,Sala_Reuniao,24.17
2025-09-18 11:15:00,TEM_SAL_01,temperature,Sala_Reuniao,24.19
2025-09-18 11:30:00,TEM_SAL_01,temperature,Sala_Reuniao,24.96
2025-09-18 11:45:00,TEM_SAL_01,temperature,Sala_Reuniao,24.03
2025-09-18 12:00:00,TEM_SAL_01,temperature,Sala_Reuniao,24.54
2025-09-18 12:15:00,TEM_SAL_01,temperature,Sala_Reuniao,23.92
2025-09-18 12:30:00,TEM_SAL_01,temperature,Sala_Reuniao,24.34
2025-09-18 12:45:00,TEM_SAL_01,temperature,Sala_Reuniao,23.83
2025-09-18 13:00:00,TEM_SAL_01,temperature,Sala_Reuniao,23.6
2025-09-18 13:15:00,TEM_SAL_01,temperature,Sala_Reuniao,24.01
2025-09-18 13:30:00,TEM_SAL_01,temperature,Sala_Reuniao,24.3
2025-09-18 13:45:00,TEM_SAL_01,temperature,Sala_Reuniao,23.54
2025-09-18 14:00:00,TEM_SAL_01,temperature,Sala_Reuniao,23.38
2025-09-18 14:15:00,TEM_SAL_01,temperature,Sala_Reuniao,22.86
2025-09-18 14:30:00,TEM_SAL_01,temperature,Sala_Reuniao,22.7
2025-09-18 14:45:00,TEM_SAL_01,temperature,Sala_Reuniao,22.97
2025-09-18 15:00:00,TEM_SAL_01,temperature,Sala_Reuniao,22.24
2025-09-18 15:15:00,TEM_SAL_01,temperature,Sala_Reuniao,22.28
2025-09-18 15:30:00,TEM_SAL_01,temperature,Sala_Reuniao,21.59
2025-09-18 15:45:00,TEM_SAL_01,temperature,Sala_Reuniao,21.73
2025-09-18 16:00:00,TEM_SAL_01,temperature,Sala_Reuniao,21.85
2025-09-18 16:15:00,TEM_SAL_01,temperature,Sala_Reuniao,21.99
2025-09-18 16:30:00,TEM_SAL_01,temperature,Sala_Reuniao,21.68
2025-09-18 16:45:00,TEM_SAL_01,temperature,Sala_Reuniao,21.44
2025-09-18 17:00:00,TEM_SAL_01,temperature,Sala_Reuniao,21.84
2025-09-18 17:15:00,TEM_SAL_01,temperature,Sala_Reuniao,21.15
2025-09-18 17:30:00,TEM_SAL_01,temperature,Sala_Reuniao,21.42
2025-09-18 17:45:00,TEM_SAL_01,temperature,Sala_Reuniao,21.04
2025-09-18 18:00:00,TEM_SAL_01,temperature,Sala_Reuniao,20.44
2025-09-18 18:15:00,TEM_SAL_01,temperature,Sala_Reuniao,20.5
2025-09-18 18:30:00,TEM_SAL_01,temperature,Sala_Reuniao,20.58
2025-09-18 18:45:00,TEM_SAL_01,temperature,Sala_Reuniao,19.87
2025-09-18 19:00:00,TEM_SAL_01,temperature,Sala_Reuniao,20.12
2025-09-18 19:15:00,TEM_SAL_01,temperature,Sala_Reuniao,20.13
2025-09-18 19:30:00,TEM_SAL_01,temperature,Sala_Reuniao,20.37
2025-09-18 19:45:00,TEM_SAL_01,temperature,Sala_Reuniao,19.51
2025-09-18 20:00:00,TEM_SAL_01,temperature,Sala_Reuniao,20.12
2025-09-18 20:15:00,TEM_SAL_01,temperature,Sala_Reuniao,19.43
2025-09-18 20:30:00,TEM_SAL_01,temperature,Sala_Reuniao,19.64
2025-09-18 20:45:00,TEM_SAL_01,temperature,Sala_Reuniao,19.54
2025-09-18 21:00:00,TEM_SAL_01,temperature,Sala_Reuniao,19.28
2025-09-18 21:15:00,TEM_SAL_01,temperature,Sala_Reuniao,19.55
2025-09-18 21:30:00,TEM_SAL_01,temperature,Sala_Reuniao,19.52
2025-09-18 21:45:00,TEM_SAL_01,temperature,Sala_Reuniao,19.2
2025-09-18 22:00:00,TEM_SAL_01,temperature,Sala_Reuniao,19.21
2025-09-18 22:15:00,TEM_SAL_01,temperature,Sala_Reuniao,19.75
2025-09-18 22:30:00,TEM_SAL_01,temperature,Sala_Reuniao,19.33
2025-09-18 22:45:00,TEM_SAL_01,temperature,Sala_Reuniao,19.54
2025-09-18 23:00:00,TEM_SAL_01,temperature,Sala_Reuniao,19.53
2025-09-18 23:15:00,TEM_SAL_01,temperature,Sala_Reuniao,19.45
2025-09-18 23:30:00,TEM_SAL_01,temperature,Sala_Reuniao,19.56
2025-09-18 23:45:00,TEM_SAL_01,temperature,Sala_Reuniao,19.95
2025-09-19 00:00:00,TEM_SAL_01,temperature,Sala_Reuniao,20.33
2025-09-19 00:15:00,TEM_SAL_01,temperature,Sala_Reuniao,19.78
2025-09-19 00:30:00,TEM_SAL_01,temperature,Sala_Reuniao,20.59
2025-09-19 00:45:00,TEM_SAL_01,temperature,Sala_Reuniao,20.44
2025-09-19 01:00:00,TEM_SAL_01,temperature,Sala_Reuniao,20.87
2025-09-19 01:15:00,TEM_SAL_01,temperature,Sala_Reuniao,20.06
2025-09-19 01:30:00,TEM_SAL_01,temperature,Sala_Reuniao,20.31
2025-09-19 01:45:00,TEM_SAL_01,temperature,Sala_Reuniao,20.59
2025-09-19 02:00:00,TEM_SAL_01,temperature,Sala_Reuniao,20.37
2025-09-19 02:15:00,TEM_SAL_01,temperature,Sala_Reuniao,21.47
2025-09-19 02:30:00,TEM_SAL_01,temperature,Sala_Reuniao,21.15
2025-09-19 02:45:00,TEM_SAL_01,temperature,Sala_Reuniao,21.12
2025-09-19 03:00:00,TEM_SAL_01,temperature,Sala_Reuniao,21.87
2025-09-19 03:15:00,TEM_SAL_01,temperature,Sala_Reuniao,20.74
2025-09-19 03:30:00,TEM_SAL_01,temperature,Sala_Reuniao,21.31
2025-09-19 03:45:00,TEM_SAL_01,temperature,Sala_Reuniao,21.43
2025-09-19 04:00:00,TEM_SAL_01,temperature,Sala_Reuniao,21.71
2025-09-19 04:15:00,TEM_SAL_01,temperature,Sala_Reuniao,22.91
2025-09-19 04:30:00,TEM_SAL_01,temperature,Sala_Reuniao,22.26
2025-09-19 04:45:00,TEM_SAL_01,temperature,Sala_Reuniao,21.94
2025-09-19 05:00:00,TEM_SAL_01,temperature,Sala_Reuniao,22.4
2025-09-19 05:15:00,TEM_SAL_01,temperature,Sala_Reuniao,22.42
2025-09-19 05:30:00,TEM_SAL_01,temperature,Sala_Reuniao,22.55
2025-09-19 05:45:00,TEM_SAL_01,temperature,Sala_Reuniao,22.96
2025-09-19 06:00:00,TEM_SAL_01,temperature,Sala_Reuniao,22.63
2025-09-19 06:15:00,TEM_SAL_01,temperature,Sala_Reuniao,23.88
2025-09-19 06:30:00,TEM_SAL_01,temperature,Sala_Reuniao,23.52
2025-09-19 06:45:00,TEM_SAL_01,temperature,Sala_Reuniao,23.62
2025-09-19 07:00:00,TEM_SAL_01,temperature,Sala_Reuniao,23.77
2025-09-19 07:15:00,TEM_SAL_01,temperature,Sala_Reuniao,24.13
2025-09-19 07:30:00,TEM_SAL_01,temperature,Sala_Reuniao,23.91
2025-09-19 07:45:00,TEM_SAL_01,temperature,Sala_Reuniao,24.33
2025-09-19 08:00:00,TEM_SAL_01,temperature,Sala_Reuniao,23.77
2025-09-19 08:15:00,TEM_SAL_01,temperature,Sala_Reuniao,24.36
2025-09-19 08:30:00,TEM_SAL_01,temperature,Sala_Reuniao,24.14
2025-09-19 08:45:00,TEM_SAL_01,temperature,Sala_Reuniao,24.34
2025-09-19 09:00:00,TEM_SAL_01,temperature,Sala_Reuniao,24.65
2025-09-19 09:15:00,TEM_SAL_01,temperature,Sala_Reuniao,24.64
2025-09-19 09:30:00,TEM_SAL_01,temperature,Sala_Reuniao,24.46
2025-09-19 09:45:00,TEM_SAL_01,temperature,Sala_Reuniao,24.57
2025-09-19 10:00:00,TEM_SAL_01,temperature,Sala_Reuniao,24.02
2025-09-19 10:15:00,TEM_SAL_01,temperature,Sala_Reuniao,24.48
2025-09-19 10:30:00,TEM_SAL_01,temperature,Sala_Reuniao,24.11
2025-09-19 10:45:00,TEM_SAL_01,temperature,Sala_Reuniao,25.57
2025-09-19 11:00:00,TEM_SAL_01,temperature,Sala_Reuniao,24.36
2025-09-19 11:15:00,TEM_SAL_01,temperature,Sala_Reuniao,24.64
2025-09-19 11:30:00,TEM_SAL_01,temperature,Sala_Reuniao,24.19
2025-09-19 11:45:00,TEM_SAL_01,temperature,Sala_Reuniao,24.33
2025-09-19 12:00:00,TEM_SAL_01,temperature,Sala_Reuniao,24.21
2025-09-19 12:15:00,TEM_SAL_01,temperature,Sala_Reuniao,23.4
2025-09-19 12:30:00,TEM_SAL_01,temperature,Sala_Reuniao,23.76
2025-09-19 12:45:00,TEM_SAL_01,temperature,Sala_Reuniao,24.24
2025-09-19 13:00:00,TEM_SAL_01,temperature,Sala_Reuniao,23.42
2025-09-19 13:15:00,TEM_SAL_01,temperature,Sala_Reuniao,23.84
2025-09-19 13:30:00,TEM_SAL_01,temperature,Sala_Reuniao,23.76
2025-09-19 13:45:00,TEM_SAL_01,temperature,Sala_Reuniao,22.84
2025-09-19 14:00:00,TEM_SAL_01,temperature,Sala_Reuniao,23.77
2025-09-19 14:15:00,TEM_SAL_01,temperature,Sala_Reuniao,22.7
2025-09-19 14:30:00,TEM_SAL_01,temperature,Sala_Reuniao,22.98
2025-09-19 14:45:00,TEM_SAL_01,temperature,Sala_Reuniao,22.49
2025-09-19 15:00:00,TEM_SAL_01,temperature,Sala_Reuniao,22.75
2025-09-19 15:15:00,TEM_SAL_01,temperature,Sala_Reuniao,22.28
2025-09-19 15:30:00,TEM_SAL_01,temperature,Sala_Reuniao,21.6
2025-09-19 15:45:00,TEM_SAL_01,temperature,Sala_Reuniao,22.71
2025-09-19 16:00:00,TEM_SAL_01,temperature,Sala_Reuniao,21.7
2025-09-19 16:15:00,TEM_SAL_01,temperature,Sala_Reuniao,21.52
2025-09-19 16:30:00,TEM_SAL_01,temperature,Sala_Reuniao,21.65
2025-09-19 16:45:00,TEM_SAL_01,temperature,Sala_Reuniao,21.62
2025-09-19 17:00:00,TEM_SAL_01,temperature,Sala_Reuniao,21.29
2025-09-19 17:15:00,TEM_SAL_01,temperature,Sala_Reuniao,21.73
2025-09-19 17:30:00,TEM_SAL_01,temperature,Sala_Reuniao,21.06
2025-09-19 17:45:00,TEM_SAL_01,temperature,Sala_Reuniao,21.04
2025-09-19 18:00:00,TEM_SAL_01,temperature,Sala_Reuniao,20.22
2025-09-19 18:15:00,TEM_SAL_01,temperature,Sala_Reuniao,20.21
2025-09-19 18:30:00,TEM_SAL_01,temperature,Sala_Reuniao,20.71
2025-09-19 18:45:00,TEM_SAL_01,temperature,Sala_Reuniao,19.84
2025-09-19 19:00:00,TEM_SAL_01,temperature,Sala_Reuniao,20.16
2025-09-19 19:15:00,TEM_SAL_01,temperature,Sala_Reuniao,20.31
2025-09-19 19:30:00,TEM_SAL_01,temperature,Sala_Reuniao,20.08
2025-09-19 19:45:00,TEM_SAL_01,temperature,Sala_Reuniao,19.92
2025-09-19 20:00:00,TEM_SAL_01,temperature,Sala_Reuniao,19.45
2025-09-19 20:15:00,TEM_SAL_01,temperature,Sala_Reuniao,19.83
2025-09-19 20:30:00,TEM_SAL_01,temperature,Sala_Reuniao,20.17
2025-09-19 20:45:00,TEM_SAL_01,temperature,Sala_Reuniao,19.63
2025-09-19 21:00:00,TEM_SAL_01,temperature,Sala_Reuniao,20.0
2025-09-19 21:15:00,TEM_SAL_01,temperature,Sala_Reuniao,19.31
2025-09-19 21:30:00,TEM_SAL_01,temperature,Sala_Reuniao,19.28
2025-09-19 21:45:00,TEM_SAL_01,temperature,Sala_Reuniao,19.69
2025-09-19 22:00:00,TEM_SAL_01,temperature,Sala_Reuniao,19.68
2025-09-19 22:15:00,TEM_SAL_01,temperature,Sala_Reuniao,19.09
2025-09-19 22:30:00,TEM_SAL_01,temperature,Sala_Reuniao,19.34
2025-09-19 22:45:00,TEM_SAL_01,temperature,Sala_Reuniao,19.68
2025-09-19 23:00:00,TEM_SAL_01,temperature,Sala_Reuniao,19.45
2025-09-19 23:15:00,TEM_SAL_01,temperature,Sala_Reuniao,19.48
2025-09-19 23:30:00,TEM_SAL_01,temperature,Sala_Reuniao,19.97
2025-09-19 23:45:00,TEM_SAL_01,temperature,Sala_Reuniao,19.72
2025-09-20 00:00:00,TEM_SAL_01,temperature,Sala_Reuniao,20.18
2025-09-20 00:15:00,TEM_SAL_01,temperature,Sala_Reuniao,19.89
2025-09-20 00:30:00,TEM_SAL_01,temperature,Sala_Reuniao,19.99
2025-09-20 00:45:00,TEM_SAL_01,temperature,Sala_Reuniao,19.54
2025-09-20 01:00:00,TEM_SAL_01,temperature,Sala_Reuniao,20.12
2025-09-20 01:15:00,TEM_SAL_01,temperature,Sala_Reuniao,19.95
2025-09-20 01:30:00,TEM_SAL_01,temperature,Sala_Reuniao,20.56
2025-09-20 01:45:00,TEM_SAL_01,temperature,Sala_Reuniao,20.96
2025-09-20 02:00:00,TEM_SAL_01,temperature,Sala_Reuniao,20.83
2025-09-20 02:15:00,TEM_SAL_01,temperature,Sala_Reuniao,20.65
2025-09-20 02:30:00,TEM_SAL_01,temperature,Sala_Reuniao,20.56
2025-09-20 02:45:00,TEM_SAL_01,temperature,Sala_Reuniao,21.44
2025-09-20 03:00:00,TEM_SAL_01,temperature,Sala_Reuniao,21.06
2025-09-20 03:15:00,TEM_SAL_01,temperature,Sala_Reuniao,21.96
2025-09-20 03:30:00,TEM_SAL_01,temperature,Sala_Reuniao,21.89
2025-09-20 03:45:00,TEM_SAL_01,temperature,Sala_Reuniao,22.08
2025-09-20 04:00:00,TEM_SAL_01,temperature,Sala_Reuniao,21.93
2025-09-20 04:15:00,TEM_SAL_01,temperature,Sala_Reuniao,22.34
2025-09-20 04:30:00,TEM_SAL_01,temperature,Sala_Reuniao,21.89
2025-09-20 04:45:00,TEM_SAL_01,temperature,Sala_Reuniao,22.66
2025-09-20 05:00:00,TEM_SAL_01,temperature,Sala_Reuniao,23.31
2025-09-20 05:15:00,TEM_SAL_01,temperature,Sala_Reuniao,22.65
2025-09-20 05:30:00,TEM_SAL_01,temperature,Sala_Reuniao,22.82
2025-09-20 05:45:00,TEM_SAL_01,temperature,Sala_Reuniao,22.57
2025-09-20 06:00:00,TEM_SAL_01,temperature,Sala_Reuniao,23.25
2025-09-20 06:15:00,TEM_SAL_01,temperature,Sala_Reuniao,23.16
2025-09-20 06:30:00,TEM_SAL_01,temperature,Sala_Reuniao,23.3
2025-09-20 06:45:00,TEM_SAL_01,temperature,Sala_Reuniao,23.58
2025-09-20 07:00:00,TEM_SAL_01,temperature,Sala_Reuniao,24.41
2025-09-20 07:15:00,TEM_SAL_01,temperature,Sala_Reuniao,24.54
2025-09-20 07:30:00,TEM_SAL_01,temperature,Sala_Reuniao,23.67
2025-09-20 07:45:00,TEM_SAL_01,temperature,Sala_Reuniao,23.86
2025-09-20 08:00:00,TEM_SAL_01,temperature,Sala_Reuniao,24.0
2025-09-20 08:15:00,TEM_SAL_01,temperature,Sala_Reuniao,24.47
2025-09-20 08:30:00,TEM_SAL_01,temperature,Sala_Reuniao,24.82
2025-09-20 08:45:00,TEM_SAL_01,temperature,Sala_Reuniao,24.44
2025-09-20 09:00:00,TEM_SAL_01,temperature,Sala_Reuniao,24.07
2025-09-20 09:15:00,TEM_SAL_01,temperature,Sala_Reuniao,24.63
2025-09-20 09:30:00,TEM_SAL_01,temperature,Sala_Reuniao,24.3
2025-09-20 09:45:00,TEM_SAL_01,temperature,Sala_Reuniao,24.36
2025-09-20 10:00:00,TEM_SAL_01,temperature,Sala_Reuniao,24.26
2025-09-20 10:15:00,TEM_SAL_01,temperature,Sala_Reuniao,24.89
2025-09-20 10:30:00,TEM_SAL_01,temperature,Sala_Reuniao,24.1
2025-09-20 10:45:00,TEM_SAL_01,temperature,Sala_Reuniao,24.76
2025-09-20 11:00:00,TEM_SAL_01,temperature,Sala_Reuniao,24.29
2025-09-20 11:15:00,TEM_SAL_01,temperature,Sala_Reuniao,24.98
2025-09-20 11:30:00,TEM_SAL_01,temperature,Sala_Reuniao,24.14
2025-09-20 11:45:00,TEM_SAL_01,temperature,Sala_Reuniao,24.07
2025-09-20 12:00:00,TEM_SAL_01,temperature,Sala_Reuniao,24.18
2025-09-20 12:15:00,TEM_SAL_01,temperature,Sala_Reuniao,24.19
2025-09-20 12:30:00,TEM_SAL_01,temperature,Sala_Reuniao,24.17
2025-09-20 12:45:00,TEM_SAL_01,temperature,Sala_Reuniao,24.23
2025-09-20 13:00:00,TEM_SAL_01,temperature,Sala_Reuniao,23.79
2025-09-20 13:15:00,TEM_SAL_01,temperature,Sala_Reuniao,23.46
2025-09-20 13:30:00,TEM_SAL_01,temperature,Sala_Reuniao,23.68
2025-09-20 13:45:00,TEM_SAL_01,temperature,Sala_Reuniao,23.32
2025-09-20 14:00:00,TEM_SAL_01,temperature,Sala_Reuniao,22.97
2025-09-20 14:15:00,TEM_SAL_01,temperature,Sala_Reuniao,23.03
2025-09-20 14:30:00,TEM_SAL_01,temperature,Sala_Reuniao,23.0
2025-09-20 14:45:00,TEM_SAL_01,temperature,Sala_Reuniao,22.56
2025-09-20 15:00:00,TEM_SAL_01,temperature,Sala_Reuniao,22.37
2025-09-20 15:15:00,TEM_SAL_01,temperature,Sala_Reuniao,22.16
2025-09-20 15:30:00,TEM_SAL_01,temperature,Sala_Reuniao,22.51
2025-09-20 15:45:00,TEM_SAL_01,temperature,Sala_Reuniao,22.19
2025-09-20 16:00:00,TEM_SAL_01,temperature,Sala_Reuniao,22.11
2025-09-20 16:15:00,TEM_SAL_01,temperature,Sala_Reuniao,21.88
2025-09-20 16:30:00,TEM_SAL_01,temperature,Sala_Reuniao,21.89
2025-09-20 16:45:00,TEM_SAL_01,temperature,Sala_Reuniao,21.3
2025-09-20 17:00:00,TEM_SAL_01,temperature,Sala_Reuniao,21.45
2025-09-20 17:15:00,TEM_SAL_01,temperature,Sala_Reuniao,20.86
2025-09-20 17:30:00,TEM_SAL_01,temperature,Sala_Reuniao,21.85
2025-09-20 17:45:00,TEM_SAL_01,temperature,Sala_Reuniao,21.01
2025-09-20 18:00:00,TEM_SAL_01,temperature,Sala_Reuniao,20.62
2025-09-20 18:15:00,TEM_SAL_01,temperature,Sala_Reuniao,20.36
2025-09-20 18:30:00,TEM_SAL_01,temperature,Sala_Reuniao,20.39
2025-09-20 18:45:00,TEM_SAL_01,temperature,Sala_Reuniao,20.63
2025-09-20 19:00:00,TEM_SAL_01,temperature,Sala_Reuniao,20.61
2025-09-20 19:15:00,TEM_SAL_01,temperature,Sala_Reuniao,20.08
2025-09-20 19:30:00,TEM_SAL_01,temperature,Sala_Reuniao,20.4
2025-09-20 19:45:00,TEM_SAL_01,temperature,Sala_Reuniao,20.03
2025-09-20 20:00:00,TEM_SAL_01,temperature,Sala_Reuniao,19.68
2025-09-20 20:15:00,TEM_SAL_01,temperature,Sala_Reuniao,19.67
2025-09-20 20:30:00,TEM_SAL_01,temperature,Sala_Reuniao,19.34
2025-09-20 20:45:00,TEM_SAL_01,temperature,Sala_Reuniao,20.14
2025-09-20 21:00:00,TEM_SAL_01,temperature,Sala_Reuniao,19.4
2025-09-20 21:15:00,TEM_SAL_01,temperature,Sala_Reuniao,19.53
2025-09-20 21:30:00,TEM_SAL_01,temperature,Sala_Reuniao,19.87
2025-09-20 21:45:00,TEM_SAL_01,temperature,Sala_Reuniao,19.68
2025-09-20 22:00:00,TEM_SAL_01,temperature,Sala_Reuniao,19.96
2025-09-20 22:15:00,TEM_SAL_01,temperature,Sala_Reuniao,19.58
2025-09-20 22:30:00,TEM_SAL_01,temperature,Sala_Reuniao,19.25
2025-09-20 22:45:00,TEM_SAL_01,temperature,Sala_Reuniao,19.78
2025-09-20 23:00:00,TEM_SAL_01,temperature,Sala_Reuniao,19.73
2025-09-20 23:15:00,TEM_SAL_01,temperature,Sala_Reuniao,19.49
2025-09-20 23:30:00,TEM_SAL_01,temperature,Sala_Reuniao,19.62
2025-09-20 23:45:00,TEM_SAL_01,temperature,Sala_Reuniao,19.66
2025-09-21 00:00:00,TEM_SAL_01,temperature,Sala_Reuniao,19.39
2025-09-21 00:15:00,TEM_SAL_01,temperature,Sala_Reuniao,19.99
2025-09-21 00:30:00,TEM_SAL_01,temperature,Sala_Reuniao,19.62
2025-09-21 00:45:00,TEM_SAL_01,temperature,Sala_Reuniao,20.36
2025-09-21 01:00:00,TEM_SAL_01,temperature,Sala_Reuniao,19.68
2025-09-21 01:15:00,TEM_SAL_01,temperature,Sala_Reuniao,20.13
2025-09-21 01:30:00,TEM_SAL_01,temperature,Sala_Reuniao,20.57
2025-09-21 01:45:00,TEM_SAL_01,temperature,Sala_Reuniao,20.59
2025-09-21 02:00:00,TEM_SAL_01,temperature,Sala_Reuniao,19.9
2025-09-21 02:15:00,TEM_SAL_01,temperature,Sala_Reuniao,21.09
2025-09-21 02:30:00,TEM_SAL_01,temperature,Sala_Reuniao,21.01
2025-09-21 02:45:00,TEM_SAL_01,temperature,Sala_Reuniao,21.55
2025-09-21 03:00:00,TEM_SAL_01,temperature,Sala_Reuniao,21.43
2025-09-21 03:15:00,TEM_SAL_01,temperature,Sala_Reuniao,21.71
2025-09-21 03:30:00,TEM_SAL_01,temperature,Sala_Reuniao,21.82
2025-09-21 03:45:00,TEM_SAL_01,temperature,Sala_Reuniao,22.16
2025-09-21 04:00:00,TEM_SAL_01,temperature,Sala_Reuniao,21.95
2025-09-21 04:15:00,TEM_SAL_01,temperature,Sala_Reuniao,22.23
2025-09-21 04:30:00,TEM_SAL_01,temperature,Sala_Reuniao,22.48
2025-09-21 04:45:00,TEM_SAL_01,temperature,Sala_Reuniao,23.01
2025-09-21 05:00:00,TEM_SAL_01,temperature,Sala_Reuniao,22.73
2025-09-21 05:15:00,TEM_SAL_01,temperature,Sala_Reuniao,22.38
2025-09-21 05:30:00,TEM_SAL_01,temperature,Sala_Reuniao,22.52
2025-09-21 05:45:00,TEM_SAL_01,temperature,Sala_Reuniao,22.87
2025-09-21 06:00:00,TEM_SAL_01,temperature,Sala_Reuniao,22.87
2025-09-21 06:15:00,TEM_SAL_01,temperature,Sala_Reuniao,23.51
2025-09-21 06:30:00,TEM_SAL_01,temperature,Sala_Reuniao,23.33
2025-09-21 06:45:00,TEM_SAL_01,temperature,Sala_Reuniao,24.38
2025-09-21 07:00:00,TEM_SAL_01,temperature,Sala_Reuniao,23.79
2025-09-21 07:15:00,TEM_SAL_01,temperature,Sala_Reuniao,24.54
2025-09-21 07:30:00,TEM_SAL_01,temperature,Sala_Reuniao,23.75
2025-09-21 07:45:00,TEM_SAL_01,temperature,Sala_Reuniao,23.85
2025-09-21 08:00:00,TEM_SAL_01,temperature,Sala_Reuniao,24.13
2025-09-21 08:15:00,TEM_SAL_01,temperature,Sala_Reuniao,24.19
2025-09-21 08:30:00,TEM_SAL_01,temperature,Sala_Reuniao,24.1
2025-09-21 08:45:00,TEM_SAL_01,temperature,Sala_Reuniao,24.47
2025-09-21 09:00:00,TEM_SAL_01,temperature,Sala_Reuniao,24.23
2025-09-21 09:15:00,TEM_SAL_01,temperature,Sala_Reuniao,24.09
2025-09-21 09:30:00,TEM_SAL_01,temperature,Sala_Reuniao,24.14
2025-09-21 09:45:00,TEM_SAL_01,temperature,Sala_Reuniao,24.51
2025-09-21 10:00:00,TEM_SAL_01,temperature,Sala_Reuniao,24.44
2025-09-21 10:15:00,TEM_SAL_01,temperature,Sala_Reuniao,24.58
2025-09-21 10:30:00,TEM_SAL_01,temperature,Sala_Reuniao,23.99
2025-09-21 10:45:00,TEM_SAL_01,temperature,Sala_Reuniao,24.83
2025-09-21 11:00:00,TEM_SAL_01,temperature,Sala_Reuniao,24.36
2025-09-21 11:15:00,TEM_SAL_01,temperature,Sala_Reuniao,24.23
2025-09-21 11:30:00,TEM_SAL_01,temperature,Sala_Reuniao,24.47
2025-09-21 11:45:00,TEM_SAL_01,temperature,Sala_Reuniao,24.67
2025-09-21 12:00:00,TEM_SAL_01,temperature,Sala_Reuniao,24.04
2025-09-21 12:15:00,TEM_SAL_01,temperature,Sala_Reuniao,24.24
2025-09-21 12:30:00,TEM_SAL_01,temperature,Sala_Reuniao,24.1
2025-09-21 12:45:00,TEM_SAL_01,temperature,Sala_Reuniao,23.89
2025-09-21 13:00:00,TEM_SAL_01,temperature,Sala_Reuniao,23.99
2025-09-21 13:15:00,TEM_SAL_01,temperature,Sala_Reuniao,23.55
2025-09-21 13:30:00,TEM_SAL_01,temperature,Sala_Reuniao,23.61
2025-09-21 13:45:00,TEM_SAL_01,temperature,Sala_Reuniao,23.41
2025-09-21 14:00:00,TEM_SAL_01,temperature,Sala_Reuniao,22.91
2025-09-21 14:15:00,TEM_SAL_01,temperature,Sala_Reuniao,23.73
2025-09-21 14:30:00,TEM_SAL_01,temperature,Sala_Reuniao,22.87
2025-09-21 14:45:00,TEM_SAL_01,temperature,Sala_Reuniao,22.86
2025-09-21 15:00:00,TEM_SAL_01,temperature,Sala_Reuniao,23.15
2025-09-21 15:15:00,TEM_SAL_01,temperature,Sala_Reuniao,22.53
2025-09-21 15:30:00,TEM_SAL_01,temperature,Sala_Reuniao,22.27
2025-09-21 15:45:00,TEM_SAL_01,temperature,Sala_Reuniao,22.32
2025-09-21 16:00:00,TEM_SAL_01,temperature,Sala_Reuniao,22.08
2025-09-21 16:15:00,TEM_SAL_01,temperature,Sala_Reuniao,22.01
2025-09-21 16:30:00,TEM_SAL_01,temperature,Sala_Reuniao,21.88
2025-09-21 16:45:00,TEM_SAL_01,temperature,Sala_Reuniao,21.57
2025-09-21 17:00:00,TEM_SAL_01,temperature,Sala_Reuniao,21.37
2025-09-21 17:15:00,TEM_SAL_01,temperature,Sala_Reuniao,20.88
2025-09-21 17:30:00,TEM_SAL_01,temperature,Sala_Reuniao,21.42
2025-09-21 17:45:00,TEM_SAL_01,temperature,Sala_Reuniao,20.69
2025-09-21 18:00:00,TEM_SAL_01,temperature,Sala_Reuniao,20.93
2025-09-21 18:15:00,TEM_SAL_01,temperature,Sala_Reuniao,20.78
2025-09-21 18:30:00,TEM_SAL_01,temperature,Sala_Reuniao,20.12
2025-09-21 18:45:00,TEM_SAL_01,temperature,Sala_Reuniao,19.69
2025-09-21 19:00:00,TEM_SAL_01,temperature,Sala_Reuniao,20.03
2025-09-21 19:15:00,TEM_SAL_01,temperature,Sala_Reuniao,20.11
2025-09-21 19:30:00,TEM_SAL_01,temperature,Sala_Reuniao,19.81
2025-09-21 19:45:00,TEM_SAL_01,temperature,Sala_Reuniao,19.71
2025-09-21 20:00:00,TEM_SAL_01,temperature,Sala_Reuniao,19.86
2025-09-21 20:15:00,TEM_SAL_01,temperature,Sala_Reuniao,19.72
2025-09-21 20:30:00,TEM_SAL_01,temperature,Sala_Reuniao,19.66
2025-09-21 20:45:00,TEM_SAL_01,temperature,Sala_Reuniao,19.59
2025-09-21 21:00:00,TEM_SAL_01,temperature,Sala_Reuniao,18.77
2025-09-21 21:15:00,TEM_SAL_01,temperature,Sala_Reuniao,20.14
2025-09-21 21:30:00,TEM_SAL_01,temperature,Sala_Reuniao,19.66
2025-09-21 21:45:00,TEM_SAL_01,temperature,Sala_Reuniao,19.37
2025-09-21 22:00:00,TEM_SAL_01,temperature,Sala_Reuniao,19.53
2025-09-21 22:15:00,TEM_SAL_01,temperature,Sala_Reuniao,19.47
2025-09-21 22:30:00,TEM_SAL_01,temperature,Sala_Reuniao,19.68
2025-09-21 22:45:00,TEM_SAL_01,temperature,Sala_Reuniao,19.93
2025-09-21 23:00:00,TEM_SAL_01,temperature,Sala_Reuniao,19.48
2025-09-21 23:15:00,TEM_SAL_01,temperature,Sala_Reuniao,19.3
2025-09-21 23:30:00,TEM_SAL_01,temperature,Sala_Reuniao,19.31
2025-09-21 23:45:00,TEM_SAL_01,temperature,Sala_Reuniao,20.0
2025-09-15 00:00:00,LUM_SAL_02,luminosity,Sala_Reuniao,3.0
2025-09-15 00:15:00,LUM_SAL_02,luminosity,Sala_Reuniao,0.0
2025-09-15 00:30:00,LUM_SAL_02,luminosity,Sala_Reuniao,0.0
2025-09-15 00:45:00,LUM_SAL_02,luminosity,Sala_Reuniao,0.0
2025-09-15 01:00:00,LUM_SAL_02,luminosity,Sala_Reuniao,0.0
2025-09-15 01:15:00,LUM_SAL_02,luminosity,Sala_Reuniao,0.0
2025-09-15 01:30:00,LUM_SAL_02,luminosity,Sala_Reuniao,0.0
2025-09-15 01:45:00,LUM_SAL_02,luminosity,Sala_Reuniao,0.0
2025-09-15 02:00:00,LUM_SAL_02,luminosity,Sala_Reuniao,3.0
2025-09-15 02:15:00,LUM_SAL_02,luminosity,Sala_Reuniao,0.0
2025-09-15 02:30:00,LUM_SAL_02,luminosity,Sala_Reuniao,4.0
2025-09-15 02:45:00,LUM_SAL_02,luminosity,Sala_Reuniao,4.0
2025-09-15 03:00:00,LUM_SAL_02,luminosity,Sala_Reuniao,0.0
2025-09-15 03:15:00,LUM_SAL_02,luminosity,Sala_Reuniao,3.0
2025-09-15 03:30:00,LUM_SAL_02,luminosity,Sala_Reuniao,0.0
2025-09-15 03:45:00,LUM_SAL_02,luminosity,Sala_Reuniao,1.0
2025-09-15 04:00:00,LUM_SAL_02,luminosity,Sala_Reuniao,0.0
2025-09-15 04:15:00,LUM_SAL_02,luminosity,Sala_Reuniao,0.0
2025-09-15 04:30:00,LUM_SAL_02,luminosity,Sala_Reuniao,0.0
2025-09-15 04:45:00,LUM_SAL_02,luminosity,Sala_Reuniao,0.0
2025-09-15 05:00:00,LUM_SAL_02,luminosity,Sala_Reuniao,0.0
2025-09-15 05:15:00,LUM_SAL_02,luminosity,Sala_Reuniao,1.0
2025-09-15 05:30:00,LUM_SAL_02,luminosity,Sala_Reuniao,0.0
2025-09-15 05:45:00,LUM_SAL_02,luminosity,Sala_Reuniao,0.0
2025-09-15 06:00:00,LUM_SAL_02,luminosity,Sala_Reuniao,284.0
2025-09-15 06:15:00,LUM_SAL_02,luminosity,Sala_Reuniao,472.0
2025-09-15 06:30:00,LUM_SAL_02,luminosity,Sala_Reuniao,465.0
2025-09-15 06:45:00,LUM_SAL_02,luminosity,Sala_Reuniao,557.0
2025-09-15 07:00:00,LUM_SAL_02,luminosity,Sala_Reuniao,449.0
2025-09-15 07:15:00,LUM_SAL_02,luminosity,Sala_Reuniao,545.0
2025-09-15 07:30:00,LUM_SAL_02,luminosity,Sala_Reuniao,637.0
2025-09-15 07:45:00,LUM_SAL_02,luminosity,Sala_Reuniao,590.0
2025-09-15 08:00:00,LUM_SAL_02,luminosity,Sala_Reuniao,702.0
2025-09-15 08:15:00,LUM_SAL_02,luminosity,Sala_Reuniao,833.0
2025-09-15 08:30:00,LUM_SAL_02,luminosity,Sala_Reuniao,827.0
2025-09-15 08:45:00,LUM_SAL_02,luminosity,Sala_Reuniao,851.0
2025-09-15 09:00:00,LUM_SAL_02,luminosity,Sala_Reuniao,909.0
2025-09-15 09:15:00,LUM_SAL_02,luminosity,Sala_Reuniao,890.0
2025-09-15 09:30:00,LUM_SAL_02,luminosity,Sala_Reuniao,947.0
2025-09-15 09:45:00,LUM_SAL_02,luminosity,Sala_Reuniao,938.0
2025-09-15 10:00:00,LUM_SAL_02,luminosity,Sala_Reuniao,978.0
2025-09-15 10:15:00,LUM_SAL_02,luminosity,Sala_Reuniao,1015.0
2025-09-15 10:30:00,LUM_SAL_02,luminosity,Sala_Reuniao,1012.0
2025-09-15 10:45:00,LUM_SAL_02,luminosity,Sala_Reuniao,1106.0
2025-09-15 11:00:00,LUM_SAL_02,luminosity,Sala_Reuniao,1027.0
2025-09-15 11:15:00,LUM_SAL_02,luminosity,Sala_Reuniao,1056.0
2025-09-15 11:30:00,LUM_SAL_02,luminosity,Sala_Reuniao,1173.0
2025-09-15 11:45:00,LUM_SAL_02,luminosity,Sala_Reuniao,1151.0
2025-09-15 12:00:00,LUM_SAL_02,luminosity,Sala_Reuniao,1076.0
2025-09-15 12:15:00,LUM_SAL_02,luminosity,Sala_Reuniao,1091.0
2025-09-15 12:30:00,LUM_SAL_02,luminosity,Sala_Reuniao,1097.0
2025-09-15 12:45:00,LUM_SAL_02,luminosity,Sala_Reuniao,1175.0
2025-09-15 13:00:00,LUM_SAL_02,luminosity,Sala_Reuniao,1013.0
2025-09-15 13:15:00,LUM_SAL_02,luminosity,Sala_Reuniao,1016.0
2025-09-15 13:30:00,LUM_SAL_02,luminosity,Sala_Reuniao,1034.0
2025-09-15 13:45:00,LUM_SAL_02,luminosity,Sala_Reuniao,1068.0
2025-09-15 14:00:00,LUM_SAL_02,luminosity,Sala_Reuniao,1065.0
2025-09-15 14:15:00,LUM_SAL_02,luminosity,Sala_Reuniao,962.0
2025-09-15 14:30:00,LUM_SAL_02,luminosity,Sala_Reuniao,884.0
2025-09-15 14:45:00,LUM_SAL_02,luminosity,Sala_Reuniao,983.0
2025-09-15 15:00:00,LUM_SAL_02,luminosity,Sala_Reuniao,873.0
2025-09-15 15:15:00,LUM_SAL_02,luminosity,Sala_Reuniao,771.0
2025-09-15 15:30:00,LUM_SAL_02,luminosity,Sala_Reuniao,737.0
2025-09-15 15:45:00,LUM_SAL_02,luminosity,Sala_Reuniao,828.0
2025-09-15 16:00:00,LUM_SAL_02,luminosity,Sala_Reuniao,779.0
2025-09-15 16:15:00,LUM_SAL_02,luminosity,Sala_Reuniao,756.0
2025-09-15 16:30:00,LUM_SAL_02,luminosity,Sala_Reuniao,662.0
2025-09-15 16:45:00,LUM_SAL_02,luminosity,Sala_Reuniao,588.0
2025-09-15 17:00:00,LUM_SAL_02,luminosity,Sala_Reuniao,514.0
2025-09-15 17:15:00,LUM_SAL_02,luminosity,Sala_Reuniao,533.0
2025-09-15 17:30:00,LUM_SAL_02,luminosity,Sala_Reuniao,431.0
2025-09-15 17:45:00,LUM_SAL_02,luminosity,Sala_Reuniao,348.0
2025-09-15 18:00:00,LUM_SAL_02,luminosity,Sala_Reuniao,0.0
2025-09-15 18:15:00,LUM_SAL_02,luminosity,Sala_Reuniao,0.0
2025-09-15 18:30:00,LUM_SAL_02,luminosity,Sala_Reuniao,2.0
2025-09-15 18:45:00,LUM_SAL_02,luminosity,Sala_Reuniao,12.0
2025-09-15 19:00:00,LUM_SAL_02,luminosity,Sala_Reuniao,0.0
2025-09-15 19:15:00,LUM_SAL_02,luminosity,Sala_Reuniao,0.0
2025-09-15 19:30:00,LUM_SAL_02,luminosity,Sala_Reuniao,0.0
2025-09-15 19:45:00,LUM_SAL_02,luminosity,Sala_Reuniao,0.0
2025-09-15 20:00:00,LUM_SAL_02,luminosity,Sala_Reuniao,0.0
2025-09-15 20:15:00,LUM_SAL_02,luminosity,Sala_Reuniao,2.0
2025-09-15 20:30:00,LUM_SAL_02,luminosity,Sala_Reuniao,0.0
2025-09-15 20:45:00,LUM_SAL_02,luminosity,Sala_Reuniao,3.0
2025-09-15 21:00:00,LUM_SAL_02,luminosity,Sala_Reuniao,0.0
2025-09-15 21:15:00,LUM_SAL_02,luminosity,Sala_Reuniao,0.0
2025-09-15 21:30:00,LUM_SAL_02,luminosity,Sala_Reuniao,9.0
2025-09-15 21:45:00,LUM_SAL_02,luminosity,Sala_Reuniao,1.0
2025-09-15 22:00:00,LUM_SAL_02,luminosity,Sala_Reuniao,0.0
2025-09-15 22:15:00,LUM_SAL_02,luminosity,Sala_Reuniao,1.0
2025-09-15 22:30:00,LUM_SAL_02,luminosity,Sala_Reuniao,0.0
2025-09-15 22:45:00,LUM_SAL_02,luminosity,Sala_Reuniao,0.0
2025-09-15 23:00:00,LUM_SAL_02,luminosity,Sala_Reuniao,0.0
2025-09-15 23:15:00,LUM_SAL_02,luminosity,Sala_Reuniao,1.0
2025-09-15 23:30:00,LUM_SAL_02,luminosity,Sala_Reuniao,0.0
2025-09-15 23:45:00,LUM_SAL_02,luminosity,Sala_Reuniao,0.0
2025-09-16 00:00:00,LUM_SAL_02,luminosity,Sala_Reuniao,0.0
2025-09-16 00:15:00,LUM_SAL_02,luminosity,Sala_Reuniao,0.0
2025-09-16 00:30:00,LUM_SAL_02,luminosity,Sala_Reuniao,0.0
2025-09-16 00:45:00,LUM_SAL_02,luminosity,Sala_Reuniao,0.0
2025-09-16 01:00:00,LUM_SAL_02,luminosity,Sala_Reuniao,4.0
2025-09-16 01:15:00,LUM_SAL_02,luminosity,Sala_Reuniao,0.0
2025-09-16 01:30:00,LUM_SAL_02,luminosity,Sala_Reuniao,0.0
2025-09-16 01:45:00,LUM_SAL_02,luminosity,Sala_Reuniao,5.0
2025-09-16 02:00:00,LUM_SAL_02,luminosity,Sala_Reuniao,2.0
2025-09-16 02:15:00,LUM_SAL_02,luminosity,Sala_Reuniao,6.0
2025-09-16 02:30:00,LUM_SAL_02,luminosity,Sala_Reuniao,0.0
2025-09-16 02:45:00,LUM_SAL_02,luminosity,Sala_Reuniao,0.0
2025-09-16 03:00:00,LUM_SAL_02,luminosity,Sala_Reuniao,3.0
2025-09-16 03:15:00,LUM_SAL_02,luminosity,Sala_Reuniao,10.0
2025-09-16 03:30:00,LUM_SAL_02,luminosity,Sala_Reuniao,0.0
2025-09-16 03:45:00,LUM_SAL_02,luminosity,Sala_Reuniao,0.0
2025-09-16 04:00:00,LUM_SAL_02,luminosity,Sala_Reuniao,1.0
2025-09-16 04:15:00,LUM_SAL_02,luminosity,Sala_Reuniao,9.0
2025-09-16 04:30:00,LUM_SAL_02,luminosity,Sala_Reuniao,0.0
2025-09-16 04:45:00,LUM_SAL_02,luminosity,Sala_Reuniao,9.0
2025-09-16 05:00:00,LUM_SAL_02,luminosity,Sala_Reuniao,0.0
2025-09-16 05:15:00,LUM_SAL_02,luminosity,Sala_Reuniao,3.0
2025-09-16 05:30:00,LUM_SAL_02,luminosity,Sala_Reuniao,0.0
2025-09-16 05:45:00,LUM_SAL_02,luminosity,Sala_Reuniao,0.0
2025-09-16 06:00:00,LUM_SAL_02,luminosity,Sala_Reuniao,364.0
2025-09-16 06:15:00,LUM_SAL_02,luminosity,Sala_Reuniao,336.0
2025-09-16 06:30:00,LUM_SAL_02,luminosity,Sala_Reuniao,455.0
2025-09-16 06:45:00,LUM_SAL_02,luminosity,Sala_Reuniao,510.0
2025-09-16 07:00:00,LUM_SAL_02,luminosity,Sala_Reuniao,565.0
2025-09-16 07:15:00,LUM_SAL_02,luminosity,Sala_Reuniao,604.0
2025-09-16 07:30:00,LUM_SAL_02,luminosity,Sala_Reuniao,606.0
2025-09-16 07:45:00,LUM_SAL_02,luminosity,Sala_Reuniao,695.0
2025-09-16 08:00:00,LUM_SAL_02,luminosity,Sala_Reuniao,712.0
2025-09-16 08:15:00,LUM_SAL_02,luminosity,Sala_Reuniao,715.0
2025-09-16 08:30:00,LUM_SAL_02,luminosity,Sala_Reuniao,867.0
2025-09-16 08:45:00,LUM_SAL_02,luminosity,Sala_Reuniao,847.0
2025-09-16 09:00:00,LUM_SAL_02,luminosity,Sala_Reuniao,911.0
2025-09-16 09:15:00,LUM_SAL_02,luminosity,Sala_Reuniao,924.0
2025-09-16 09:30:00,LUM_SAL_02,luminosity,Sala_Reuniao,979.0
2025-09-16 09:45:00,LUM_SAL_02,luminosity,Sala_Reuniao,1082.0
2025-09-16 10:00:00,LUM_SAL_02,luminosity,Sala_Reuniao,1052.0
2025-09-16 10:15:00,LUM_SAL_02,luminosity,Sala_Reuniao,1086.0
2025-09-16 10:30:00,LUM_SAL_02,luminosity,Sala_Reuniao,1078.0
2025-09-16 10:45:00,LUM_SAL_02,luminosity,Sala_Reuniao,1173.0
2025-09-16 11:00:00,LUM_SAL_02,luminosity,Sala_Reuniao,1049.0
2025-09-16 11:15:00,LUM_SAL_02,luminosity,Sala_Reuniao,1030.0
2025-09-16 11:30:00,LUM_SAL_02,luminosity,Sala_Reuniao,1043.0
2025-09-16 11:45:00,LUM_SAL_02,luminosity,Sala_Reuniao,987.0
2025-09-16 12:00:00,LUM_SAL_02,luminosity,Sala_Reuniao,1187.0
2025-09-16 12:15:00,LUM_SAL_02,luminosity,Sala_Reuniao,1108.0
2025-09-16 12:30:00,LUM_SAL_02,luminosity,Sala_Reuniao,1135.0
2025-09-16 12:45:00,LUM_SAL_02,luminosity,Sala_Reuniao,1085.0
2025-09-16 13:00:00,LUM_SAL_02,luminosity,Sala_Reuniao,1150.0
2025-09-16 13:15:00,LUM_SAL_02,luminosity,Sala_Reuniao,1125.0
2025-09-16 13:30:00,LUM_SAL_02,luminosity,Sala_Reuniao,1058.0
2025-09-16 13:45:00,LUM_SAL_02,luminosity,Sala_Reuniao,1033.0
2025-09-16 14:00:00,LUM_SAL_02,luminosity,Sala_Reuniao,1035.0
2025-09-16 14:15:00,LUM_SAL_02,luminosity,Sala_Reuniao,1044.0
2025-09-16 14:30:00,LUM_SAL_02,luminosity,Sala_Reuniao,877.0
2025-09-16 14:45:00,LUM_SAL_02,luminosity,Sala_Reuniao,1018.0
2025-09-16 15:00:00,LUM_SAL_02,luminosity,Sala_Reuniao,923.0
2025-09-16 15:15:00,LUM_SAL_02,luminosity,Sala_Reuniao,763.0
2025-09-16 15:30:00,LUM_SAL_02,luminosity,Sala_Reuniao,773.0
2025-09-16 15:45:00,LUM_SAL_02,luminosity,Sala_Reuniao,772.0
2025-09-16 16:00:00,LUM_SAL_02,luminosity,Sala_Reuniao,669.0
2025-09-16 16:15:00,LUM_SAL_02,luminosity,Sala_Reuniao,617.0
2025-09-16 16:30:00,LUM_SAL_02,luminosity,Sala_Reuniao,685.0
2025-09-16 16:45:00,LUM_SAL_02,luminosity,Sala_Reuniao,629.0
2025-09-16 17:00:00,LUM_SAL_02,luminosity,Sala_Reuniao,507.0
2025-09-16 17:15:00,LUM_SAL_02,luminosity,Sala_Reuniao,564.0
2025-09-16 17:30:00,LUM_SAL_02,luminosity,Sala_Reuniao,465.0
2025-09-16 17:45:00,LUM_SAL_02,luminosity,Sala_Reuniao,301.0
2025-09-16 18:00:00,LUM_SAL_02,luminosity,Sala_Reuniao,2.0
2025-09-16 18:15:00,LUM_SAL_02,luminosity,Sala_Reuniao,0.0
2025-09-16 18:30:00,LUM_SAL_02,luminosity,Sala_Reuniao,1.0
2025-09-16 18:45:00,LUM_SAL_02,luminosity,Sala_Reuniao,0.0
2025-09-16 19:00:00,LUM_SAL_02,luminosity,Sala_Reuniao,6.0
2025-09-16 19:15:00,LUM_SAL_02,luminosity,Sala_Reuniao,3.0
2025-09-16 19:30:00,LUM_SAL_02,luminosity,Sala_Reuniao,0.0
2025-09-16 19:45:00,LUM_SAL_02,luminosity,Sala_Reuniao,0.0
2025-09-16 20:00:00,LUM_SAL_02,luminosity,Sala_Reuniao,5.0
2025-09-16 20:15:00,LUM_SAL_02,luminosity,Sala_Reuniao,0.0
2025-09-16 20:30:00,LUM_SAL_02,luminosity,Sala_Reuniao,0.0
2025-09-16 20:45:00,LUM_SAL_02,luminosity,Sala_Reuniao,0.0
2025-09-16 21:00:00,LUM_SAL_02,luminosity,Sala_Reuniao,0.0
2025-09-16 21:15:00,LUM_SAL_02,luminosity,Sala_Reuniao,3.0
2025-09-16 21:30:00,LUM_SAL_02,luminosity,Sala_Reuniao,4.0
2025-09-16 21:45:00,LUM_SAL_02,luminosity,Sala_Reuniao,2.0
2025-09-16 22:00:00,LUM_SAL_02,luminosity,Sala_Reuniao,4.0
2025-09-16 22:15:00,LUM_SAL_02,luminosity,Sala_Reuniao,0.0
2025-09-16 22:30:00,LUM_SAL_02,luminosity,Sala_Reuniao,5.0
2025-09-16 22:45:00,LUM_SAL_02,luminosity,Sala_Reuniao,0.0
2025-09-16 23:00:00,LUM_SAL_02,luminosity,Sala_Reuniao,0.0
2025-09-16 23:15:00,LUM_SAL_02,luminosity,Sala_Reuniao,0.0
2025-09-16 23:30:00,LUM_SAL_02,luminosity,Sala_Reuniao,0.0
2025-09-16 23:45:00,LUM_SAL_02,luminosity,Sala_Reuniao,6.0
2025-09-17 00:00:00,LUM_SAL_02,luminosity,Sala_Reuniao,0.0
2025-09-17 00:15:00,LUM_SAL_02,luminosity,Sala_Reuniao,0.0
2025-09-17 00:30:00,LUM_SAL_02,luminosity,Sala_Reuniao,5.0
2025-09-17 00:45:00,LUM_SAL_02,luminosity,Sala_Reuniao,0.0
2025-09-17 01:00:00,LUM_SAL_02,luminosity,Sala_Reuniao,3.0
2025-09-17 01:15:00,LUM_SAL_02,luminosity,Sala_Reuniao,0.0
2025-09-17 01:30:00,LUM_SAL_02,luminosity,Sala_Reuniao,0.0
2025-09-17 01:45:00,LUM_SAL_02,luminosity,Sala_Reuniao,3.0
2025-09-17 02:00:00,LUM_SAL_02,luminosity,Sala_Reuniao,0.0
2025-09-17 02:15:00,LUM_SAL_02,luminosity,Sala_Reuniao,0.0
2025-09-17 02:30:00,LUM_SAL_02,luminosity,Sala_Reuniao,4.0
2025-09-17 02:45:00,LUM_SAL_02,luminosity,Sala_Reuniao,1.0
2025-09-17 03:00:00,LUM_SAL_02,luminosity,Sala_Reuniao,1.0
2025-09-17 03:15:00,LUM_SAL_02,luminosity,Sala_Reuniao,3.0
2025-09-17 03:30:00,LUM_SAL_02,luminosity,Sala_Reuniao,0.0
2025-09-17 03:45:00,LUM_SAL_02,luminosity,Sala_Reuniao,4.0
2025-09-17 04:00:00,LUM_SAL_02,luminosity,Sala_Reuniao,0.0
2025-09-17 04:15:00,LUM_SAL_02,luminosity,Sala_Reuniao,0.0
2025-09-17 04:30:00,LUM_SAL_02,luminosity,Sala_Reuniao,0.0
2025-09-17 04:45:00,LUM_SAL_02,luminosity,Sala_Reuniao,0.0
2025-09-17 05:00:00,LUM_SAL_02,luminosity,Sala_Reuniao,0.0
2025-09-17 05:15:00,LUM_SAL_02,luminosity,Sala_Reuniao,0.0
2025-09-17 05:30:00,LUM_SAL_02,luminosity,Sala_Reuniao,3.0
2025-09-17 05:45:00,LUM_SAL_02,luminosity,Sala_Reuniao,0.0
2025-09-17 06:00:00,LUM_SAL_02,luminosity,Sala_Reuniao,380.0
2025-09-17 06:15:00,LUM_SAL_02,luminosity,Sala_Reuniao,322.0
2025-09-17 06:30:00,LUM_SAL_02,luminosity,Sala_Reuniao,392.0
2025-09-17 06:45:00,LUM_SAL_02,luminosity,Sala_Reuniao,470.0
2025-09-17 07:00:00,LUM_SAL_02,luminosity,Sala_Reuniao,491.0
2025-09-17 07:15:00,LUM_SAL_02,luminosity,Sala_Reuniao,663.0
2025-09-17 07:30:00,LUM_SAL_02,luminosity,Sala_Reuniao,598.0
2025-09-17 07:45:00,LUM_SAL_02,luminosity,Sala_Reuniao,590.0
2025-09-17 08:00:00,LUM_SAL_02,luminosity,Sala_Reuniao,697.0
2025-09-17 08:15:00,LUM_SAL_02,luminosity,Sala_Reuniao,804.0
2025-09-17 08:30:00,LUM_SAL_02,luminosity,Sala_Reuniao,753.0
2025-09-17 08:45:00,LUM_SAL_02,luminosity,Sala_Reuniao,814.0
2025-09-17 09:00:00,LUM_SAL_02,luminosity,Sala_Reuniao,883.0
2025-09-17 09:15:00,LUM_SAL_02,luminosity,Sala_Reuniao,900.0
2025-09-17 09:30:00,LUM_SAL_02,luminosity,Sala_Reuniao,960.0
2025-09-17 09:45:00,LUM_SAL_02,luminosity,Sala_Reuniao,922.0
2025-09-17 10:00:00,LUM_SAL_02,luminosity,Sala_Reuniao,984.0
2025-09-17 10:15:00,LUM_SAL_02,luminosity,Sala_Reuniao,1081.0
2025-09-17 10:30:00,LUM_SAL_02,luminosity,Sala_Reuniao,1087.0
2025-09-17 10:45:00,LUM_SAL_02,luminosity,Sala_Reuniao,1123.0
2025-09-17 11:00:00,LUM_SAL_02,luminosity,Sala_Reuniao,1053.0
2025-09-17 11:15:00,LUM_SAL_02,luminosity,Sala_Reuniao,1059.0
2025-09-17 11:30:00,LUM_SAL_02,luminosity,Sala_Reuniao,1095.0
2025-09-17 11:45:00,LUM_SAL_02,luminosity,Sala_Reuniao,1035.0
2025-09-17 12:00:00,LUM_SAL_02,luminosity,Sala_Reuniao,1184.0
2025-09-17 12:15:00,LUM_SAL_02,luminosity,Sala_Reuniao,1182.0
2025-09-17 12:30:00,LUM_SAL_02,luminosity,Sala_Reuniao,1136.0
2025-09-17 12:45:00,LUM_SAL_02,luminosity,Sala_Reuniao,1135.0
2025-09-17 13:00:00,LUM_SAL_02,luminosity,Sala_Reuniao,1168.0
2025-09-17 13:15:00,LUM_SAL_02,luminosity,Sala_Reuniao,1119.0
2025-09-17 13:30:00,LUM_SAL_02,luminosity,Sala_Reuniao,1037.0
2025-09-17 13:45:00,LUM_SAL_02,luminosity,Sala_Reuniao,1034.0
2025-09-17 14:00:00,LUM_SAL_02,luminosity,Sala_Reuniao,1063.0
2025-09-17 14:15:00,LUM_SAL_02,luminosity,Sala_Reuniao,940.0
2025-09-17 14:30:00,LUM_SAL_02,luminosity,Sala_Reuniao,901.0
2025-09-17 14:45:00,LUM_SAL_02,luminosity,Sala_Reuniao,930.0
2025-09-17 15:00:00,LUM_SAL_02,luminosity,Sala_Reuniao,862.0
2025-09-17 15:15:00,LUM_SAL_02,luminosity,Sala_Reuniao,848.0
2025-09-17 15:30:00,LUM_SAL_02,luminosity,Sala_Reuniao,885.0
2025-09-17 15:45:00,LUM_SAL_02,luminosity,Sala_Reuniao,717.0
2025-09-17 16:00:00,LUM_SAL_02,luminosity,Sala_Reuniao,801.0
2025-09-17 16:15:00,LUM_SAL_02,luminosity,Sala_Reuniao,723.0
2025-09-17 16:30:00,LUM_SAL_02,luminosity,Sala_Reuniao,623.0
2025-09-17 16:45:00,LUM_SAL_02,luminosity,Sala_Reuniao,614.0
2025-09-17 17:00:00,LUM_SAL_02,luminosity,Sala_Reuniao,485.0
2025-09-17 17:15:00,LUM_SAL_02,luminosity,Sala_Reuniao,408.0
2025-09-17 17:30:00,LUM_SAL_02,luminosity,Sala_Reuniao,424.0
2025-09-17 17:45:00,LUM_SAL_02,luminosity,Sala_Reuniao,390.0
2025-09-17 18:00:00,LUM_SAL_02,luminosity,Sala_Reuniao,0.0
2025-09-17 18:15:00,LUM_SAL_02,luminosity,Sala_Reuniao,0.0
2025-09-17 18:30:00,LUM_SAL_02,luminosity,Sala_Reuniao,0.0
2025-09-17 18:45:00,LUM_SAL_02,luminosity,Sala_Reuniao,0.0
2025-09-17 19:00:00,LUM_SAL_02,luminosity,Sala_Reuniao,0.0
2025-09-17 19:15:00,LUM_SAL_02,luminosity,Sala_Reuniao,2.0
2025-09-17 19:30:00,LUM_SAL_02,luminosity,Sala_Reuniao,0.0
2025-09-17 19:45:00,LUM_SAL_02,luminosity,Sala_Reuniao,0.0
2025-09-17 20:00:00,LUM_SAL_02,luminosity,Sala_Reuniao,3.0
2025-09-17 20:15:00,LUM_SAL_02,luminosity,Sala_Reuniao,0.0
2025-09-17 20:30:00,LUM_SAL_02,luminosity,Sala_Reuniao,0.0
2025-09-17 20:45:00,LUM_SAL_02,luminosity,Sala_Reuniao,0.0
2025-09-17 21:00:00,LUM_SAL_02,luminosity,Sala_Reuniao,0.0
2025-09-17 21:15:00,LUM_SAL_02,luminosity,Sala_Reuniao,2.0
2025-09-17 21:30:00,LUM_SAL_02,luminosity,Sala_Reuniao,0.0
2025-09-17 21:45:00,LUM_SAL_02,luminosity,Sala_Reuniao,0.0
2025-09-17 22:00:00,LUM_SAL_02,luminosity,Sala_Reuniao,0.0
2025-09-17 22:15:00,LUM_SAL_02,luminosity,Sala_Reuniao,0.0
2025-09-17 22:30:00,LUM_SAL_02,luminosity,Sala_Reuniao,0.0
2025-09-17 22:45:00,LUM_SAL_02,luminosity,Sala_Reuniao,0.0
2025-09-17 23:00:00,LUM_SAL_02,luminosity,Sala_Reuniao,0.0
2025-09-17 23:15:00,LUM_SAL_02,luminosity,Sala_Reuniao,15.0
2025-09-17 23:30:00,LUM_SAL_02,luminosity,Sala_Reuniao,9.0
2025-09-17 23:45:00,LUM_SAL_02,luminosity,Sala_Reuniao,3.0
2025-09-18 00:00:00,LUM_SAL_02,luminosity,Sala_Reuniao,0.0
2025-09-18 00:15:00,LUM_SAL_02,luminosity,Sala_Reuniao,0.0
2025-09-18 00:30:00,LUM_SAL_02,luminosity,Sala_Reuniao,2.0
2025-09-18 00:45:00,LUM_SAL_02,luminosity,Sala_Reuniao,0.0
2025-09-18 01:00:00,LUM_SAL_02,luminosity,Sala_Reuniao,0.0
2025-09-18 01:15:00,LUM_SAL_02,luminosity,Sala_Reuniao,0.0
2025-09-18 01:30:00,LUM_SAL_02,luminosity,Sala_Reuniao,0.0
2025-09-18 01:45:00,LUM_SAL_02,luminosity,Sala_Reuniao,6.0
2025-09-18 02:00:00,LUM_SAL_02,luminosity,Sala_Reuniao,0.0
2025-09-18 02:15:00,LUM_SAL_02,luminosity,Sala_Reuniao,0.0
2025-09-18 02:30:00,LUM_SAL_02,luminosity,Sala_Reuniao,0.0
2025-09-18 02:45:00,LUM_SAL_02,luminosity,Sala_Reuniao,3.0
2025-09-18 03:00:00,LUM_SAL_02,luminosity,Sala_Reuniao,0.0
2025-09-18 03:15:00,LUM_SAL_02,luminosity,Sala_Reuniao,8.0
2025-09-18 03:30:00,LUM_SAL_02,luminosity,Sala_Reuniao,0.0
2025-09-18 03:45:00,LUM_SAL_02,luminosity,Sala_Reuniao,2.0
2025-09-18 04:00:00,LUM_SAL_02,luminosity,Sala_Reuniao,0.0
2025-09-18 04:15:00,LUM_SAL_02,luminosity,Sala_Reuniao,0.0
2025-09-18 04:30:00,LUM_SAL_02,luminosity,Sala_Reuniao,6.0
2025-09-18 04:45:00,LUM_SAL_02,luminosity,Sala_Reuniao,1.0
2025-09-18 05:00:00,LUM_SAL_02,luminosity,Sala_Reuniao,0.0
2025-09-18 05:15:00,LUM_SAL_02,luminosity,Sala_Reuniao,0.0
2025-09-18 05:30:00,LUM_SAL_02,luminosity,Sala_Reuniao,0.0
2025-09-18 05:45:00,LUM_SAL_02,luminosity,Sala_Reuniao,3.0
2025-09-18 06:00:00,LUM_SAL_02,luminosity,Sala_Reuniao,261.0
2025-09-18 06:15:00,LUM_SAL_02,luminosity,Sala_Reuniao,321.0
2025-09-18 06:30:00,LUM_SAL_02,luminosity,Sala_Reuniao,462.0
2025-09-18 06:45:00,LUM_SAL_02,luminosity,Sala_Reuniao,489.0
2025-09-18 07:00:00,LUM_SAL_02,luminosity,Sala_Reuniao,608.0
2025-09-18 07:15:00,LUM_SAL_02,luminosity,Sala_Reuniao,645.0
2025-09-18 07:30:00,LUM_SAL_02,luminosity,Sala_Reuniao,563.0
2025-09-18 07:45:00,LUM_SAL_02,luminosity,Sala_Reuniao,716.0
2025-09-18 08:00:00,LUM_SAL_02,luminosity,Sala_Reuniao,742.0
2025-09-18 08:15:00,LUM_SAL_02,luminosity,Sala_Reuniao,801.0
2025-09-18 08:30:00,LUM_SAL_02,luminosity,Sala_Reuniao,887.0
2025-09-18 08:45:00,LUM_SAL_02,luminosity,Sala_Reuniao,880.0
2025-09-18 09:00:00,LUM_SAL_02,luminosity,Sala_Reuniao,947.0
2025-09-18 09:15:00,LUM_SAL_02,luminosity,Sala_Reuniao,979.0
2025-09-18 09:30:00,LUM_SAL_02,luminosity,Sala_Reuniao,945.0
2025-09-18 09:45:00,LUM_SAL_02,luminosity,Sala_Reuniao,1002.0
2025-09-18 10:00:00,LUM_SAL_02,luminosity,Sala_Reuniao,1076.0
2025-09-18 10:15:00,LUM_SAL_02,luminosity,Sala_Reuniao,1076.0
2025-09-18 10:30:00,LUM_SAL_02,luminosity,Sala_Reuniao,1030.0
2025-09-18 10:45:00,LUM_SAL_02,luminosity,Sala_Reuniao,1068.0
2025-09-18 11:00:00,LUM_SAL_02,luminosity,Sala_Reuniao,1051.0
2025-09-18 11:15:00,LUM_SAL_02,luminosity,Sala_Reuniao,1089.0
2025-09-18 11:30:00,LUM_SAL_02,luminosity,Sala_Reuniao,1015.0
2025-09-18 11:45:00,LUM_SAL_02,luminosity,Sala_Reuniao,1110.0
2025-09-18 12:00:00,LUM_SAL_02,luminosity,Sala_Reuniao,1121.0
2025-09-18 12:15:00,LUM_SAL_02,luminosity,Sala_Reuniao,1203.0
2025-09-18 12:30:00,LUM_SAL_02,luminosity,Sala_Reuniao,1126.0
2025-09-18 12:45:00,LUM_SAL_02,luminosity,Sala_Reuniao,1023.0
2025-09-18 13:00:00,LUM_SAL_02,luminosity,Sala_Reuniao,1028.0
2025-09-18 13:15:00,LUM_SAL_02,luminosity,Sala_Reuniao,1055.0
2025-09-18 13:30:00,LUM_SAL_02,luminosity,Sala_Reuniao,1092.0
2025-09-18 13:45:00,LUM_SAL_02,luminosity,Sala_Reuniao,1056.0
2025-09-18 14:00:00,LUM_SAL_02,luminosity,Sala_Reuniao,1092.0
2025-09-18 14:15:00,LUM_SAL_02,luminosity,Sala_Reuniao,1037.0
2025-09-18 14:30:00,LUM_SAL_02,luminosity,Sala_Reuniao,1013.0
2025-09-18 14:45:00,LUM_SAL_02,luminosity,Sala_Reuniao,874.0
2025-09-18 15:00:00,LUM_SAL_02,luminosity,Sala_Reuniao,914.0
2025-09-18 15:15:00,LUM_SAL_02,luminosity,Sala_Reuniao,844.0
2025-09-18 15:30:00,LUM_SAL_02,luminosity,Sala_Reuniao,856.0
2025-09-18 15:45:00,LUM_SAL_02,luminosity,Sala_Reuniao,787.0
2025-09-18 16:00:00,LUM_SAL_02,luminosity,Sala_Reuniao,669.0
2025-09-18 16:15:00,LUM_SAL_02,luminosity,Sala_Reuniao,658.0
2025-09-18 16:30:00,LUM_SAL_02,luminosity,Sala_Reuniao,621.0
2025-09-18 16:45:00,LUM_SAL_02,luminosity,Sala_Reuniao,651.0
2025-09-18 17:00:00,LUM_SAL_02,luminosity,Sala_Reuniao,565.0
2025-09-18 17:15:00,LUM_SAL_02,luminosity,Sala_Reuniao,487.0
2025-09-18 17:30:00,LUM_SAL_02,luminosity,Sala_Reuniao,439.0
2025-09-18 17:45:00,LUM_SAL_02,luminosity,Sala_Reuniao,368.0
2025-09-18 18:00:00,LUM_SAL_02,luminosity,Sala_Reuniao,6.0
2025-09-18 18:15:00,LUM_SAL_02,luminosity,Sala_Reuniao,0.0
2025-09-18 18:30:00,LUM_SAL_02,luminosity,Sala_Reuniao,0.0
2025-09-18 18:45:00,LUM_SAL_02,luminosity,Sala_Reuniao,0.0
2025-09-18 19:00:00,LUM_SAL_02,luminosity,Sala_Reuniao,0.0
2025-09-18 19:15:00,LUM_SAL_02,luminosity,Sala_Reuniao,2.0
2025-09-18 19:30:00,LUM_SAL_02,luminosity,Sala_Reuniao,6.0
2025-09-18 19:45:00,LUM_SAL_02,luminosity,Sala_Reuniao,0.0
2025-09-18 20:00:00,LUM_SAL_02,luminosity,Sala_Reuniao,0.0
2025-09-18 20:15:00,LUM_SAL_02,luminosity,Sala_Reuniao,0.0
2025-09-18 20:30:00,LUM_SAL_02,luminosity,Sala_Reuniao,0.0
2025-09-18 20:45:00,LUM_SAL_02,luminosity,Sala_Reuniao,0.0
2025-09-18 21:00:00,LUM_SAL_02,luminosity,Sala_Reuniao,0.0
2025-09-18 21:15:00,LUM_SAL_02,luminosity,Sala_Reuniao,0.0
2025-09-18 21:30:00,LUM_SAL_02,luminosity,Sala_Reuniao,0.0
2025-09-18 21:45:00,LUM_SAL_02,luminosity,Sala_Reuniao,5.0
2025-09-18 22:00:00,LUM_SAL_02,luminosity,Sala_Reuniao,1.0
2025-09-18 22:15:00,LUM_SAL_02,luminosity,Sala_Reuniao,0.0
2025-09-18 22:30:00,LUM_SAL_02,luminosity,Sala_Reuniao,0.0
2025-09-18 22:45:00,LUM_SAL_02,luminosity,Sala_Reuniao,0.0
2025-09-18 23:00:00,LUM_SAL_02,luminosity,Sala_Reuniao,0.0
2025-09-18 23:15:00,LUM_SAL_02,luminosity,Sala_Reuniao,0.0
2025-09-18 23:30:00,LUM_SAL_02,luminosity,Sala_Reuniao,0.0
2025-09-18 23:45:00,LUM_SAL_02,luminosity,Sala_Reuniao,3.0
2025-09-19 00:00:00,LUM_SAL_02,luminosity,Sala_Reuniao,2.0
2025-09-19 00:15:00,LUM_SAL_02,luminosity,Sala_Reuniao,1.0
2025-09-19 00:30:00,LUM_SAL_02,luminosity,Sala_Reuniao,0.0
2025-09-19 00:45:00,LUM_SAL_02,luminosity,Sala_Reuniao,0.0
2025-09-19 01:00:00,LUM_SAL_02,luminosity,Sala_Reuniao,0.0
2025-09-19 01:15:00,LUM_SAL_02,luminosity,Sala_Reuniao,2.0
2025-09-19 01:30:00,LUM_SAL_02,luminosity,Sala_Reuniao,0.0
2025-09-19 01:45:00,LUM_SAL_02,luminosity,Sala_Reuniao,0.0
2025-09-19 02:00:00,LUM_SAL_02,luminosity,Sala_Reuniao,0.0
2025-09-19 02:15:00,LUM_SAL_02,luminosity,Sala_Reuniao,4.0
2025-09-19 02:30:00,LUM_SAL_02,luminosity,Sala_Reuniao,7.0
2025-09-19 02:45:00,LUM_SAL_02,luminosity,Sala_Reuniao,3.0
2025-09-19 03:00:00,LUM_SAL_02,luminosity,Sala_Reuniao,4.0
2025-09-19 03:15:00,LUM_SAL_02,luminosity,Sala_Reuniao,5.0
2025-09-19 03:30:00,LUM_SAL_02,luminosity,Sala_Reuniao,0.0
2025-09-19 03:45:00,LUM_SAL_02,luminosity,Sala_Reuniao,10.0
2025-09-19 04:00:00,LUM_SAL_02,luminosity,Sala_Reuniao,8.0
2025-09-19 04:15:00,LUM_SAL_02,luminosity,Sala_Reuniao,4.0
2025-09-19 04:30:00,LUM_SAL_02,luminosity,Sala_Reuniao,0.0
2025-09-19 04:45:00,LUM_SAL_02,luminosity,Sala_Reuniao,0.0
2025-09-19 05:00:00,LUM_SAL_02,luminosity,Sala_Reuniao,5.0
2025-09-19 05:15:00,LUM_SAL_02,luminosity,Sala_Reuniao,0.0
2025-09-19 05:30:00,LUM_SAL_02,luminosity,Sala_Reuniao,2.0
2025-09-19 05:45:00,LUM_SAL_02,luminosity,Sala_Reuniao,8.0
2025-09-19 06:00:00,LUM_SAL_02,luminosity,Sala_Reuniao,288.0
2025-09-19 06:15:00,LUM_SAL_02,luminosity,Sala_Reuniao,343.0
2025-09-19 06:30:00,LUM_SAL_02,luminosity,Sala_Reuniao,401.0
2025-09-19 06:45:00,LUM_SAL_02,luminosity,Sala_Reuniao,502.0
2025-09-19 07:00:00,LUM_SAL_02,luminosity,Sala_Reuniao,613.0
2025-09-19 07:15:00,LUM_SAL_02,luminosity,Sala_Reuniao,544.0
2025-09-19 07:30:00,LUM_SAL_02,luminosity,Sala_Reuniao,609.0
2025-09-19 07:45:00,LUM_SAL_02,luminosity,Sala_Reuniao,688.0
2025-09-19 08:00:00,LUM_SAL_02,luminosity,Sala_Reuniao,721.0
2025-09-19 08:15:00,LUM_SAL_02,luminosity,Sala_Reuniao,698.0
2025-09-19 08:30:00,LUM_SAL_02,luminosity,Sala_Reuniao,830.0
2025-09-19 08:45:00,LUM_SAL_02,luminosity,Sala_Reuniao,911.0
2025-09-19 09:00:00,LUM_SAL_02,luminosity,Sala_Reuniao,857.0
2025-09-19 09:15:00,LUM_SAL_02,luminosity,Sala_Reuniao,851.0
2025-09-19 09:30:00,LUM_SAL_02,luminosity,Sala_Reuniao,1003.0
2025-09-19 09:45:00,LUM_SAL_02,luminosity,Sala_Reuniao,1012.0
2025-09-19 10:00:00,LUM_SAL_02,luminosity,Sala_Reuniao,1002.0
2025-09-19 10:15:00,LUM_SAL_02,luminosity,Sala_Reuniao,1025.0
2025-09-19 10:30:00,LUM_SAL_02,luminosity,Sala_Reuniao,1146.0
2025-09-19 10:45:00,LUM_SAL_02,luminosity,Sala_Reuniao,1008.0
2025-09-19 11:00:00,LUM_SAL_02,luminosity,Sala_Reuniao,1109.0
2025-09-19 11:15:00,LUM_SAL_02,luminosity,Sala_Reuniao,1072.0
2025-09-19 11:30:00,LUM_SAL_02,luminosity,Sala_Reuniao,1090.0
2025-09-19 11:45:00,LUM_SAL_02,luminosity,Sala_Reuniao,1130.0
2025-09-19 12:00:00,LUM_SAL_02,luminosity,Sala_Reuniao,1114.0
2025-09-19 12:15:00,LUM_SAL_02,luminosity,Sala_Reuniao,1105.0
2025-09-19 12:30:00,LUM_SAL_02,luminosity,Sala_Reuniao,1129.0
2025-09-19 12:45:00,LUM_SAL_02,luminosity,Sala_Reuniao,1140.0
2025-09-19 13:00:00,LUM_SAL_02,luminosity,Sala_Reuniao,1050.0
2025-09-19 13:15:00,LUM_SAL_02,luminosity,Sala_Reuniao,1006.0
2025-09-19 13:30:00,LUM_SAL_02,luminosity,Sala_Reuniao,1030.0
2025-09-19 13:45:00,LUM_SAL_02,luminosity,Sala_Reuniao,1064.0
2025-09-19 14:00:00,LUM_SAL_02,luminosity,Sala_Reuniao,995.0
2025-09-19 14:15:00,LUM_SAL_02,luminosity,Sala_Reuniao,953.0
2025-09-19 14:30:00,LUM_SAL_02,luminosity,Sala_Reuniao,1024.0
2025-09-19 14:45:00,LUM_SAL_02,luminosity,Sala_Reuniao,894.0
2025-09-19 15:00:00,LUM_SAL_02,luminosity,Sala_Reuniao,803.0
2025-09-19 15:15:00,LUM_SAL_02,luminosity,Sala_Reuniao,809.0
2025-09-19 15:30:00,LUM_SAL_02,luminosity,Sala_Reuniao,860.0
2025-09-19 15:45:00,LUM_SAL_02,luminosity,Sala_Reuniao,707.0
2025-09-19 16:00:00,LUM_SAL_02,luminosity,Sala_Reuniao,687.0
2025-09-19 16:15:00,LUM_SAL_02,luminosity,Sala_Reuniao,762.0
2025-09-19 16:30:00,LUM_SAL_02,luminosity,Sala_Reuniao,664.0
2025-09-19 16:45:00,LUM_SAL_02,luminosity,Sala_Reuniao,510.0
2025-09-19 17:00:00,LUM_SAL_02,luminosity,Sala_Reuniao,462.0
2025-09-19 17:15:00,LUM_SAL_02,luminosity,Sala_Reuniao,440.0
2025-09-19 17:30:00,LUM_SAL_02,luminosity,Sala_Reuniao,417.0
2025-09-19 17:45:00,LUM_SAL_02,luminosity,Sala_Reuniao,346.0
2025-09-19 18:00:00,LUM_SAL_02,luminosity,Sala_Reuniao,7.0
2025-09-19 18:15:00,LUM_SAL_02,luminosity,Sala_Reuniao,3.0
2025-09-19 18:30:00,LUM_SAL_02,luminosity,Sala_Reuniao,6.0
2025-09-19 18:45:00,LUM_SAL_02,luminosity,Sala_Reuniao,3.0
2025-09-19 19:00:00,LUM_SAL_02,luminosity,Sala_Reuniao,3.0
2025-09-19 19:15:00,LUM_SAL_02,luminosity,Sala_Reuniao,3.0
2025-09-19 19:30:00,LUM_SAL_02,luminosity,Sala_Reuniao,6.0
2025-09-19 19:45:00,LUM_SAL_02,luminosity,Sala_Reuniao,3.0
2025-09-19 20:00:00,LUM_SAL_02,luminosity,Sala_Reuniao,0.0
2025-09-19 20:15:00,LUM_SAL_02,luminosity,Sala_Reuniao,6.0
2025-09-19 20:30:00,LUM_SAL_02,luminosity,Sala_Reuniao,3.0
2025-09-19 20:45:00,LUM_SAL_02,luminosity,Sala_Reuniao,0.0
2025-09-19 21:00:00,LUM_SAL_02,luminosity,Sala_Reuniao,4.0
2025-09-19 21:15:00,LUM_SAL_02,luminosity,Sala_Reuniao,0.0
2025-09-19 21:30:00,LUM_SAL_02,luminosity,Sala_Reuniao,5.0
2025-09-19 21:45:00,LUM_SAL_02,luminosity,Sala_Reuniao,0.0
2025-09-19 22:00:00,LUM_SAL_02,luminosity,Sala_Reuniao,1.0
2025-09-19 22:15:00,LUM_SAL_02,luminosity,Sala_Reuniao,1.0
2025-09-19 22:30:00,LUM_SAL_02,luminosity,Sala_Reuniao,8.0
2025-09-19 22:45:00,LUM_SAL_02,luminosity,Sala_Reuniao,8.0
2025-09-19 23:00:00,LUM_SAL_02,luminosity,Sala_Reuniao,0.0
2025-09-19 23:15:00,LUM_SAL_02,luminosity,Sala_Reuniao,0.0
2025-09-19 23:30:00,LUM_SAL_02,luminosity,Sala_Reuniao,5.0
2025-09-19 23:45:00,LUM_SAL_02,luminosity,Sala_Reuniao,0.0
2025-09-20 00:00:00,LUM_SAL_02,luminosity,Sala_Reuniao,0.0
2025-09-20 00:15:00,LUM_SAL_02,luminosity,Sala_Reuniao,7.0
2025-09-20 00:30:00,LUM_SAL_02,luminosity,Sala_Reuniao,0.0
2025-09-20 00:45:00,LUM_SAL_02,luminosity,Sala_Reuniao,0.0
2025-09-20 01:00:00,LUM_SAL_02,luminosity,Sala_Reuniao,0.0
2025-09-20 01:15:00,LUM_SAL_02,luminosity,Sala_Reuniao,4.0
2025-09-20 01:30:00,LUM_SAL_02,luminosity,Sala_Reuniao,2.0
2025-09-20 01:45:00,LUM_SAL_02,luminosity,Sala_Reuniao,0.0
2025-09-20 02:00:00,LUM_SAL_02,luminosity,Sala_Reuniao,0.0
2025-09-20 02:15:00,LUM_SAL_02,luminosity,Sala_Reuniao,0.0
2025-09-20 02:30:00,LUM_SAL_02,luminosity,Sala_Reuniao,0.0
2025-09-20 02:45:00,LUM_SAL_02,luminosity,Sala_Reuniao,0.0
2025-09-20 03:00:00,LUM_SAL_02,luminosity,Sala_Reuniao,0.0
2025-09-20 03:15:00,LUM_SAL_02,luminosity,Sala_Reuniao,1.0
2025-09-20 03:30:00,LUM_SAL_02,luminosity,Sala_Reuniao,1.0
2025-09-20 03:45:00,LUM_SAL_02,luminosity,Sala_Reuniao,2.0
2025-09-20 04:00:00,LUM_SAL_02,luminosity,Sala_Reuniao,0.0
2025-09-20 04:15:00,LUM_SAL_02,luminosity,Sala_Reuniao,0.0
2025-09-20 04:30:00,LUM_SAL_02,luminosity,Sala_Reuniao,0.0
2025-09-20 04:45:00,LUM_SAL_02,luminosity,Sala_Reuniao,4.0
2025-09-20 05:00:00,LUM_SAL_02,luminosity,Sala_Reuniao,0.0
2025-09-20 05:15:00,LUM_SAL_02,luminosity,Sala_Reuniao,0.0
2025-09-20 05:30:00,LUM_SAL_02,luminosity,Sala_Reuniao,8.0
2025-09-20 05:45:00,LUM_SAL_02,luminosity,Sala_Reuniao,0.0
2025-09-20 06:00:00,LUM_SAL_02,luminosity,Sala_Reuniao,372.0
2025-09-20 06:15:00,LUM_SAL_02,luminosity,Sala_Reuniao,461.0
2025-09-20 06:30:00,LUM_SAL_02,luminosity,Sala_Reuniao,483.0
2025-09-20 06:45:00,LUM_SAL_02,luminosity,Sala_Reuniao,511.0
2025-09-20 07:00:00,LUM_SAL_02,luminosity,Sala_Reuniao,562.0
2025-09-20 07:15:00,LUM_SAL_02,luminosity,Sala_Reuniao,494.0
2025-09-20 07:30:00,LUM_SAL_02,luminosity,Sala_Reuniao,664.0
2025-09-20 07:45:00,LUM_SAL_02,luminosity,Sala_Reuniao,733.0
2025-09-20 08:00:00,LUM_SAL_02,luminosity,Sala_Reuniao,720.0
2025-09-20 08:15:00,LUM_SAL_02,luminosity,Sala_Reuniao,742.0
2025-09-20 08:30:00,LUM_SAL_02,luminosity,Sala_Reuniao,823.0
2025-09-20 08:45:00,LUM_SAL_02,luminosity,Sala_Reuniao,780.0
2025-09-20 09:00:00,LUM_SAL_02,luminosity,Sala_Reuniao,925.0
2025-09-20 09:15:00,LUM_SAL_02,luminosity,Sala_Reuniao,899.0
2025-09-20 09:30:00,LUM_SAL_02,luminosity,Sala_Reuniao,955.0
2025-09-20 09:45:00,LUM_SAL_02,luminosity,Sala_Reuniao,1058.0
2025-09-20 10:00:00,LUM_SAL_02,luminosity,Sala_Reuniao,1024.0
2025-09-20 10:15:00,LUM_SAL_02,luminosity,Sala_Reuniao,1069.0
2025-09-20 10:30:00,LUM_SAL_02,luminosity,Sala_Reuniao,1037.0
2025-09-20 10:45:00,LUM_SAL_02,luminosity,Sala_Reuniao,1046.0
2025-09-20 11:00:00,LUM_SAL_02,luminosity,Sala_Reuniao,1062.0
2025-09-20 11:15:00,LUM_SAL_02,luminosity,Sala_Reuniao,1113.0
2025-09-20 11:30:00,LUM_SAL_02,luminosity,Sala_Reuniao,1097.0
2025-09-20 11:45:00,LUM_SAL_02,luminosity,Sala_Reuniao,1164.0
2025-09-20 12:00:00,LUM_SAL_02,luminosity,Sala_Reuniao,1191.0
2025-09-20 12:15:00,LUM_SAL_02,luminosity,Sala_Reuniao,1056.0
2025-09-20 12:30:00,LUM_SAL_02,luminosity,Sala_Reuniao,1114.0
2025-09-20 12:45:00,LUM_SAL_02,luminosity,Sala_Reuniao,1120.0
2025-09-20 13:00:00,LUM_SAL_02,luminosity,Sala_Reuniao,1068.0
2025-09-20 13:15:00,LUM_SAL_02,luminosity,Sala_Reuniao,1103.0
2025-09-20 13:30:00,LUM_SAL_02,luminosity,Sala_Reuniao,1061.0
2025-09-20 13:45:00,LUM_SAL_02,luminosity,Sala_Reuniao,1044.0
2025-09-20 14:00:00,LUM_SAL_02,luminosity,Sala_Reuniao,984.0
2025-09-20 14:15:00,LUM_SAL_02,luminosity,Sala_Reuniao,1075.0
2025-09-20 14:30:00,LUM_SAL_02,luminosity,Sala_Reuniao,966.0
2025-09-20 14:45:00,LUM_SAL_02,luminosity,Sala_Reuniao,918.0
2025-09-20 15:00:00,LUM_SAL_02,luminosity,Sala_Reuniao,859.0
2025-09-20 15:15:00,LUM_SAL_02,luminosity,Sala_Reuniao,882.0
2025-09-20 15:30:00,LUM_SAL_02,luminosity,Sala_Reuniao,839.0
2025-09-20 15:45:00,LUM_SAL_02,luminosity,Sala_Reuniao,756.0
2025-09-20 16:00:00,LUM_SAL_02,luminosity,Sala_Reuniao,731.0
2025-09-20 16:15:00,LUM_SAL_02,luminosity,Sala_Reuniao,731.0
2025-09-20 16:30:00,LUM_SAL_02,luminosity,Sala_Reuniao,641.0
2025-09-20 16:45:00,LUM_SAL_02,luminosity,Sala_Reuniao,615.0
2025-09-20 17:00:00,LUM_SAL_02,luminosity,Sala_Reuniao,521.0
2025-09-20 17:15:00,LUM_SAL_02,luminosity,Sala_Reuniao,506.0
2025-09-20 17:30:00,LUM_SAL_02,luminosity,Sala_Reuniao,434.0
2025-09-20 17:45:00,LUM_SAL_02,luminosity,Sala_Reuniao,406.0
2025-09-20 18:00:00,LUM_SAL_02,luminosity,Sala_Reuniao,0.0
2025-09-20 18:15:00,LUM_SAL_02,luminosity,Sala_Reuniao,0.0
2025-09-20 18:30:00,LUM_SAL_02,luminosity,Sala_Reuniao,0.0
2025-09-20 18:45:00,LUM_SAL_02,luminosity,Sala_Reuniao,8.0
2025-09-20 19:00:00,LUM_SAL_02,luminosity,Sala_Reuniao,0.0
2025-09-20 19:15:00,LUM_SAL_02,luminosity,Sala_Reuniao,7.0
2025-09-20 19:30:00,LUM_SAL_02,luminosity,Sala_Reuniao,0.0
2025-09-20 19:45:00,LUM_SAL_02,luminosity,Sala_Reuniao,0.0
2025-09-20 20:00:00,LUM_SAL_02,luminosity,Sala_Reuniao,7.0
2025-09-20 20:15:00,LUM_SAL_02,luminosity,Sala_Reuniao,4.0
2025-09-20 20:30:00,LUM_SAL_02,luminosity,Sala_Reuniao,0.0
2025-09-20 20:45:00,LUM_SAL_02,luminosity,Sala_Reuniao,0.0
2025-09-20 21:00:00,LUM_SAL_02,luminosity,Sala_Reuniao,0.0
2025-09-20 21:15:00,LUM_SAL_02,luminosity,Sala_Reuniao,1.0
2025-09-20 21:30:00,LUM_SAL_02,luminosity,Sala_Reuniao,0.0
2025-09-20 21:45:00,LUM_SAL_02,luminosity,Sala_Reuniao,1.0
2025-09-20 22:00:00,LUM_SAL_02,luminosity,Sala_Reuniao,7.0
2025-09-20 22:15:00,LUM_SAL_02,luminosity,Sala_Reuniao,1.0
2025-09-20 22:30:00,LUM_SAL_02,luminosity,Sala_Reuniao,5.0
2025-09-20 22:45:00,LUM_SAL_02,luminosity,Sala_Reuniao,0.0
2025-09-20 23:00:00,LUM_SAL_02,luminosity,Sala_Reuniao,2.0
2025-09-20 23:15:00,LUM_SAL_02,luminosity,Sala_Reuniao,6.0
2025-09-20 23:30:00,LUM_SAL_02,luminosity,Sala_Reuniao,0.0
2025-09-20 23:45:00,LUM_SAL_02,luminosity,Sala_Reuniao,11.0
2025-09-21 00:00:00,LUM_SAL_02,luminosity,Sala_Reuniao,0.0
2025-09-21 00:15:00,LUM_SAL_02,luminosity,Sala_Reuniao,2.0
2025-09-21 00:30:00,LUM_SAL_02,luminosity,Sala_Reuniao,2.0
2025-09-21 00:45:00,LUM_SAL_02,luminosity,Sala_Reuniao,6.0
2025-09-21 01:00:00,LUM_SAL_02,luminosity,Sala_Reuniao,3.0
2025-09-21 01:15:00,LUM_SAL_02,luminosity,Sala_Reuniao,1.0
2025-09-21 01:30:00,LUM_SAL_02,luminosity,Sala_Reuniao,0.0
2025-09-21 01:45:00,LUM_SAL_02,luminosity,Sala_Reuniao,4.0
2025-09-21 02:00:00,LUM_SAL_02,luminosity,Sala_Reuniao,0.0
2025-09-21 02:15:00,LUM_SAL_02,luminosity,Sala_Reuniao,0.0
2025-09-21 02:30:00,LUM_SAL_02,luminosity,Sala_Reuniao,2.0
2025-09-21 02:45:00,LUM_SAL_02,luminosity,Sala_Reuniao,0.0
2025-09-21 03:00:00,LUM_SAL_02,luminosity,Sala_Reuniao,0.0
2025-09-21 03:15:00,LUM_SAL_02,luminosity,Sala_Reuniao,0.0
2025-09-21 03:30:00,LUM_SAL_02,luminosity,Sala_Reuniao,0.0
2025-09-21 03:45:00,LUM_SAL_02,luminosity,Sala_Reuniao,0.0
2025-09-21 04:00:00,LUM_SAL_02,luminosity,Sala_Reuniao,0.0
2025-09-21 04:15:00,LUM_SAL_02,luminosity,Sala_Reuniao,0.0
2025-09-21 04:30:00,LUM_SAL_02,luminosity,Sala_Reuniao,0.0
2025-09-21 04:45:00,LUM_SAL_02,luminosity,Sala_Reuniao,0.0
2025-09-21 05:00:00,LUM_SAL_02,luminosity,Sala_Reuniao,5.0
2025-09-21 05:15:00,LUM_SAL_02,luminosity,Sala_Reuniao,0.0
2025-09-21 05:30:00,LUM_SAL_02,luminosity,Sala_Reuniao,1.0
2025-09-21 05:45:00,LUM_SAL_02,luminosity,Sala_Reuniao,3.0
2025-09-21 06:00:00,LUM_SAL_02,luminosity,Sala_Reuniao,226.0
2025-09-21 06:15:00,LUM_SAL_02,luminosity,Sala_Reuniao,410.0
2025-09-21 06:30:00,LUM_SAL_02,luminosity,Sala_Reuniao,358.0
2025-09-21 06:45:00,LUM_SAL_02,luminosity,Sala_Reuniao,477.0
2025-09-21 07:00:00,LUM_SAL_02,luminosity,Sala_Reuniao,591.0
2025-09-21 07:15:00,LUM_SAL_02,luminosity,Sala_Reuniao,547.0
2025-09-21 07:30:00,LUM_SAL_02,luminosity,Sala_Reuniao,644.0
2025-09-21 07:45:00,LUM_SAL_02,luminosity,Sala_Reuniao,623.0
2025-09-21 08:00:00,LUM_SAL_02,luminosity,Sala_Reuniao,711.0
2025-09-21 08:15:00,LUM_SAL_02,luminosity,Sala_Reuniao,683.0
2025-09-21 08:30:00,LUM_SAL_02,luminosity,Sala_Reuniao,743.0
2025-09-21 08:45:00,LUM_SAL_02,luminosity,Sala_Reuniao,877.0
2025-09-21 09:00:00,LUM_SAL_02,luminosity,Sala_Reuniao,957.0
2025-09-21 09:15:00,LUM_SAL_02,luminosity,Sala_Reuniao,920.0
2025-09-21 09:30:00,LUM_SAL_02,luminosity,Sala_Reuniao,998.0
2025-09-21 09:45:00,LUM_SAL_02,luminosity,Sala_Reuniao,931.0
2025-09-21 10:00:00,LUM_SAL_02,luminosity,Sala_Reuniao,1061.0
2025-09-21 10:15:00,LUM_SAL_02,luminosity,Sala_Reuniao,1117.0
2025-09-21 10:30:00,LUM_SAL_02,luminosity,Sala_Reuniao,1029.0
2025-09-21 10:45:00,LUM_SAL_02,luminosity,Sala_Reuniao,1062.0
2025-09-21 11:00:00,LUM_SAL_02,luminosity,Sala_Reuniao,1076.0
2025-09-21 11:15:00,LUM_SAL_02,luminosity,Sala_Reuniao,1164.0
2025-09-21 11:30:00,LUM_SAL_02,luminosity,Sala_Reuniao,1031.0
2025-09-21 11:45:00,LUM_SAL_02,luminosity,Sala_Reuniao,1177.0
2025-09-21 12:00:00,LUM_SAL_02,luminosity,Sala_Reuniao,1078.0
2025-09-21 12:15:00,LUM_SAL_02,luminosity,Sala_Reuniao,1054.0
2025-09-21 12:30:00,LUM_SAL_02,luminosity,Sala_Reuniao,1077.0
2025-09-21 12:45:00,LUM_SAL_02,luminosity,Sala_Reuniao,1159.0
2025-09-21 13:00:00,LUM_SAL_02,luminosity,Sala_Reuniao,1206.0
2025-09-21 13:15:00,LUM_SAL_02,luminosity,Sala_Reuniao,1097.0
2025-09-21 13:30:00,LUM_SAL_02,luminosity,Sala_Reuniao,1079.0
2025-09-21 13:45:00,LUM_SAL_02,luminosity,Sala_Reuniao,978.0
2025-09-21 14:00:00,LUM_SAL_02,luminosity,Sala_Reuniao,983.0
2025-09-21 14:15:00,LUM_SAL_02,luminosity,Sala_Reuniao,1001.0
2025-09-21 14:30:00,LUM_SAL_02,luminosity,Sala_Reuniao,938.0
2025-09-21 14:45:00,LUM_SAL_02,luminosity,Sala_Reuniao,1013.0
2025-09-21 15:00:00,LUM_SAL_02,luminosity,Sala_Reuniao,934.0
2025-09-21 15:15:00,LUM_SAL_02,luminosity,Sala_Reuniao,888.0
2025-09-21 15:30:00,LUM_SAL_02,luminosity,Sala_Reuniao,757.0
2025-09-21 15:45:00,LUM_SAL_02,luminosity,Sala_Reuniao,748.0
2025-09-21 16:00:00,LUM_SAL_02,luminosity,Sala_Reuniao,733.0
2025-09-21 16:15:00,LUM_SAL_02,luminosity,Sala_Reuniao,706.0
2025-09-21 16:30:00,LUM_SAL_02,luminosity,Sala_Reuniao,593.0
2025-09-21 16:45:00,LUM_SAL_02,luminosity,Sala_Reuniao,605.0
2025-09-21 17:00:00,LUM_SAL_02,luminosity,Sala_Reuniao,463.0
2025-09-21 17:15:00,LUM_SAL_02,luminosity,Sala_Reuniao,568.0
2025-09-21 17:30:00,LUM_SAL_02,luminosity,Sala_Reuniao,380.0
2025-09-21 17:45:00,LUM_SAL_02,luminosity,Sala_Reuniao,353.0
2025-09-21 18:00:00,LUM_SAL_02,luminosity,Sala_Reuniao,2.0
2025-09-21 18:15:00,LUM_SAL_02,luminosity,Sala_Reuniao,4.0
2025-09-21 18:30:00,LUM_SAL_02,luminosity,Sala_Reuniao,10.0
2025-09-21 18:45:00,LUM_SAL_02,luminosity,Sala_Reuniao,0.0
2025-09-21 19:00:00,LUM_SAL_02,luminosity,Sala_Reuniao,0.0
2025-09-21 19:15:00,LUM_SAL_02,luminosity,Sala_Reuniao,3.0
2025-09-21 19:30:00,LUM_SAL_02,luminosity,Sala_Reuniao,0.0
2025-09-21 19:45:00,LUM_SAL_02,luminosity,Sala_Reuniao,0.0
2025-09-21 20:00:00,LUM_SAL_02,luminosity,Sala_Reuniao,0.0
2025-09-21 20:15:00,LUM_SAL_02,luminosity,Sala_Reuniao,0.0
2025-09-21 20:30:00,LUM_SAL_02,luminosity,Sala_Reuniao,0.0
2025-09-21 20:45:00,LUM_SAL_02,luminosity,Sala_Reuniao,1.0
2025-09-21 21:00:00,LUM_SAL_02,luminosity,Sala_Reuniao,8.0
2025-09-21 21:15:00,LUM_SAL_02,luminosity,Sala_Reuniao,0.0
2025-09-21 21:30:00,LUM_SAL_02,luminosity,Sala_Reuniao,0.0
2025-09-21 21:45:00,LUM_SAL_02,luminosity,Sala_Reuniao,0.0
2025-09-21 22:00:00,LUM_SAL_02,luminosity,Sala_Reuniao,6.0
2025-09-21 22:15:00,LUM_SAL_02,luminosity,Sala_Reuniao,0.0
2025-09-21 22:30:00,LUM_SAL_02,luminosity,Sala_Reuniao,0.0
2025-09-21 22:45:00,LUM_SAL_02,luminosity,Sala_Reuniao,6.0
2025-09-21 23:00:00,LUM_SAL_02,luminosity,Sala_Reuniao,0.0
2025-09-21 23:15:00,LUM_SAL_02,luminosity,Sala_Reuniao,7.0
2025-09-21 23:30:00,LUM_SAL_02,luminosity,Sala_Reuniao,0.0
2025-09-21 23:45:00,LUM_SAL_02,luminosity,Sala_Reuniao,0.0
2025-09-15 00:00:00,OCC_SAL_03,occupancy,Sala_Reuniao,0.0
2025-09-15 00:15:00,OCC_SAL_03,occupancy,Sala_Reuniao,0.0
2025-09-15 00:30:00,OCC_SAL_03,occupancy,Sala_Reuniao,0.0
2025-09-15 00:45:00,OCC_SAL_03,occupancy,Sala_Reuniao,0.0
2025-09-15 01:00:00,OCC_SAL_03,occupancy,Sala_Reuniao,0.0
2025-09-15 01:15:00,OCC_SAL_03,occupancy,Sala_Reuniao,0.0
2025-09-15 01:30:00,OCC_SAL_03,occupancy,Sala_Reuniao,0.0
2025-09-15 01:45:00,OCC_SAL_03,occupancy,Sala_Reuniao,0.0
2025-09-15 02:00:00,OCC_SAL_03,occupancy,Sala_Reuniao,0.0
2025-09-15 02:15:00,OCC_SAL_03,occupancy,Sala_Reuniao,0.0
2025-09-15 02:30:00,OCC_SAL_03,occupancy,Sala_Reuniao,0.0
2025-09-15 02:45:00,OCC_SAL_03,occupancy,Sala_Reuniao,0.0
2025-09-15 03:00:00,OCC_SAL_03,occupancy,Sala_Reuniao,0.0
2025-09-15 03:15:00,OCC_SAL_03,occupancy,Sala_Reuniao,0.0
2025-09-15 03:30:00,OCC_SAL_03,occupancy,Sala_Reuniao,0.0
2025-09-15 03:45:00,OCC_SAL_03,occupancy,Sala_Reuniao,0.0
2025-09-15 04:00:00,OCC_SAL_03,occupancy,Sala_Reuniao,0.0
2025-09-15 04:15:00,OCC_SAL_03,occupancy,Sala_Reuniao,0.0
2025-09-15 04:30:00,OCC_SAL_03,occupancy,Sala_Reuniao,0.0
2025-09-15 04:45:00,OCC_SAL_03,occupancy,Sala_Reuniao,0.0
2025-09-15 05:00:00,OCC_SAL_03,occupancy,Sala_Reuniao,0.0
2025-09-15 05:15:00,OCC_SAL_03,occupancy,Sala_Reuniao,0.0
2025-09-15 05:30:00,OCC_SAL_03,occupancy,Sala_Reuniao,0.0
2025-09-15 05:45:00,OCC_SAL_03,occupancy,Sala_Reuniao,0.0
2025-09-15 06:00:00,OCC_SAL_03,occupancy,Sala_Reuniao,0.0
2025-09-15 06:15:00,OCC_SAL_03,occupancy,Sala_Reuniao,0.0
2025-09-15 06:30:00,OCC_SAL_03,occupancy,Sala_Reuniao,0.0
2025-09-15 06:45:00,OCC_SAL_03,occupancy,Sala_Reuniao,0.0
2025-09-15 07:00:00,OCC_SAL_03,occupancy,Sala_Reuniao,0.0
2025-09-15 07:15:00,OCC_SAL_03,occupancy,Sala_Reuniao,0.0
2025-09-15 07:30:00,OCC_SAL_03,occupancy,Sala_Reuniao,0.0
2025-09-15 07:45:00,OCC_SAL_03,occupancy,Sala_Reuniao,0.0
2025-09-15 08:00:00,OCC_SAL_03,occupancy,Sala_Reuniao,0.0
2025-09-15 08:15:00,OCC_SAL_03,occupancy,Sala_Reuniao,0.0
2025-09-15 08:30:00,OCC_SAL_03,occupancy,Sala_Reuniao,0.0
2025-09-15 08:45:00,OCC_SAL_03,occupancy,Sala_Reuniao,0.0
2025-09-15 09:00:00,OCC_SAL_03,occupancy,Sala_Reuniao,0.0
2025-09-15 09:15:00,OCC_SAL_03,occupancy,Sala_Reuniao,0.0
2025-09-15 09:30:00,OCC_SAL_03,occupancy,Sala_Reuniao,0.0
2025-09-15 09:45:00,OCC_SAL_03,occupancy,Sala_Reuniao,0.0
2025-09-15 10:00:00,OCC_SAL_03,occupancy,Sala_Reuniao,1.0
2025-09-15 10:15:00,OCC_SAL_03,occupancy,Sala_Reuniao,1.0
2025-09-15 10:30:00,OCC_SAL_03,occupancy,Sala_Reuniao,0.0
2025-09-15 10:45:00,OCC_SAL_03,occupancy,Sala_Reuniao,0.0
2025-09-15 11:00:00,OCC_SAL_03,occupancy,Sala_Reuniao,0.0
2025-09-15 11:15:00,OCC_SAL_03,occupancy,Sala_Reuniao,0.0
2025-09-15 11:30:00,OCC_SAL_03,occupancy,Sala_Reuniao,1.0
2025-09-15 11:45:00,OCC_SAL_03,occupancy,Sala_Reuniao,1.0
2025-09-15 12:00:00,OCC_SAL_03,occupancy,Sala_Reuniao,0.0
2025-09-15 12:15:00,OCC_SAL_03,occupancy,Sala_Reuniao,0.0
2025-09-15 12:30:00,OCC_SAL_03,occupancy,Sala_Reuniao,0.0
2025-09-15 12:45:00,OCC_SAL_03,occupancy,Sala_Reuniao,0.0
2025-09-15 13:00:00,OCC_SAL_03,occupancy,Sala_Reuniao,0.0
2025-09-15 13:15:00,OCC_SAL_03,occupancy,Sala_Reuniao,1.0
2025-09-15 13:30:00,OCC_SAL_03,occupancy,Sala_Reuniao,1.0
2025-09-15 13:45:00,OCC_SAL_03,occupancy,Sala_Reuniao,0.0
2025-09-15 14:00:00,OCC_SAL_03,occupancy,Sala_Reuniao,0.0
2025-09-15 14:15:00,OCC_SAL_03,occupancy,Sala_Reuniao,0.0
2025-09-15 14:30:00,OCC_SAL_03,occupancy,Sala_Reuniao,0.0
2025-09-15 14:45:00,OCC_SAL_03,occupancy,Sala_Reuniao,0.0
2025-09-15 15:00:00,OCC_SAL_03,occupancy,Sala_Reuniao,0.0
2025-09-15 15:15:00,OCC_SAL_03,occupancy,Sala_Reuniao,1.0
2025-09-15 15:30:00,OCC_SAL_03,occupancy,Sala_Reuniao,0.0
2025-09-15 15:45:00,OCC_SAL_03,occupancy,Sala_Reuniao,0.0
2025-09-15 16:00:00,OCC_SAL_03,occupancy,Sala_Reuniao,0.0
2025-09-15 16:15:00,OCC_SAL_03,occupancy,Sala_Reuniao,0.0
2025-09-15 16:30:00,OCC_SAL_03,occupancy,Sala_Reuniao,0.0
2025-09-15 16:45:00,OCC_SAL_03,occupancy,Sala_Reuniao,0.0
2025-09-15 17:00:00,OCC_SAL_03,occupancy,Sala_Reuniao,0.0
2025-09-15 17:15:00,OCC_SAL_03,occupancy,Sala_Reuniao,0.0
2025-09-15 17:30:00,OCC_SAL_03,occupancy,Sala_Reuniao,0.0
2025-09-15 17:45:00,OCC_SAL_03,occupancy,Sala_Reuniao,0.0
2025-09-15 18:00:00,OCC_SAL_03,occupancy,Sala_Reuniao,1.0
2025-09-15 18:15:00,OCC_SAL_03,occupancy,Sala_Reuniao,0.0
2025-09-15 18:30:00,OCC_SAL_03,occupancy,Sala_Reuniao,0.0
2025-09-15 18:45:00,OCC_SAL_03,occupancy,Sala_Reuniao,0.0
2025-09-15 19:00:00,OCC_SAL_03,occupancy,Sala_Reuniao,0.0
2025-09-15 19:15:00,OCC_SAL_03,occupancy,Sala_Reuniao,0.0
2025-09-15 19:30:00,OCC_SAL_03,occupancy,Sala_Reuniao,0.0
2025-09-15 19:45:00,OCC_SAL_03,occupancy,Sala_Reuniao,0.0
2025-09-15 20:00:00,OCC_SAL_03,occupancy,Sala_Reuniao,0.0
2025-09-15 20:15:00,OCC_SAL_03,occupancy,Sala_Reuniao,0.0
2025-09-15 20:30:00,OCC_SAL_03,occupancy,Sala_Reuniao,0.0
2025-09-15 20:45:00,OCC_SAL_03,occupancy,Sala_Reuniao,0.0
2025-09-15 21:00:00,OCC_SAL_03,occupancy,Sala_Reuniao,0.0
2025-09-15 21:15:00,OCC_SAL_03,occupancy,Sala_Reuniao,0.0
2025-09-15 21:30:00,OCC_SAL_03,occupancy,Sala_Reuniao,0.0
2025-09-15 21:45:00,OCC_SAL_03,occupancy,Sala_Reuniao,0.0
2025-09-15 22:00:00,OCC_SAL_03,occupancy,Sala_Reuniao,0.0
2025-09-15 22:15:00,OCC_SAL_03,occupancy,Sala_Reuniao,0.0
2025-09-15 22:30:00,OCC_SAL_03,occupancy,Sala_Reuniao,0.0
2025-09-15 22:45:00,OCC_SAL_03,occupancy,Sala_Reuniao,0.0
2025-09-15 23:00:00,OCC_SAL_03,occupancy,Sala_Reuniao,0.0
2025-09-15 23:15:00,OCC_SAL_03,occupancy,Sala_Reuniao,1.0
2025-09-15 23:30:00,OCC_SAL_03,occupancy,Sala_Reuniao,0.0
2025-09-15 23:45:00,OCC_SAL_03,occupancy,Sala_Reuniao,0.0
2025-09-16 00:00:00,OCC_SAL_03,occupancy,Sala_Reuniao,0.0
2025-09-16 00:15:00,OCC_SAL_03,occupancy,Sala_Reuniao,0.0
2025-09-16 00:30:00,OCC_SAL_03,occupancy,Sala_Reuniao,0.0
2025-09-16 00:45:00,OCC_SAL_03,occupancy,Sala_Reuniao,0.0
2025-09-16 01:00:00,OCC_SAL_03,occupancy,Sala_Reuniao,0.0
2025-09-16 01:15:00,OCC_SAL_03,occupancy,Sala_Reuniao,0.0
2025-09-16 01:30:00,OCC_SAL_03,occupancy,Sala_Reuniao,0.0
2025-09-16 01:45:00,OCC_SAL_03,occupancy,Sala_Reuniao,0.0
2025-09-16 02:00:00,OCC_SAL_03,occupancy,Sala_Reuniao,0.0
2025-09-16 02:15:00,OCC_SAL_03,occupancy,Sala_Reuniao,0.0
2025-09-16 02:30:00,OCC_SAL_03,occupancy,Sala_Reuniao,0.0
2025-09-16 02:45:00,OCC_SAL_03,occupancy,Sala_Reuniao,0.0
2025-09-16 03:00:00,OCC_SAL_03,occupancy,Sala_Reuniao,0.0
2025-09-16 03:15:00,OCC_SAL_03,occupancy,Sala_Reuniao,0.0
2025-09-16 03:30:00,OCC_SAL_03,occupancy,Sala_Reuniao,0.0
2025-09-16 03:45:00,OCC_SAL_03,occupancy,Sala_Reuniao,0.0
2025-09-16 04:00:00,OCC_SAL_03,occupancy,Sala_Reuniao,0.0
2025-09-16 04:15:00,OCC_SAL_03,occupancy,Sala_Reuniao,0.0
2025-09-16 04:30:00,OCC_SAL_03,occupancy,Sala_Reuniao,0.0
2025-09-16 04:45:00,OCC_SAL_03,occupancy,Sala_Reuniao,0.0
2025-09-16 05:00:00,OCC_SAL_03,occupancy,Sala_Reuniao,0.0
2025-09-16 05:15:00,OCC_SAL_03,occupancy,Sala_Reuniao,0.0
2025-09-16 05:30:00,OCC_SAL_03,occupancy,Sala_Reuniao,0.0
2025-09-16 05:45:00,OCC_SAL_03,occupancy,Sala_Reuniao,0.0
2025-09-16 06:00:00,OCC_SAL_03,occupancy,Sala_Reuniao,0.0
2025-09-16 06:15:00,OCC_SAL_03,occupancy,Sala_Reuniao,0.0
2025-09-16 06:30:00,OCC_SAL_03,occupancy,Sala_Reuniao,0.0
2025-09-16 06:45:00,OCC_SAL_03,occupancy,Sala_Reuniao,0.0
2025-09-16 07:00:00,OCC_SAL_03,occupancy,Sala_Reuniao,0.0
2025-09-16 07:15:00,OCC_SAL_03,occupancy,Sala_Reuniao,0.0
2025-09-16 07:30:00,OCC_SAL_03,occupancy,Sala_Reuniao,0.0
2025-09-16 07:45:00,OCC_SAL_03,occupancy,Sala_Reuniao,0.0
2025-09-16 08:00:00,OCC_SAL_03,occupancy,Sala_Reuniao,0.0
2025-09-16 08:15:00,OCC_SAL_03,occupancy,Sala_Reuniao,0.0
2025-09-16 08:30:00,OCC_SAL_03,occupancy,Sala_Reuniao,0.0
2025-09-16 08:45:00,OCC_SAL_03,occupancy,Sala_Reuniao,0.0
2025-09-16 09:00:00,OCC_SAL_03,occupancy,Sala_Reuniao,0.0
2025-09-16 09:15:00,OCC_SAL_03,occupancy,Sala_Reuniao,0.0
2025-09-16 09:30:00,OCC_SAL_03,occupancy,Sala_Reuniao,0.0
2025-09-16 09:45:00,OCC_SAL_03,occupancy,Sala_Reuniao,0.0
2025-09-16 10:00:00,OCC_SAL_03,occupancy,Sala_Reuniao,0.0
2025-09-16 10:15:00,OCC_SAL_03,occupancy,Sala_Reuniao,0.0
2025-09-16 10:30:00,OCC_SAL_03,occupancy,Sala_Reuniao,1.0
2025-09-16 10:45:00,OCC_SAL_03,occupancy,Sala_Reuniao,1.0
2025-09-16 11:00:00,OCC_SAL_03,occupancy,Sala_Reuniao,0.0
2025-09-16 11:15:00,OCC_SAL_03,occupancy,Sala_Reuniao,0.0
2025-09-16 11:30:00,OCC_SAL_03,occupancy,Sala_Reuniao,0.0
2025-09-16 11:45:00,OCC_SAL_03,occupancy,Sala_Reuniao,0.0
2025-09-16 12:00:00,OCC_SAL_03,occupancy,Sala_Reuniao,0.0
2025-09-16 12:15:00,OCC_SAL_03,occupancy,Sala_Reuniao,0.0
2025-09-16 12:30:00,OCC_SAL_03,occupancy,Sala_Reuniao,0.0
2025-09-16 12:45:00,OCC_SAL_03,occupancy,Sala_Reuniao,0.0
2025-09-16 13:00:00,OCC_SAL_03,occupancy,Sala_Reuniao,0.0
2025-09-16 13:15:00,OCC_SAL_03,occupancy,Sala_Reuniao,0.0
2025-09-16 13:30:00,OCC_SAL_03,occupancy,Sala_Reuniao,0.0
2025-09-16 13:45:00,OCC_SAL_03,occupancy,Sala_Reuniao,0.0
2025-09-16 14:00:00,OCC_SAL_03,occupancy,Sala_Reuniao,0.0
2025-09-16 14:15:00,OCC_SAL_03,occupancy,Sala_Reuniao,0.0
2025-09-16 14:30:00,OCC_SAL_03,occupancy,Sala_Reuniao,0.0
2025-09-16 14:45:00,OCC_SAL_03,occupancy,Sala_Reuniao,0.0
2025-09-16 15:00:00,OCC_SAL_03,occupancy,Sala_Reuniao,0.0
2025-09-16 15:15:00,OCC_SAL_03,occupancy,Sala_Reuniao,0.0
2025-09-16 15:30:00,OCC_SAL_03,occupancy,Sala_Reuniao,0.0
2025-09-16 15:45:00,OCC_SAL_03,occupancy,Sala_Reuniao,1.0
2025-09-16 16:00:00,OCC_SAL_03,occupancy,Sala_Reuniao,0.0
2025-09-16 16:15:00,OCC_SAL_03,occupancy,Sala_Reuniao,0.0
2025-09-16 16:30:00,OCC_SAL_03,occupancy,Sala_Reuniao,0.0
2025-09-16 16:45:00,OCC_SAL_03,occupancy,Sala_Reuniao,1.0
2025-09-16 17:00:00,OCC_SAL_03,occupancy,Sala_Reuniao,0.0
2025-09-16 17:15:00,OCC_SAL_03,occupancy,Sala_Reuniao,0.0
2025-09-16 17:30:00,OCC_SAL_03,occupancy,Sala_Reuniao,0.0
2025-09-16 17:45:00,OCC_SAL_03,occupancy,Sala_Reuniao,0.0
2025-09-16 18:00:00,OCC_SAL_03,occupancy,Sala_Reuniao,0.0
2025-09-16 18:15:00,OCC_SAL_03,occupancy,Sala_Reuniao,0.0
2025-09-16 18:30:00,OCC_SAL_03,occupancy,Sala_Reuniao,0.0
2025-09-16 18:45:00,OCC_SAL_03,occupancy,Sala_Reuniao,0.0
2025-09-16 19:00:00,OCC_SAL_03,occupancy,Sala_Reuniao,0.0
2025-09-16 19:15:00,OCC_SAL_03,occupancy,Sala_Reuniao,0.0
2025-09-16 19:30:00,OCC_SAL_03,occupancy,Sala_Reuniao,0.0
2025-09-16 19:45:00,OCC_SAL_03,occupancy,Sala_Reuniao,0.0
2025-09-16 20:00:00,OCC_SAL_03,occupancy,Sala_Reuniao,0.0
2025-09-16 20:15:00,OCC_SAL_03,occupancy,Sala_Reuniao,0.0
2025-09-16 20:30:00,OCC_SAL_03,occupancy,Sala_Reuniao,0.0
2025-09-16 20:45:00,OCC_SAL_03,occupancy,Sala_Reuniao,0.0
2025-09-16 21:00:00,OCC_SAL_03,occupancy,Sala_Reuniao,0.0
2025-09-16 21:15:00,OCC_SAL_03,occupancy,Sala_Reuniao,0.0
2025-09-16 21:30:00,OCC_SAL_03,occupancy,Sala_Reuniao,0.0
2025-09-16 21:45:00,OCC_SAL_03,occupancy,Sala_Reuniao,0.0
2025-09-16 22:00:00,OCC_SAL_03,occupancy,Sala_Reuniao,0.0
2025-09-16 22:15:00,OCC_SAL_03,occupancy,Sala_Reuniao,0.0
2025-09-16 22:30:00,OCC_SAL_03,occupancy,Sala_Reuniao,0.0
2025-09-16 22:45:00,OCC_SAL_03,occupancy,Sala_Reuniao,0.0
2025-09-16 23:00:00,OCC_SAL_03,occupancy,Sala_Reuniao,0.0
2025-09-16 23:15:00,OCC_SAL_03,occupancy,Sala_Reuniao,0.0
2025-09-16 23:30:00,OCC_SAL_03,occupancy,Sala_Reuniao,0.0
2025-09-16 23:45:00,OCC_SAL_03,occupancy,Sala_Reuniao,0.0
2025-09-17 00:00:00,OCC_SAL_03,occupancy,Sala_Reuniao,0.0
2025-09-17 00:15:00,OCC_SAL_03,occupancy,Sala_Reuniao,0.0
2025-09-17 00:30:00,OCC_SAL_03,occupancy,Sala_Reuniao,0.0
2025-09-17 00:45:00,OCC_SAL_03,occupancy,Sala_Reuniao,0.0
2025-09-17 01:00:00,OCC_SAL_03,occupancy,Sala_Reuniao,0.0
2025-09-17 01:15:00,OCC_SAL_03,occupancy,Sala_Reuniao,0.0
2025-09-17 01:30:00,OCC_SAL_03,occupancy,Sala_Reuniao,0.0
2025-09-17 01:45:00,OCC_SAL_03,occupancy,Sala_Reuniao,0.0
2025-09-17 02:00:00,OCC_SAL_03,occupancy,Sala_Reuniao,0.0
2025-09-17 02:15:00,OCC_SAL_03,occupancy,Sala_Reuniao,0.0
2025-09-17 02:30:00,OCC_SAL_03,occupancy,Sala_Reuniao,0.0
2025-09-17 02:45:00,OCC_SAL_03,occupancy,Sala_Reuniao,0.0
2025-09-17 03:00:00,OCC_SAL_03,occupancy,Sala_Reuniao,0.0
2025-09-17 03:15:00,OCC_SAL_03,occupancy,Sala_Reuniao,0.0
2025-09-17 03:30:00,OCC_SAL_03,occupancy,Sala_Reuniao,0.0
2025-09-17 03:45:00,OCC_SAL_03,occupancy,Sala_Reuniao,0.0
2025-09-17 04:00:00,OCC_SAL_03,occupancy,Sala_Reuniao,0.0
2025-09-17 04:15:00,OCC_SAL_03,occupancy,Sala_Reuniao,0.0
2025-09-17 04:30:00,OCC_SAL_03,occupancy,Sala_Reuniao,0.0
2025-09-17 04:45:00,OCC_SAL_03,occupancy,Sala_Reuniao,1.0
2025-09-17 05:00:00,OCC_SAL_03,occupancy,Sala_Reuniao,0.0
2025-09-17 05:15:00,OCC_SAL_03,occupancy,Sala_Reuniao,0.0
2025-09-17 05:30:00,OCC_SAL_03,occupancy,Sala_Reuniao,0.0
2025-09-17 05:45:00,OCC_SAL_03,occupancy,Sala_Reuniao,0.0
2025-09-17 06:00:00,OCC_SAL_03,occupancy,Sala_Reuniao,0.0
2025-09-17 06:15:00,OCC_SAL_03,occupancy,Sala_Reuniao,0.0
2025-09-17 06:30:00,OCC_SAL_03,occupancy,Sala_Reuniao,0.0
2025-09-17 06:45:00,OCC_SAL_03,occupancy,Sala_Reuniao,0.0
2025-09-17 07:00:00,OCC_SAL_03,occupancy,Sala_Reuniao,0.0
2025-09-17 07:15:00,OCC_SAL_03,occupancy,Sala_Reuniao,0.0
2025-09-17 07:30:00,OCC_SAL_03,occupancy,Sala_Reuniao,0.0
2025-09-17 07:45:00,OCC_SAL_03,occupancy,Sala_Reuniao,0.0
2025-09-17 08:00:00,OCC_SAL_03,occupancy,Sala_Reuniao,0.0
2025-09-17 08:15:00,OCC_SAL_03,occupancy,Sala_Reuniao,0.0
2025-09-17 08:30:00,OCC_SAL_03,occupancy,Sala_Reuniao,0.0
2025-09-17 08:45:00,OCC_SAL_03,occupancy,Sala_Reuniao,0.0
2025-09-17 09:00:00,OCC_SAL_03,occupancy,Sala_Reuniao,0.0
2025-09-17 09:15:00,OCC_SAL_03,occupancy,Sala_Reuniao,0.0
2025-09-17 09:30:00,OCC_SAL_03,occupancy,Sala_Reuniao,0.0
2025-09-17 09:45:00,OCC_SAL_03,occupancy,Sala_Reuniao,0.0
2025-09-17 10:00:00,OCC_SAL_03,occupancy,Sala_Reuniao,0.0
2025-09-17 10:15:00,OCC_SAL_03,occupancy,Sala_Reuniao,0.0
2025-09-17 10:30:00,OCC_SAL_03,occupancy,Sala_Reuniao,0.0
2025-09-17 10:45:00,OCC_SAL_03,occupancy,Sala_Reuniao,0.0
2025-09-17 11:00:00,OCC_SAL_03,occupancy,Sala_Reuniao,0.0
2025-09-17 11:15:00,OCC_SAL_03,occupancy,Sala_Reuniao,0.0
2025-09-17 11:30:00,OCC_SAL_03,occupancy,Sala_Reuniao,0.0
2025-09-17 11:45:00,OCC_SAL_03,occupancy,Sala_Reuniao,0.0
2025-09-17 12:00:00,OCC_SAL_03,occupancy,Sala_Reuniao,1.0
2025-09-17 12:15:00,OCC_SAL_03,occupancy,Sala_Reuniao,0.0
2025-09-17 12:30:00,OCC_SAL_03,occupancy,Sala_Reuniao,1.0
2025-09-17 12:45:00,OCC_SAL_03,occupancy,Sala_Reuniao,1.0
2025-09-17 13:00:00,OCC_SAL_03,occupancy,Sala_Reuniao,0.0
2025-09-17 13:15:00,OCC_SAL_03,occupancy,Sala_Reuniao,0.0
2025-09-17 13:30:00,OCC_SAL_03,occupancy,Sala_Reuniao,1.0
2025-09-17 13:45:00,OCC_SAL_03,occupancy,Sala_Reuniao,1.0
2025-09-17 14:00:00,OCC_SAL_03,occupancy,Sala_Reuniao,0.0
2025-09-17 14:15:00,OCC_SAL_03,occupancy,Sala_Reuniao,0.0
2025-09-17 14:30:00,OCC_SAL_03,occupancy,Sala_Reuniao,0.0
2025-09-17 14:45:00,OCC_SAL_03,occupancy,Sala_Reuniao,0.0
2025-09-17 15:00:00,OCC_SAL_03,occupancy,Sala_Reuniao,0.0
2025-09-17 15:15:00,OCC_SAL_03,occupancy,Sala_Reuniao,0.0
2025-09-17 15:30:00,OCC_SAL_03,occupancy,Sala_Reuniao,0.0
2025-09-17 15:45:00,OCC_SAL_03,occupancy,Sala_Reuniao,1.0
2025-09-17 16:00:00,OCC_SAL_03,occupancy,Sala_Reuniao,0.0
2025-09-17 16:15:00,OCC_SAL_03,occupancy,Sala_Reuniao,0.0
2025-09-17 16:30:00,OCC_SAL_03,occupancy,Sala_Reuniao,0.0
2025-09-17 16:45:00,OCC_SAL_03,occupancy,Sala_Reuniao,0.0
2025-09-17 17:00:00,OCC_SAL_03,occupancy,Sala_Reuniao,0.0
2025-09-17 17:15:00,OCC_SAL_03,occupancy,Sala_Reuniao,0.0
2025-09-17 17:30:00,OCC_SAL_03,occupancy,Sala_Reuniao,0.0
2025-09-17 17:45:00,OCC_SAL_03,occupancy,Sala_Reuniao,0.0
2025-09-17 18:00:00,OCC_SAL_03,occupancy,Sala_Reuniao,0.0
2025-09-17 18:15:00,OCC_SAL_03,occupancy,Sala_Reuniao,0.0
2025-09-17 18:30:00,OCC_SAL_03,occupancy,Sala_Reuniao,0.0
2025-09-17 18:45:00,OCC_SAL_03,occupancy,Sala_Reuniao,0.0
2025-09-17 19:00:00,OCC_SAL_03,occupancy,Sala_Reuniao,0.0
2025-09-17 19:15:00,OCC_SAL_03,occupancy,Sala_Reuniao,0.0
2025-09-17 19:30:00,OCC_SAL_03,occupancy,Sala_Reuniao,0.0
2025-09-17 19:45:00,OCC_SAL_03,occupancy,Sala_Reuniao,0.0
2025-09-17 20:00:00,OCC_SAL_03,occupancy,Sala_Reuniao,0.0
2025-09-17 20:15:00,OCC_SAL_03,occupancy,Sala_Reuniao,0.0
2025-09-17 20:30:00,OCC_SAL_03,occupancy,Sala_Reuniao,0.0
2025-09-17 20:45:00,OCC_SAL_03,occupancy,Sala_Reuniao,0.0
2025-09-17 21:00:00,OCC_SAL_03,occupancy,Sala_Reuniao,0.0
2025-09-17 21:15:00,OCC_SAL_03,occupancy,Sala_Reuniao,0.0
2025-09-17 21:30:00,OCC_SAL_03,occupancy,Sala_Reuniao,0.0
2025-09-17 21:45:00,OCC_SAL_03,occupancy,Sala_Reuniao,0.0
2025-09-17 22:00:00,OCC_SAL_03,occupancy,Sala_Reuniao,0.0
2025-09-17 22:15:00,OCC_SAL_03,occupancy,Sala_Reuniao,0.0
2025-09-17 22:30:00,OCC_SAL_03,occupancy,Sala_Reuniao,0.0
2025-09-17 22:45:00,OCC_SAL_03,occupancy,Sala_Reuniao,0.0
2025-09-17 23:00:00,OCC_SAL_03,occupancy,Sala_Reuniao,0.0
2025-09-17 23:15:00,OCC_SAL_03,occupancy,Sala_Reuniao,0.0
2025-09-17 23:30:00,OCC_SAL_03,occupancy,Sala_Reuniao,0.0
2025-09-17 23:45:00,OCC_SAL_03,occupancy,Sala_Reuniao,0.0
2025-09-18 00:00:00,OCC_SAL_03,occupancy,Sala_Reuniao,0.0
2025-09-18 00:15:00,OCC_SAL_03,occupancy,Sala_Reuniao,0.0
2025-09-18 00:30:00,OCC_SAL_03,occupancy,Sala_Reuniao,0.0
2025-09-18 00:45:00,OCC_SAL_03,occupancy,Sala_Reuniao,0.0
2025-09-18 01:00:00,OCC_SAL_03,occupancy,Sala_Reuniao,0.0
2025-09-18 01:15:00,OCC_SAL_03,occupancy,Sala_Reuniao,0.0
2025-09-18 01:30:00,OCC_SAL_03,occupancy,Sala_Reuniao,0.0
2025-09-18 01:45:00,OCC_SAL_03,occupancy,Sala_Reuniao,0.0
2025-09-18 02:00:00,OCC_SAL_03,occupancy,Sala_Reuniao,0.0
2025-09-18 02:15:00,OCC_SAL_03,occupancy,Sala_Reuniao,0.0
2025-09-18 02:30:00,OCC_SAL_03,occupancy,Sala_Reuniao,0.0
2025-09-18 02:45:00,OCC_SAL_03,occupancy,Sala_Reuniao,0.0
2025-09-18 03:00:00,OCC_SAL_03,occupancy,Sala_Reuniao,0.0
2025-09-18 03:15:00,OCC_SAL_03,occupancy,Sala_Reuniao,0.0
2025-09-18 03:30:00,OCC_SAL_03,occupancy,Sala_Reuniao,0.0
2025-09-18 03:45:00,OCC_SAL_03,occupancy,Sala_Reuniao,0.0
2025-09-18 04:00:00,OCC_SAL_03,occupancy,Sala_Reuniao,0.0
2025-09-18 04:15:00,OCC_SAL_03,occupancy,Sala_Reuniao,0.0
2025-09-18 04:30:00,OCC_SAL_03,occupancy,Sala_Reuniao,0.0
2025-09-18 04:45:00,OCC_SAL_03,occupancy,Sala_Reuniao,0.0
2025-09-18 05:00:00,OCC_SAL_03,occupancy,Sala_Reuniao,0.0
2025-09-18 05:15:00,OCC_SAL_03,occupancy,Sala_Reuniao,0.0
2025-09-18 05:30:00,OCC_SAL_03,occupancy,Sala_Reuniao,0.0
2025-09-18 05:45:00,OCC_SAL_03,occupancy,Sala_Reuniao,0.0
2025-09-18 06:00:00,OCC_SAL_03,occupancy,Sala_Reuniao,0.0
2025-09-18 06:15:00,OCC_SAL_03,occupancy,Sala_Reuniao,0.0
2025-09-18 06:30:00,OCC_SAL_03,occupancy,Sala_Reuniao,0.0
2025-09-18 06:45:00,OCC_SAL_03,occupancy,Sala_Reuniao,0.0
2025-09-18 07:00:00,OCC_SAL_03,occupancy,Sala_Reuniao,0.0
2025-09-18 07:15:00,OCC_SAL_03,occupancy,Sala_Reuniao,0.0
2025-09-18 07:30:00,OCC_SAL_03,occupancy,Sala_Reuniao,0.0
2025-09-18 07:45:00,OCC_SAL_03,occupancy,Sala_Reuniao,0.0
2025-09-18 08:00:00,OCC_SAL_03,occupancy,Sala_Reuniao,0.0
2025-09-18 08:15:00,OCC_SAL_03,occupancy,Sala_Reuniao,0.0
2025-09-18 08:30:00,OCC_SAL_03,occupancy,Sala_Reuniao,0.0
2025-09-18 08:45:00,OCC_SAL_03,occupancy,Sala_Reuniao,1.0
2025-09-18 09:00:00,OCC_SAL_03,occupancy,Sala_Reuniao,0.0
2025-09-18 09:15:00,OCC_SAL_03,occupancy,Sala_Reuniao,0.0
2025-09-18 09:30:00,OCC_SAL_03,occupancy,Sala_Reuniao,0.0
2025-09-18 09:45:00,OCC_SAL_03,occupancy,Sala_Reuniao,0.0
2025-09-18 10:00:00,OCC_SAL_03,occupancy,Sala_Reuniao,0.0
2025-09-18 10:15:00,OCC_SAL_03,occupancy,Sala_Reuniao,1.0
2025-09-18 10:30:00,OCC_SAL_03,occupancy,Sala_Reuniao,0.0
2025-09-18 10:45:00,OCC_SAL_03,occupancy,Sala_Reuniao,0.0
2025-09-18 11:00:00,OCC_SAL_03,occupancy,Sala_Reuniao,0.0
2025-09-18 11:15:00,OCC_SAL_03,occupancy,Sala_Reuniao,0.0
2025-09-18 11:30:00,OCC_SAL_03,occupancy,Sala_Reuniao,1.0
2025-09-18 11:45:00,OCC_SAL_03,occupancy,Sala_Reuniao,0.0
2025-09-18 12:00:00,OCC_SAL_03,occupancy,Sala_Reuniao,0.0
2025-09-18 12:15:00,OCC_SAL_03,occupancy,Sala_Reuniao,0.0
2025-09-18 12:30:00,OCC_SAL_03,occupancy,Sala_Reuniao,0.0
2025-09-18 12:45:00,OCC_SAL_03,occupancy,Sala_Reuniao,0.0
2025-09-18 13:00:00,OCC_SAL_03,occupancy,Sala_Reuniao,0.0
2025-09-18 13:15:00,OCC_SAL_03,occupancy,Sala_Reuniao,0.0
2025-09-18 13:30:00,OCC_SAL_03,occupancy,Sala_Reuniao,0.0
2025-09-18 13:45:00,OCC_SAL_03,occupancy,Sala_Reuniao,0.0
2025-09-18 14:00:00,OCC_SAL_03,occupancy,Sala_Reuniao,0.0
2025-09-18 14:15:00,OCC_SAL_03,occupancy,Sala_Reuniao,0.0
2025-09-18 14:30:00,OCC_SAL_03,occupancy,Sala_Reuniao,1.0
2025-09-18 14:45:00,OCC_SAL_03,occupancy,Sala_Reuniao,0.0
2025-09-18 15:00:00,OCC_SAL_03,occupancy,Sala_Reuniao,0.0
2025-09-18 15:15:00,OCC_SAL_03,occupancy,Sala_Reuniao,0.0
2025-09-18 15:30:00,OCC_SAL_03,occupancy,Sala_Reuniao,0.0
2025-09-18 15:45:00,OCC_SAL_03,occupancy,Sala_Reuniao,0.0
2025-09-18 16:00:00,OCC_SAL_03,occupancy,Sala_Reuniao,1.0
2025-09-18 16:15:00,OCC_SAL_03,occupancy,Sala_Reuniao,0.0
2025-09-18 16:30:00,OCC_SAL_03,occupancy,Sala_Reuniao,0.0
2025-09-18 16:45:00,OCC_SAL_03,occupancy,Sala_Reuniao,0.0
2025-09-18 17:00:00,OCC_SAL_03,occupancy,Sala_Reuniao,1.0
2025-09-18 17:15:00,OCC_SAL_03,occupancy,Sala_Reuniao,0.0
2025-09-18 17:30:00,OCC_SAL_03,occupancy,Sala_Reuniao,1.0
2025-09-18 17:45:00,OCC_SAL_03,occupancy,Sala_Reuniao,0.0
2025-09-18 18:00:00,OCC_SAL_03,occupancy,Sala_Reuniao,0.0
2025-09-18 18:15:00,OCC_SAL_03,occupancy,Sala_Reuniao,0.0
2025-09-18 18:30:00,OCC_SAL_03,occupancy,Sala_Reuniao,0.0
2025-09-18 18:45:00,OCC_SAL_03,occupancy,Sala_Reuniao,0.0
2025-09-18 19:00:00,OCC_SAL_03,occupancy,Sala_Reuniao,0.0
2025-09-18 19:15:00,OCC_SAL_03,occupancy,Sala_Reuniao,0.0
2025-09-18 19:30:00,OCC_SAL_03,occupancy,Sala_Reuniao,0.0
2025-09-18 19:45:00,OCC_SAL_03,occupancy,Sala_Reuniao,0.0
2025-09-18 20:00:00,OCC_SAL_03,occupancy,Sala_Reuniao,0.0
2025-09-18 20:15:00,OCC_SAL_03,occupancy,Sala_Reuniao,0.0
2025-09-18 20:30:00,OCC_SAL_03,occupancy,Sala_Reuniao,0.0
2025-09-18 20:45:00,OCC_SAL_03,occupancy,Sala_Reuniao,0.0
2025-09-18 21:00:00,OCC_SAL_03,occupancy,Sala_Reuniao,0.0
2025-09-18 21:15:00,OCC_SAL_03,occupancy,Sala_Reuniao,0.0
2025-09-18 21:30:00,OCC_SAL_03,occupancy,Sala_Reuniao,0.0
2025-09-18 21:45:00,OCC_SAL_03,occupancy,Sala_Reuniao,0.0
2025-09-18 22:00:00,OCC_SAL_03,occupancy,Sala_Reuniao,0.0
2025-09-18 22:15:00,OCC_SAL_03,occupancy,Sala_Reuniao,0.0
2025-09-18 22:30:00,OCC_SAL_03,occupancy,Sala_Reuniao,0.0
2025-09-18 22:45:00,OCC_SAL_03,occupancy,Sala_Reuniao,0.0
2025-09-18 23:00:00,OCC_SAL_03,occupancy,Sala_Reuniao,0.0
2025-09-18 23:15:00,OCC_SAL_03,occupancy,Sala_Reuniao,0.0
2025-09-18 23:30:00,OCC_SAL_03,occupancy,Sala_Reuniao,0.0
2025-09-18 23:45:00,OCC_SAL_03,occupancy,Sala_Reuniao,0.0
2025-09-19 00:00:00,OCC_SAL_03,occupancy,Sala_Reuniao,0.0
2025-09-19 00:15:00,OCC_SAL_03,occupancy,Sala_Reuniao,0.0
2025-09-19 00:30:00,OCC_SAL_03,occupancy,Sala_Reuniao,0.0
2025-09-19 00:45:00,OCC_SAL_03,occupancy,Sala_Reuniao,0.0
2025-09-19 01:00:00,OCC_SAL_03,occupancy,Sala_Reuniao,0.0
2025-09-19 01:15:00,OCC_SAL_03,occupancy,Sala_Reuniao,0.0
2025-09-19 01:30:00,OCC_SAL_03,occupancy,Sala_Reuniao,0.0
2025-09-19 01:45:00,OCC_SAL_03,occupancy,Sala_Reuniao,0.0
2025-09-19 02:00:00,OCC_SAL_03,occupancy,Sala_Reuniao,0.0
2025-09-19 02:15:00,OCC_SAL_03,occupancy,Sala_Reuniao,0.0
2025-09-19 02:30:00,OCC_SAL_03,occupancy,Sala_Reuniao,0.0
2025-09-19 02:45:00,OCC_SAL_03,occupancy,Sala_Reuniao,0.0
2025-09-19 03:00:00,OCC_SAL_03,occupancy,Sala_Reuniao,0.0
2025-09-19 03:15:00,OCC_SAL_03,occupancy,Sala_Reuniao,0.0
2025-09-19 03:30:00,OCC_SAL_03,occupancy,Sala_Reuniao,0.0
2025-09-19 03:45:00,OCC_SAL_03,occupancy,Sala_Reuniao,0.0
2025-09-19 04:00:00,OCC_SAL_03,occupancy,Sala_Reuniao,0.0
2025-09-19 04:15:00,OCC_SAL_03,occupancy,Sala_Reuniao,0.0
2025-09-19 04:30:00,OCC_SAL_03,occupancy,Sala_Reuniao,0.0
2025-09-19 04:45:00,OCC_SAL_03,occupancy,Sala_Reuniao,0.0
2025-09-19 05:00:00,OCC_SAL_03,occupancy,Sala_Reuniao,0.0
2025-09-19 05:15:00,OCC_SAL_03,occupancy,Sala_Reuniao,0.0
2025-09-19 05:30:00,OCC_SAL_03,occupancy,Sala_Reuniao,0.0
2025-09-19 05:45:00,OCC_SAL_03,occupancy,Sala_Reuniao,0.0
2025-09-19 06:00:00,OCC_SAL_03,occupancy,Sala_Reuniao,0.0
2025-09-19 06:15:00,OCC_SAL_03,occupancy,Sala_Reuniao,0.0
2025-09-19 06:30:00,OCC_SAL_03,occupancy,Sala_Reuniao,0.0
2025-09-19 06:45:00,OCC_SAL_03,occupancy,Sala_Reuniao,0.0
2025-09-19 07:00:00,OCC_SAL_03,occupancy,Sala_Reuniao,0.0
2025-09-19 07:15:00,OCC_SAL_03,occupancy,Sala_Reuniao,0.0
2025-09-19 07:30:00,OCC_SAL_03,occupancy,Sala_Reuniao,1.0
2025-09-19 07:45:00,OCC_SAL_03,occupancy,Sala_Reuniao,0.0
2025-09-19 08:00:00,OCC_SAL_03,occupancy,Sala_Reuniao,0.0
2025-09-19 08:15:00,OCC_SAL_03,occupancy,Sala_Reuniao,0.0
2025-09-19 08:30:00,OCC_SAL_03,occupancy,Sala_Reuniao,1.0
2025-09-19 08:45:00,OCC_SAL_03,occupancy,Sala_Reuniao,0.0
2025-09-19 09:00:00,OCC_SAL_03,occupancy,Sala_Reuniao,0.0
2025-09-19 09:15:00,OCC_SAL_03,occupancy,Sala_Reuniao,1.0
2025-09-19 09:30:00,OCC_SAL_03,occupancy,Sala_Reuniao,1.0
2025-09-19 09:45:00,OCC_SAL_03,occupancy,Sala_Reuniao,0.0
2025-09-19 10:00:00,OCC_SAL_03,occupancy,Sala_Reuniao,0.0
2025-09-19 10:15:00,OCC_SAL_03,occupancy,Sala_Reuniao,1.0
2025-09-19 10:30:00,OCC_SAL_03,occupancy,Sala_Reuniao,0.0
2025-09-19 10:45:00,OCC_SAL_03,occupancy,Sala_Reuniao,0.0
2025-09-19 11:00:00,OCC_SAL_03,occupancy,Sala_Reuniao,0.0
2025-09-19 11:15:00,OCC_SAL_03,occupancy,Sala_Reuniao,0.0
2025-09-19 11:30:00,OCC_SAL_03,occupancy,Sala_Reuniao,1.0
2025-09-19 11:45:00,OCC_SAL_03,occupancy,Sala_Reuniao,0.0
2025-09-19 12:00:00,OCC_SAL_03,occupancy,Sala_Reuniao,0.0
2025-09-19 12:15:00,OCC_SAL_03,occupancy,Sala_Reuniao,0.0
2025-09-19 12:30:00,OCC_SAL_03,occupancy,Sala_Reuniao,0.0
2025-09-19 12:45:00,OCC_SAL_03,occupancy,Sala_Reuniao,0.0
2025-09-19 13:00:00,OCC_SAL_03,occupancy,Sala_Reuniao,0.0
2025-09-19 13:15:00,OCC_SAL_03,occupancy,Sala_Reuniao,0.0
2025-09-19 13:30:00,OCC_SAL_03,occupancy,Sala_Reuniao,1.0
2025-09-19 13:45:00,OCC_SAL_03,occupancy,Sala_Reuniao,0.0
2025-09-19 14:00:00,OCC_SAL_03,occupancy,Sala_Reuniao,0.0
2025-09-19 14:15:00,OCC_SAL_03,occupancy,Sala_Reuniao,0.0
2025-09-19 14:30:00,OCC_SAL_03,occupancy,Sala_Reuniao,0.0
2025-09-19 14:45:00,OCC_SAL_03,occupancy,Sala_Reuniao,0.0
2025-09-19 15:00:00,OCC_SAL_03,occupancy,Sala_Reuniao,0.0
2025-09-19 15:15:00,OCC_SAL_03,occupancy,Sala_Reuniao,1.0
2025-09-19 15:30:00,OCC_SAL_03,occupancy,Sala_Reuniao,0.0
2025-09-19 15:45:00,OCC_SAL_03,occupancy,Sala_Reuniao,0.0
2025-09-19 16:00:00,OCC_SAL_03,occupancy,Sala_Reuniao,0.0
2025-09-19 16:15:00,OCC_SAL_03,occupancy,Sala_Reuniao,0.0
2025-09-19 16:30:00,OCC_SAL_03,occupancy,Sala_Reuniao,1.0
2025-09-19 16:45:00,OCC_SAL_03,occupancy,Sala_Reuniao,0.0
2025-09-19 17:00:00,OCC_SAL_03,occupancy,Sala_Reuniao,0.0
2025-09-19 17:15:00,OCC_SAL_03,occupancy,Sala_Reuniao,0.0
2025-09-19 17:30:00,OCC_SAL_03,occupancy,Sala_Reuniao,0.0
2025-09-19 17:45:00,OCC_SAL_03,occupancy,Sala_Reuniao,0.0
2025-09-19 18:00:00,OCC_SAL_03,occupancy,Sala_Reuniao,0.0
2025-09-19 18:15:00,OCC_SAL_03,occupancy,Sala_Reuniao,0.0
2025-09-19 18:30:00,OCC_SAL_03,occupancy,Sala_Reuniao,0.0
2025-09-19 18:45:00,OCC_SAL_03,occupancy,Sala_Reuniao,0.0
2025-09-19 19:00:00,OCC_SAL_03,occupancy,Sala_Reuniao,0.0
2025-09-19 19:15:00,OCC_SAL_03,occupancy,Sala_Reuniao,0.0
2025-09-19 19:30:00,OCC_SAL_03,occupancy,Sala_Reuniao,0.0
2025-09-19 19:45:00,OCC_SAL_03,occupancy,Sala_Reuniao,0.0
2025-09-19 20:00:00,OCC_SAL_03,occupancy,Sala_Reuniao,0.0
2025-09-19 20:15:00,OCC_SAL_03,occupancy,Sala_Reuniao,0.0
2025-09-19 20:30:00,OCC_SAL_03,occupancy,Sala_Reuniao,0.0
2025-09-19 20:45:00,OCC_SAL_03,occupancy,Sala_Reuniao,0.0
2025-09-19 21:00:00,OCC_SAL_03,occupancy,Sala_Reuniao,0.0
2025-09-19 21:15:00,OCC_SAL_03,occupancy,Sala_Reuniao,0.0
2025-09-19 21:30:00,OCC_SAL_03,occupancy,Sala_Reuniao,0.0
2025-09-19 21:45:00,OCC_SAL_03,occupancy,Sala_Reuniao,0.0
2025-09-19 22:00:00,OCC_SAL_03,occupancy,Sala_Reuniao,0.0
2025-09-19 22:15:00,OCC_SAL_03,occupancy,Sala_Reuniao,0.0
2025-09-19 22:30:00,OCC_SAL_03,occupancy,Sala_Reuniao,1.0
2025-09-19 22:45:00,OCC_SAL_03,occupancy,Sala_Reuniao,0.0
2025-09-19 23:00:00,OCC_SAL_03,occupancy,Sala_Reuniao,0.0
2025-09-19 23:15:00,OCC_SAL_03,occupancy,Sala_Reuniao,0.0
2025-09-19 23:30:00,OCC_SAL_03,occupancy,Sala_Reuniao,0.0
2025-09-19 23:45:00,OCC_SAL_03,occupancy,Sala_Reuniao,0.0
2025-09-20 00:00:00,OCC_SAL_03,occupancy,Sala_Reuniao,0.0
2025-09-20 00:15:00,OCC_SAL_03,occupancy,Sala_Reuniao,0.0
2025-09-20 00:30:00,OCC_SAL_03,occupancy,Sala_Reuniao,0.0
2025-09-20 00:45:00,OCC_SAL_03,occupancy,Sala_Reuniao,0.0
2025-09-20 01:00:00,OCC_SAL_03,occupancy,Sala_Reuniao,0.0
2025-09-20 01:15:00,OCC_SAL_03,occupancy,Sala_Reuniao,0.0
2025-09-20 01:30:00,OCC_SAL_03,occupancy,Sala_Reuniao,0.0
2025-09-20 01:45:00,OCC_SAL_03,occupancy,Sala_Reuniao,0.0
2025-09-20 02:00:00,OCC_SAL_03,occupancy,Sala_Reuniao,0.0
2025-09-20 02:15:00,OCC_SAL_03,occupancy,Sala_Reuniao,0.0
2025-09-20 02:30:00,OCC_SAL_03,occupancy,Sala_Reuniao,0.0
2025-09-20 02:45:00,OCC_SAL_03,occupancy,Sala_Reuniao,0.0
2025-09-20 03:00:00,OCC_SAL_03,occupancy,Sala_Reuniao,0.0
2025-09-20 03:15:00,OCC_SAL_03,occupancy,Sala_Reuniao,1.0
2025-09-20 03:30:00,OCC_SAL_03,occupancy,Sala_Reuniao,0.0
2025-09-20 03:45:00,OCC_SAL_03,occupancy,Sala_Reuniao,0.0
2025-09-20 04:00:00,OCC_SAL_03,occupancy,Sala_Reuniao,0.0
2025-09-20 04:15:00,OCC_SAL_03,occupancy,Sala_Reuniao,0.0
2025-09-20 04:30:00,OCC_SAL_03,occupancy,Sala_Reuniao,0.0
2025-09-20 04:45:00,OCC_SAL_03,occupancy,Sala_Reuniao,0.0
2025-09-20 05:00:00,OCC_SAL_03,occupancy,Sala_Reuniao,0.0
2025-09-20 05:15:00,OCC_SAL_03,occupancy,Sala_Reuniao,0.0
2025-09-20 05:30:00,OCC_SAL_03,occupancy,Sala_Reuniao,0.0
2025-09-20 05:45:00,OCC_SAL_03,occupancy,Sala_Reuniao,0.0
2025-09-20 06:00:00,OCC_SAL_03,occupancy,Sala_Reuniao,0.0
2025-09-20 06:15:00,OCC_SAL_03,occupancy,Sala_Reuniao,0.0
2025-09-20 06:30:00,OCC_SAL_03,occupancy,Sala_Reuniao,0.0
2025-09-20 06:45:00,OCC_SAL_03,occupancy,Sala_Reuniao,0.0
2025-09-20 07:00:00,OCC_SAL_03,occupancy,Sala_Reuniao,0.0
2025-09-20 07:15:00,OCC_SAL_03,occupancy,Sala_Reuniao,0.0
2025-09-20 07:30:00,OCC_SAL_03,occupancy,Sala_Reuniao,0.0
2025-09-20 07:45:00,OCC_SAL_03,occupancy,Sala_Reuniao,0.0
2025-09-20 08:00:00,OCC_SAL_03,occupancy,Sala_Reuniao,0.0
2025-09-20 08:15:00,OCC_SAL_03,occupancy,Sala_Reuniao,0.0
2025-09-20 08:30:00,OCC_SAL_03,occupancy,Sala_Reuniao,0.0
2025-09-20 08:45:00,OCC_SAL_03,occupancy,Sala_Reuniao,0.0
2025-09-20 09:00:00,OCC_SAL_03,occupancy,Sala_Reuniao,0.0
2025-09-20 09:15:00,OCC_SAL_03,occupancy,Sala_Reuniao,0.0
2025-09-20 09:30:00,OCC_SAL_03,occupancy,Sala_Reuniao,0.0
2025-09-20 09:45:00,OCC_SAL_03,occupancy,Sala_Reuniao,0.0
2025-09-20 10:00:00,OCC_SAL_03,occupancy,Sala_Reuniao,0.0
2025-09-20 10:15:00,OCC_SAL_03,occupancy,Sala_Reuniao,0.0
2025-09-20 10:30:00,OCC_SAL_03,occupancy,Sala_Reuniao,0.0
2025-09-20 10:45:00,OCC_SAL_03,occupancy,Sala_Reuniao,0.0
2025-09-20 11:00:00,OCC_SAL_03,occupancy,Sala_Reuniao,0.0
2025-09-20 11:15:00,OCC_SAL_03,occupancy,Sala_Reuniao,0.0
2025-09-20 11:30:00,OCC_SAL_03,occupancy,Sala_Reuniao,0.0
2025-09-20 11:45:00,OCC_SAL_03,occupancy,Sala_Reuniao,0.0
2025-09-20 12:00:00,OCC_SAL_03,occupancy,Sala_Reuniao,0.0
2025-09-20 12:15:00,OCC_SAL_03,occupancy,Sala_Reuniao,0.0
2025-09-20 12:30:00,OCC_SAL_03,occupancy,Sala_Reuniao,0.0
2025-09-20 12:45:00,OCC_SAL_03,occupancy,Sala_Reuniao,0.0
2025-09-20 13:00:00,OCC_SAL_03,occupancy,Sala_Reuniao,0.0
2025-09-20 13:15:00,OCC_SAL_03,occupancy,Sala_Reuniao,0.0
2025-09-20 13:30:00,OCC_SAL_03,occupancy,Sala_Reuniao,0.0
2025-09-20 13:45:00,OCC_SAL_03,occupancy,Sala_Reuniao,0.0
2025-09-20 14:00:00,OCC_SAL_03,occupancy,Sala_Reuniao,0.0
2025-09-20 14:15:00,OCC_SAL_03,occupancy,Sala_Reuniao,0.0
2025-09-20 14:30:00,OCC_SAL_03,occupancy,Sala_Reuniao,0.0
2025-09-20 14:45:00,OCC_SAL_03,occupancy,Sala_Reuniao,0.0
2025-09-20 15:00:00,OCC_SAL_03,occupancy,Sala_Reuniao,0.0
2025-09-20 15:15:00,OCC_SAL_03,occupancy,Sala_Reuniao,0.0
2025-09-20 15:30:00,OCC_SAL_03,occupancy,Sala_Reuniao,0.0
2025-09-20 15:45:00,OCC_SAL_03,occupancy,Sala_Reuniao,0.0
2025-09-20 16:00:00,OCC_SAL_03,occupancy,Sala_Reuniao,0.0
2025-09-20 16:15:00,OCC_SAL_03,occupancy,Sala_Reuniao,0.0
2025-09-20 16:30:00,OCC_SAL_03,occupancy,Sala_Reuniao,0.0
2025-09-20 16:45:00,OCC_SAL_03,occupancy,Sala_Reuniao,0.0
2025-09-20 17:00:00,OCC_SAL_03,occupancy,Sala_Reuniao,0.0
2025-09-20 17:15:00,OCC_SAL_03,occupancy,Sala_Reuniao,0.0
2025-09-20 17:30:00,OCC_SAL_03,occupancy,Sala_Reuniao,0.0
2025-09-20 17:45:00,OCC_SAL_03,occupancy,Sala_Reuniao,0.0
2025-09-20 18:00:00,OCC_SAL_03,occupancy,Sala_Reuniao,0.0
2025-09-20 18:15:00,OCC_SAL_03,occupancy,Sala_Reuniao,0.0
2025-09-20 18:30:00,OCC_SAL_03,occupancy,Sala_Reuniao,0.0
2025-09-20 18:45:00,OCC_SAL_03,occupancy,Sala_Reuniao,0.0
2025-09-20 19:00:00,OCC_SAL_03,occupancy,Sala_Reuniao,0.0
2025-09-20 19:15:00,OCC_SAL_03,occupancy,Sala_Reuniao,0.0
2025-09-20 19:30:00,OCC_SAL_03,occupancy,Sala_Reuniao,0.0
2025-09-20 19:45:00,OCC_SAL_03,occupancy,Sala_Reuniao,0.0
2025-09-20 20:00:00,OCC_SAL_03,occupancy,Sala_Reuniao,0.0
2025-09-20 20:15:00,OCC_SAL_03,occupancy,Sala_Reuniao,0.0
2025-09-20 20:30:00,OCC_SAL_03,occupancy,Sala_Reuniao,0.0
2025-09-20 20:45:00,OCC_SAL_03,occupancy,Sala_Reuniao,0.0
2025-09-20 21:00:00,OCC_SAL_03,occupancy,Sala_Reuniao,0.0
2025-09-20 21:15:00,OCC_SAL_03,occupancy,Sala_Reuniao,0.0
2025-09-20 21:30:00,OCC_SAL_03,occupancy,Sala_Reuniao,0.0
2025-09-20 21:45:00,OCC_SAL_03,occupancy,Sala_Reuniao,0.0
2025-09-20 22:00:00,OCC_SAL_03,occupancy,Sala_Reuniao,0.0
2025-09-20 22:15:00,OCC_SAL_03,occupancy,Sala_Reuniao,0.0
2025-09-20 22:30:00,OCC_SAL_03,occupancy,Sala_Reuniao,0.0
2025-09-20 22:45:00,OCC_SAL_03,occupancy,Sala_Reuniao,0.0
2025-09-20 23:00:00,OCC_SAL_03,occupancy,Sala_Reuniao,0.0
2025-09-20 23:15:00,OCC_SAL_03,occupancy,Sala_Reuniao,0.0
2025-09-20 23:30:00,OCC_SAL_03,occupancy,Sala_Reuniao,0.0
2025-09-20 23:45:00,OCC_SAL_03,occupancy,Sala_Reuniao,0.0
2025-09-21 00:00:00,OCC_SAL_03,occupancy,Sala_Reuniao,0.0
2025-09-21 00:15:00,OCC_SAL_03,occupancy,Sala_Reuniao,0.0
2025-09-21 00:30:00,OCC_SAL_03,occupancy,Sala_Reuniao,0.0
2025-09-21 00:45:00,OCC_SAL_03,occupancy,Sala_Reuniao,0.0
2025-09-21 01:00:00,OCC_SAL_03,occupancy,Sala_Reuniao,0.0
2025-09-21 01:15:00,OCC_SAL_03,occupancy,Sala_Reuniao,0.0
2025-09-21 01:30:00,OCC_SAL_03,occupancy,Sala_Reuniao,0.0
2025-09-21 01:45:00,OCC_SAL_03,occupancy,Sala_Reuniao,0.0
2025-09-21 02:00:00,OCC_SAL_03,occupancy,Sala_Reuniao,0.0
2025-09-21 02:15:00,OCC_SAL_03,occupancy,Sala_Reuniao,0.0
2025-09-21 02:30:00,OCC_SAL_03,occupancy,Sala_Reuniao,0.0
2025-09-21 02:45:00,OCC_SAL_03,occupancy,Sala_Reuniao,0.0
2025-09-21 03:00:00,OCC_SAL_03,occupancy,Sala_Reuniao,0.0
2025-09-21 03:15:00,OCC_SAL_03,occupancy,Sala_Reuniao,0.0
2025-09-21 03:30:00,OCC_SAL_03,occupancy,Sala_Reuniao,0.0
2025-09-21 03:45:00,OCC_SAL_03,occupancy,Sala_Reuniao,0.0
2025-09-21 04:00:00,OCC_SAL_03,occupancy,Sala_Reuniao,0.0
2025-09-21 04:15:00,OCC_SAL_03,occupancy,Sala_Reuniao,0.0
2025-09-21 04:30:00,OCC_SAL_03,occupancy,Sala_Reuniao,0.0
2025-09-21 04:45:00,OCC_SAL_03,occupancy,Sala_Reuniao,0.0
2025-09-21 05:00:00,OCC_SAL_03,occupancy,Sala_Reuniao,0.0
2025-09-21 05:15:00,OCC_SAL_03,occupancy,Sala_Reuniao,0.0
2025-09-21 05:30:00,OCC_SAL_03,occupancy,Sala_Reuniao,0.0
2025-09-21 05:45:00,OCC_SAL_03,occupancy,Sala_Reuniao,0.0
2025-09-21 06:00:00,OCC_SAL_03,occupancy,Sala_Reuniao,0.0
2025-09-21 06:15:00,OCC_SAL_03,occupancy,Sala_Reuniao,0.0
2025-09-21 06:30:00,OCC_SAL_03,occupancy,Sala_Reuniao,0.0
2025-09-21 06:45:00,OCC_SAL_03,occupancy,Sala_Reuniao,0.0
2025-09-21 07:00:00,OCC_SAL_03,occupancy,Sala_Reuniao,0.0
2025-09-21 07:15:00,OCC_SAL_03,occupancy,Sala_Reuniao,0.0
2025-09-21 07:30:00,OCC_SAL_03,occupancy,Sala_Reuniao,0.0
2025-09-21 07:45:00,OCC_SAL_03,occupancy,Sala_Reuniao,0.0
2025-09-21 08:00:00,OCC_SAL_03,occupancy,Sala_Reuniao,0.0
2025-09-21 08:15:00,OCC_SAL_03,occupancy,Sala_Reuniao,0.0
2025-09-21 08:30:00,OCC_SAL_03,occupancy,Sala_Reuniao,0.0
2025-09-21 08:45:00,OCC_SAL_03,occupancy,Sala_Reuniao,0.0
2025-09-21 09:00:00,OCC_SAL_03,occupancy,Sala_Reuniao,0.0
2025-09-21 09:15:00,OCC_SAL_03,occupancy,Sala_Reuniao,0.0
2025-09-21 09:30:00,OCC_SAL_03,occupancy,Sala_Reuniao,0.0
2025-09-21 09:45:00,OCC_SAL_03,occupancy,Sala_Reuniao,0.0
2025-09-21 10:00:00,OCC_SAL_03,occupancy,Sala_Reuniao,0.0
2025-09-21 10:15:00,OCC_SAL_03,occupancy,Sala_Reuniao,0.0
2025-09-21 10:30:00,OCC_SAL_03,occupancy,Sala_Reuniao,0.0
2025-09-21 10:45:00,OCC_SAL_03,occupancy,Sala_Reuniao,0.0
2025-09-21 11:00:00,OCC_SAL_03,occupancy,Sala_Reuniao,0.0
2025-09-21 11:15:00,OCC_SAL_03,occupancy,Sala_Reuniao,0.0
2025-09-21 11:30:00,OCC_SAL_03,occupancy,Sala_Reuniao,0.0
2025-09-21 11:45:00,OCC_SAL_03,occupancy,Sala_Reuniao,0.0
2025-09-21 12:00:00,OCC_SAL_03,occupancy,Sala_Reuniao,0.0
2025-09-21 12:15:00,OCC_SAL_03,occupancy,Sala_Reuniao,0.0
2025-09-21 12:30:00,OCC_SAL_03,occupancy,Sala_Reuniao,0.0
2025-09-21 12:45:00,OCC_SAL_03,occupancy,Sala_Reuniao,0.0
2025-09-21 13:00:00,OCC_SAL_03,occupancy,Sala_Reuniao,0.0
2025-09-21 13:15:00,OCC_SAL_03,occupancy,Sala_Reuniao,0.0
2025-09-21 13:30:00,OCC_SAL_03,occupancy,Sala_Reuniao,0.0
2025-09-21 13:45:00,OCC_SAL_03,occupancy,Sala_Reuniao,0.0
2025-09-21 14:00:00,OCC_SAL_03,occupancy,Sala_Reuniao,0.0
2025-09-21 14:15:00,OCC_SAL_03,occupancy,Sala_Reuniao,0.0
2025-09-21 14:30:00,OCC_SAL_03,occupancy,Sala_Reuniao,0.0
2025-09-21 14:45:00,OCC_SAL_03,occupancy,Sala_Reuniao,0.0
2025-09-21 15:00:00,OCC_SAL_03,occupancy,Sala_Reuniao,0.0
2025-09-21 15:15:00,OCC_SAL_03,occupancy,Sala_Reuniao,0.0
2025-09-21 15:30:00,OCC_SAL_03,occupancy,Sala_Reuniao,0.0
2025-09-21 15:45:00,OCC_SAL_03,occupancy,Sala_Reuniao,0.0
2025-09-21 16:00:00,OCC_SAL_03,occupancy,Sala_Reuniao,0.0
2025-09-21 16:15:00,OCC_SAL_03,occupancy,Sala_Reuniao,0.0
2025-09-21 16:30:00,OCC_SAL_03,occupancy,Sala_Reuniao,0.0
2025-09-21 16:45:00,OCC_SAL_03,occupancy,Sala_Reuniao,0.0
2025-09-21 17:00:00,OCC_SAL_03,occupancy,Sala_Reuniao,0.0
2025-09-21 17:15:00,OCC_SAL_03,occupancy,Sala_Reuniao,0.0
2025-09-21 17:30:00,OCC_SAL_03,occupancy,Sala_Reuniao,0.0
2025-09-21 17:45:00,OCC_SAL_03,occupancy,Sala_Reuniao,0.0
2025-09-21 18:00:00,OCC_SAL_03,occupancy,Sala_Reuniao,0.0
2025-09-21 18:15:00,OCC_SAL_03,occupancy,Sala_Reuniao,0.0
2025-09-21 18:30:00,OCC_SAL_03,occupancy,Sala_Reuniao,0.0
2025-09-21 18:45:00,OCC_SAL_03,occupancy,Sala_Reuniao,0.0
2025-09-21 19:00:00,OCC_SAL_03,occupancy,Sala_Reuniao,0.0
2025-09-21 19:15:00,OCC_SAL_03,occupancy,Sala_Reuniao,0.0
2025-09-21 19:30:00,OCC_SAL_03,occupancy,Sala_Reuniao,0.0
2025-09-21 19:45:00,OCC_SAL_03,occupancy,Sala_Reuniao,0.0
2025-09-21 20:00:00,OCC_SAL_03,occupancy,Sala_Reuniao,0.0
2025-09-21 20:15:00,OCC_SAL_03,occupancy,Sala_Reuniao,0.0
2025-09-21 20:30:00,OCC_SAL_03,occupancy,Sala_Reuniao,0.0
2025-09-21 20:45:00,OCC_SAL_03,occupancy,Sala_Reuniao,0.0
2025-09-21 21:00:00,OCC_SAL_03,occupancy,Sala_Reuniao,0.0
2025-09-21 21:15:00,OCC_SAL_03,occupancy,Sala_Reuniao,0.0
2025-09-21 21:30:00,OCC_SAL_03,occupancy,Sala_Reuniao,0.0
2025-09-21 21:45:00,OCC_SAL_03,occupancy,Sala_Reuniao,0.0
2025-09-21 22:00:00,OCC_SAL_03,occupancy,Sala_Reuniao,0.0
2025-09-21 22:15:00,OCC_SAL_03,occupancy,Sala_Reuniao,0.0
2025-09-21 22:30:00,OCC_SAL_03,occupancy,Sala_Reuniao,0.0
2025-09-21 22:45:00,OCC_SAL_03,occupancy,Sala_Reuniao,0.0
2025-09-21 23:00:00,OCC_SAL_03,occupancy,Sala_Reuniao,0.0
2025-09-21 23:15:00,OCC_SAL_03,occupancy,Sala_Reuniao,0.0
2025-09-21 23:30:00,OCC_SAL_03,occupancy,Sala_Reuniao,0.0
2025-09-21 23:45:00,OCC_SAL_03,occupancy,Sala_Reuniao,0.0
2025-09-15 00:00:00,TEM_ESC_04,temperature,Escritorio_A,20.58
2025-09-15 00:15:00,TEM_ESC_04,temperature,Escritorio_A,20.35
2025-09-15 00:30:00,TEM_ESC_04,temperature,Escritorio_A,20.42
2025-09-15 00:45:00,TEM_ESC_04,temperature,Escritorio_A,20.62
2025-09-15 01:00:00,TEM_ESC_04,temperature,Escritorio_A,20.85
2025-09-15 01:15:00,TEM_ESC_04,temperature,Escritorio_A,20.98
2025-09-15 01:30:00,TEM_ESC_04,temperature,Escritorio_A,21.08
2025-09-15 01:45:00,TEM_ESC_04,temperature,Escritorio_A,20.79
2025-09-15 02:00:00,TEM_ESC_04,temperature,Escritorio_A,20.29
2025-09-15 02:15:00,TEM_ESC_04,temperature,Escritorio_A,21.12
2025-09-15 02:30:00,TEM_ESC_04,temperature,Escritorio_A,21.84
2025-09-15 02:45:00,TEM_ESC_04,temperature,Escritorio_A,22.45
2025-09-15 03:00:00,TEM_ESC_04,temperature,Escritorio_A,22.18
2025-09-15 03:15:00,TEM_ESC_04,temperature,Escritorio_A,22.44
2025-09-15 03:30:00,TEM_ESC_04,temperature,Escritorio_A,22.24
2025-09-15 03:45:00,TEM_ESC_04,temperature,Escritorio_A,22.61
2025-09-15 04:00:00,TEM_ESC_04,temperature,Escritorio_A,22.44
2025-09-15 04:15:00,TEM_ESC_04,temperature,Escritorio_A,22.61
2025-09-15 04:30:00,TEM_ESC_04,temperature,Escritorio_A,23.3
2025-09-15 04:45:00,TEM_ESC_04,temperature,Escritorio_A,23.24
2025-09-15 05:00:00,TEM_ESC_04,temperature,Escritorio_A,23.4
2025-09-15 05:15:00,TEM_ESC_04,temperature,Escritorio_A,23.68
2025-09-15 05:30:00,TEM_ESC_04,temperature,Escritorio_A,23.57
2025-09-15 05:45:00,TEM_ESC_04,temperature,Escritorio_A,23.66
2025-09-15 06:00:00,TEM_ESC_04,temperature,Escritorio_A,23.57
2025-09-15 06:15:00,TEM_ESC_04,temperature,Escritorio_A,24.28
2025-09-15 06:30:00,TEM_ESC_04,temperature,Escritorio_A,23.69
2025-09-15 06:45:00,TEM_ESC_04,temperature,Escritorio_A,24.6
2025-09-15 07:00:00,TEM_ESC_04,temperature,Escritorio_A,24.34
2025-09-15 07:15:00,TEM_ESC_04,temperature,Escritorio_A,24.31
2025-09-15 07:30:00,TEM_ESC_04,temperature,Escritorio_A,24.62
2025-09-15 07:45:00,TEM_ESC_04,temperature,Escritorio_A,24.33
2025-09-15 08:00:00,TEM_ESC_04,temperature,Escritorio_A,24.68
2025-09-15 08:15:00,TEM_ESC_04,temperature,Escritorio_A,24.24
2025-09-15 08:30:00,TEM_ESC_04,temperature,Escritorio_A,24.62
2025-09-15 08:45:00,TEM_ESC_04,temperature,Escritorio_A,24.63
2025-09-15 09:00:00,TEM_ESC_04,temperature,Escritorio_A,24.76
2025-09-15 09:15:00,TEM_ESC_04,temperature,Escritorio_A,25.5
2025-09-15 09:30:00,TEM_ESC_04,temperature,Escritorio_A,25.52
2025-09-15 09:45:00,TEM_ESC_04,temperature,Escritorio_A,24.72
2025-09-15 10:00:00,TEM_ESC_04,temperature,Escritorio_A,24.85
2025-09-15 10:15:00,TEM_ESC_04,temperature,Escritorio_A,24.9
2025-09-15 10:30:00,TEM_ESC_04,temperature,Escritorio_A,24.96
2025-09-15 10:45:00,TEM_ESC_04,temperature,Escritorio_A,25.13
2025-09-15 11:00:00,TEM_ESC_04,temperature,Escritorio_A,24.4
2025-09-15 11:15:00,TEM_ESC_04,temperature,Escritorio_A,24.79
2025-09-15 11:30:00,TEM_ESC_04,temperature,Escritorio_A,24.77
2025-09-15 11:45:00,TEM_ESC_04,temperature,Escritorio_A,24.34
2025-09-15 12:00:00,TEM_ESC_04,temperature,Escritorio_A,24.51
2025-09-15 12:15:00,TEM_ESC_04,temperature,Escritorio_A,24.89
2025-09-15 12:30:00,TEM_ESC_04,temperature,Escritorio_A,24.87
2025-09-15 12:45:00,TEM_ESC_04,temperature,Escritorio_A,24.34
2025-09-15 13:00:00,TEM_ESC_04,temperature,Escritorio_A,24.43
2025-09-15 13:15:00,TEM_ESC_04,temperature,Escritorio_A,23.77
2025-09-15 13:30:00,TEM_ESC_04,temperature,Escritorio_A,23.97
2025-09-15 13:45:00,TEM_ESC_04,temperature,Escritorio_A,24.51
2025-09-15 14:00:00,TEM_ESC_04,temperature,Escritorio_A,24.26
2025-09-15 14:15:00,TEM_ESC_04,temperature,Escritorio_A,23.66
2025-09-15 14:30:00,TEM_ESC_04,temperature,Escritorio_A,24.01
2025-09-15 14:45:00,TEM_ESC_04,temperature,Escritorio_A,22.7
2025-09-15 15:00:00,TEM_ESC_04,temperature,Escritorio_A,23.39
2025-09-15 15:15:00,TEM_ESC_04,temperature,Escritorio_A,22.68
2025-09-15 15:30:00,TEM_ESC_04,temperature,Escritorio_A,22.63
2025-09-15 15:45:00,TEM_ESC_04,temperature,Escritorio_A,22.61
2025-09-15 16:00:00,TEM_ESC_04,temperature,Escritorio_A,22.3
2025-09-15 16:15:00,TEM_ESC_04,temperature,Escritorio_A,22.76
2025-09-15 16:30:00,TEM_ESC_04,temperature,Escritorio_A,22.33
2025-09-15 16:45:00,TEM_ESC_04,temperature,Escritorio_A,21.94
2025-09-15 17:00:00,TEM_ESC_04,temperature,Escritorio_A,22.07
2025-09-15 17:15:00,TEM_ESC_04,temperature,Escritorio_A,22.02
2025-09-15 17:30:00,TEM_ESC_04,temperature,Escritorio_A,21.26
2025-09-15 17:45:00,TEM_ESC_04,temperature,Escritorio_A,21.61
2025-09-15 18:00:00,TEM_ESC_04,temperature,Escritorio_A,21.66
2025-09-15 18:15:00,TEM_ESC_04,temperature,Escritorio_A,21.1
2025-09-15 18:30:00,TEM_ESC_04,temperature,Escritorio_A,20.72
2025-09-15 18:45:00,TEM_ESC_04,temperature,Escritorio_A,20.82
2025-09-15 19:00:00,TEM_ESC_04,temperature,Escritorio_A,20.92
2025-09-15 19:15:00,TEM_ESC_04,temperature,Escritorio_A,20.46
2025-09-15 19:30:00,TEM_ESC_04,temperature,Escritorio_A,20.64
2025-09-15 19:45:00,TEM_ESC_04,temperature,Escritorio_A,20.16
2025-09-15 20:00:00,TEM_ESC_04,temperature,Escritorio_A,20.08
2025-09-15 20:15:00,TEM_ESC_04,temperature,Escritorio_A,19.88
2025-09-15 20:30:00,TEM_ESC_04,temperature,Escritorio_A,20.04
2025-09-15 20:45:00,TEM_ESC_04,temperature,Escritorio_A,20.42
2025-09-15 21:00:00,TEM_ESC_04,temperature,Escritorio_A,20.07
2025-09-15 21:15:00,TEM_ESC_04,temperature,Escritorio_A,19.97
2025-09-15 21:30:00,TEM_ESC_04,temperature,Escritorio_A,19.85
2025-09-15 21:45:00,TEM_ESC_04,temperature,Escritorio_A,19.74
2025-09-15 22:00:00,TEM_ESC_04,temperature,Escritorio_A,19.17
2025-09-15 22:15:00,TEM_ESC_04,temperature,Escritorio_A,20.36
2025-09-15 22:30:00,TEM_ESC_04,temperature,Escritorio_A,20.21
2025-09-15 22:45:00,TEM_ESC_04,temperature,Escritorio_A,20.21
2025-09-15 23:00:00,TEM_ESC_04,temperature,Escritorio_A,19.66
2025-09-15 23:15:00,TEM_ESC_04,temperature,Escritorio_A,20.23
2025-09-15 23:30:00,TEM_ESC_04,temperature,Escritorio_A,19.98
2025-09-15 23:45:00,TEM_ESC_04,temperature,Escritorio_A,20.96
2025-09-16 00:00:00,TEM_ESC_04,temperature,Escritorio_A,19.99
2025-09-16 00:15:00,TEM_ESC_04,temperature,Escritorio_A,20.07
2025-09-16 00:30:00,TEM_ESC_04,temperature,Escritorio_A,21.16
2025-09-16 00:45:00,TEM_ESC_04,temperature,Escritorio_A,20.4
2025-09-16 01:00:00,TEM_ESC_04,temperature,Escritorio_A,20.6
2025-09-16 01:15:00,TEM_ESC_04,temperature,Escritorio_A,20.52
2025-09-16 01:30:00,TEM_ESC_04,temperature,Escritorio_A,20.63
2025-09-16 01:45:00,TEM_ESC_04,temperature,Escritorio_A,21.06
2025-09-16 02:00:00,TEM_ESC_04,temperature,Escritorio_A,20.5
2025-09-16 02:15:00,TEM_ESC_04,temperature,Escritorio_A,21.54
2025-09-16 02:30:00,TEM_ESC_04,temperature,Escritorio_A,21.94
2025-09-16 02:45:00,TEM_ESC_04,temperature,Escritorio_A,21.51
2025-09-16 03:00:00,TEM_ESC_04,temperature,Escritorio_A,21.78
2025-09-16 03:15:00,TEM_ESC_04,temperature,Escritorio_A,21.78
2025-09-16 03:30:00,TEM_ESC_04,temperature,Escritorio_A,21.89
2025-09-16 03:45:00,TEM_ESC_04,temperature,Escritorio_A,22.43
2025-09-16 04:00:00,TEM_ESC_04,temperature,Escritorio_A,22.85
2025-09-16 04:15:00,TEM_ESC_04,temperature,Escritorio_A,23.02
2025-09-16 04:30:00,TEM_ESC_04,temperature,Escritorio_A,22.82
2025-09-16 04:45:00,TEM_ESC_04,temperature,Escritorio_A,22.66
2025-09-16 05:00:00,TEM_ESC_04,temperature,Escritorio_A,23.44
2025-09-16 05:15:00,TEM_ESC_04,temperature,Escritorio_A,22.74
2025-09-16 05:30:00,TEM_ESC_04,temperature,Escritorio_A,23.83
2025-09-16 05:45:00,TEM_ESC_04,temperature,Escritorio_A,23.5
2025-09-16 06:00:00,TEM_ESC_04,temperature,Escritorio_A,23.77
2025-09-16 06:15:00,TEM_ESC_04,temperature,Escritorio_A,23.68
2025-09-16 06:30:00,TEM_ESC_04,temperature,Escritorio_A,23.7
2025-09-16 06:45:00,TEM_ESC_04,temperature,Escritorio_A,24.11
2025-09-16 07:00:00,TEM_ESC_04,temperature,Escritorio_A,24.34
2025-09-16 07:15:00,TEM_ESC_04,temperature,Escritorio_A,24.55
2025-09-16 07:30:00,TEM_ESC_04,temperature,Escritorio_A,24.24
2025-09-16 07:45:00,TEM_ESC_04,temperature,Escritorio_A,24.09
2025-09-16 08:00:00,TEM_ESC_04,temperature,Escritorio_A,24.38
2025-09-16 08:15:00,TEM_ESC_04,temperature,Escritorio_A,24.36
2025-09-16 08:30:00,TEM_ESC_04,temperature,Escritorio_A,24.35
2025-09-16 08:45:00,TEM_ESC_04,temperature,Escritorio_A,24.73
2025-09-16 09:00:00,TEM_ESC_04,temperature,Escritorio_A,25.3
2025-09-16 09:15:00,TEM_ESC_04,temperature,Escritorio_A,24.75
2025-09-16 09:30:00,TEM_ESC_04,temperature,Escritorio_A,25.11
2025-09-16 09:45:00,TEM_ESC_04,temperature,Escritorio_A,25.01
2025-09-16 10:00:00,TEM_ESC_04,temperature,Escritorio_A,25.03
2025-09-16 10:15:00,TEM_ESC_04,temperature,Escritorio_A,25.64
2025-09-16 10:30:00,TEM_ESC_04,temperature,Escritorio_A,24.52
2025-09-16 10:45:00,TEM_ESC_04,temperature,Escritorio_A,24.92
2025-09-16 11:00:00,TEM_ESC_04,temperature,Escritorio_A,24.95
2025-09-16 11:15:00,TEM_ESC_04,temperature,Escritorio_A,25.56
2025-09-16 11:30:00,TEM_ESC_04,temperature,Escritorio_A,24.7
2025-09-16 11:45:00,TEM_ESC_04,temperature,Escritorio_A,25.04
2025-09-16 12:00:00,TEM_ESC_04,temperature,Escritorio_A,24.68
2025-09-16 12:15:00,TEM_ESC_04,temperature,Escritorio_A,24.25
2025-09-16 12:30:00,TEM_ESC_04,temperature,Escritorio_A,24.65
2025-09-16 12:45:00,TEM_ESC_04,temperature,Escritorio_A,25.01
2025-09-16 13:00:00,TEM_ESC_04,temperature,Escritorio_A,24.04
2025-09-16 13:15:00,TEM_ESC_04,temperature,Escritorio_A,23.97
2025-09-16 13:30:00,TEM_ESC_04,temperature,Escritorio_A,23.98
2025-09-16 13:45:00,TEM_ESC_04,temperature,Escritorio_A,24.29
2025-09-16 14:00:00,TEM_ESC_04,temperature,Escritorio_A,23.29
2025-09-16 14:15:00,TEM_ESC_04,temperature,Escritorio_A,23.57
2025-09-16 14:30:00,TEM_ESC_04,temperature,Escritorio_A,23.17
2025-09-16 14:45:00,TEM_ESC_04,temperature,Escritorio_A,23.5
2025-09-16 15:00:00,TEM_ESC_04,temperature,Escritorio_A,23.46
2025-09-16 15:15:00,TEM_ESC_04,temperature,Escritorio_A,23.1
2025-09-16 15:30:00,TEM_ESC_04,temperature,Escritorio_A,22.91
2025-09-16 15:45:00,TEM_ESC_04,temperature,Escritorio_A,22.36
2025-09-16 16:00:00,TEM_ESC_04,temperature,Escritorio_A,22.21
2025-09-16 16:15:00,TEM_ESC_04,temperature,Escritorio_A,22.49
2025-09-16 16:30:00,TEM_ESC_04,temperature,Escritorio_A,22.18
2025-09-16 16:45:00,TEM_ESC_04,temperature,Escritorio_A,21.77
2025-09-16 17:00:00,TEM_ESC_04,temperature,Escritorio_A,21.46
2025-09-16 17:15:00,TEM_ESC_04,temperature,Escritorio_A,21.94
2025-09-16 17:30:00,TEM_ESC_04,temperature,Escritorio_A,21.62
2025-09-16 17:45:00,TEM_ESC_04,temperature,Escritorio_A,21.11
2025-09-16 18:00:00,TEM_ESC_04,temperature,Escritorio_A,20.88
2025-09-16 18:15:00,TEM_ESC_04,temperature,Escritorio_A,21.44
2025-09-16 18:30:00,TEM_ESC_04,temperature,Escritorio_A,21.03
2025-09-16 18:45:00,TEM_ESC_04,temperature,Escritorio_A,20.3
2025-09-16 19:00:00,TEM_ESC_04,temperature,Escritorio_A,20.56
2025-09-16 19:15:00,TEM_ESC_04,temperature,Escritorio_A,20.97
2025-09-16 19:30:00,TEM_ESC_04,temperature,Escritorio_A,20.53
2025-09-16 19:45:00,TEM_ESC_04,temperature,Escritorio_A,20.8
2025-09-16 20:00:00,TEM_ESC_04,temperature,Escritorio_A,20.5
2025-09-16 20:15:00,TEM_ESC_04,temperature,Escritorio_A,20.27
2025-09-16 20:30:00,TEM_ESC_04,temperature,Escritorio_A,20.44
2025-09-16 20:45:00,TEM_ESC_04,temperature,Escritorio_A,20.5
2025-09-16 21:00:00,TEM_ESC_04,temperature,Escritorio_A,20.15
2025-09-16 21:15:00,TEM_ESC_04,temperature,Escritorio_A,20.49
2025-09-16 21:30:00,TEM_ESC_04,temperature,Escritorio_A,19.68
2025-09-16 21:45:00,TEM_ESC_04,temperature,Escritorio_A,20.06
2025-09-16 22:00:00,TEM_ESC_04,temperature,Escritorio_A,20.26
2025-09-16 22:15:00,TEM_ESC_04,temperature,Escritorio_A,20.18
2025-09-16 22:30:00,TEM_ESC_04,temperature,Escritorio_A,20.28
2025-09-16 22:45:00,TEM_ESC_04,temperature,Escritorio_A,20.33
2025-09-16 23:00:00,TEM_ESC_04,temperature,Escritorio_A,20.28
2025-09-16 23:15:00,TEM_ESC_04,temperature,Escritorio_A,20.27
2025-09-16 23:30:00,TEM_ESC_04,temperature,Escritorio_A,20.57
2025-09-16 23:45:00,TEM_ESC_04,temperature,Escritorio_A,20.13
2025-09-17 00:00:00,TEM_ESC_04,temperature,Escritorio_A,20.35
2025-09-17 00:15:00,TEM_ESC_04,temperature,Escritorio_A,20.0
2025-09-17 00:30:00,TEM_ESC_04,temperature,Escritorio_A,20.13
2025-09-17 00:45:00,TEM_ESC_04,temperature,Escritorio_A,21.05
2025-09-17 01:00:00,TEM_ESC_04,temperature,Escritorio_A,20.67
2025-09-17 01:15:00,TEM_ESC_04,temperature,Escritorio_A,21.21
2025-09-17 01:30:00,TEM_ESC_04,temperature,Escritorio_A,20.96
2025-09-17 01:45:00,TEM_ESC_04,temperature,Escritorio_A,20.65
2025-09-17 02:00:00,TEM_ESC_04,temperature,Escritorio_A,20.84
2025-09-17 02:15:00,TEM_ESC_04,temperature,Escritorio_A,21.07
2025-09-17 02:30:00,TEM_ESC_04,temperature,Escritorio_A,21.57
2025-09-17 02:45:00,TEM_ESC_04,temperature,Escritorio_A,21.53
2025-09-17 03:00:00,TEM_ESC_04,temperature,Escritorio_A,21.74
2025-09-17 03:15:00,TEM_ESC_04,temperature,Escritorio_A,22.2
2025-09-17 03:30:00,TEM_ESC_04,temperature,Escritorio_A,21.95
2025-09-17 03:45:00,TEM_ESC_04,temperature,Escritorio_A,22.12
2025-09-17 04:00:00,TEM_ESC_04,temperature,Escritorio_A,22.59
2025-09-17 04:15:00,TEM_ESC_04,temperature,Escritorio_A,22.79
2025-09-17 04:30:00,TEM_ESC_04,temperature,Escritorio_A,22.53
2025-09-17 04:45:00,TEM_ESC_04,temperature,Escritorio_A,23.39
2025-09-17 05:00:00,TEM_ESC_04,temperature,Escritorio_A,23.56
2025-09-17 05:15:00,TEM_ESC_04,temperature,Escritorio_A,23.0
2025-09-17 05:30:00,TEM_ESC_04,temperature,Escritorio_A,23.81
2025-09-17 05:45:00,TEM_ESC_04,temperature,Escritorio_A,23.0
2025-09-17 06:00:00,TEM_ESC_04,temperature,Escritorio_A,23.92
2025-09-17 06:15:00,TEM_ESC_04,temperature,Escritorio_A,24.07
2025-09-17 06:30:00,TEM_ESC_04,temperature,Escritorio_A,24.1
2025-09-17 06:45:00,TEM_ESC_04,temperature,Escritorio_A,24.21
2025-09-17 07:00:00,TEM_ESC_04,temperature,Escritorio_A,24.25
2025-09-17 07:15:00,TEM_ESC_04,temperature,Escritorio_A,23.98
2025-09-17 07:30:00,TEM_ESC_04,temperature,Escritorio_A,24.66
2025-09-17 07:45:00,TEM_ESC_04,temperature,Escritorio_A,24.2
2025-09-17 08:00:00,TEM_ESC_04,temperature,Escritorio_A,24.35
2025-09-17 08:15:00,TEM_ESC_04,temperature,Escritorio_A,24.66
2025-09-17 08:30:00,TEM_ESC_04,temperature,Escritorio_A,25.21
2025-09-17 08:45:00,TEM_ESC_04,temperature,Escritorio_A,24.99
2025-09-17 09:00:00,TEM_ESC_04,temperature,Escritorio_A,24.43
2025-09-17 09:15:00,TEM_ESC_04,temperature,Escritorio_A,24.99
2025-09-17 09:30:00,TEM_ESC_04,temperature,Escritorio_A,25.27
2025-09-17 09:45:00,TEM_ESC_04,temperature,Escritorio_A,25.01
2025-09-17 10:00:00,TEM_ESC_04,temperature,Escritorio_A,24.57
2025-09-17 10:15:00,TEM_ESC_04,temperature,Escritorio_A,25.06
2025-09-17 10:30:00,TEM_ESC_04,temperature,Escritorio_A,24.41
2025-09-17 10:45:00,TEM_ESC_04,temperature,Escritorio_A,25.02
2025-09-17 11:00:00,TEM_ESC_04,temperature,Escritorio_A,24.99
2025-09-17 11:15:00,TEM_ESC_04,temperature,Escritorio_A,25.0
2025-09-17 11:30:00,TEM_ESC_04,temperature,Escritorio_A,24.6
2025-09-17 11:45:00,TEM_ESC_04,temperature,Escritorio_A,24.44
2025-09-17 12:00:00,TEM_ESC_04,temperature,Escritorio_A,24.51
2025-09-17 12:15:00,TEM_ESC_04,temperature,Escritorio_A,24.55
2025-09-17 12:30:00,TEM_ESC_04,temperature,Escritorio_A,24.65
2025-09-17 12:45:00,TEM_ESC_04,temperature,Escritorio_A,24.56
2025-09-17 13:00:00,TEM_ESC_04,temperature,Escritorio_A,24.34
2025-09-17 13:15:00,TEM_ESC_04,temperature,Escritorio_A,24.39
2025-09-17 13:30:00,TEM_ESC_04,temperature,Escritorio_A,23.68
2025-09-17 13:45:00,TEM_ESC_04,temperature,Escritorio_A,24.12
2025-09-17 14:00:00,TEM_ESC_04,temperature,Escritorio_A,23.8
2025-09-17 14:15:00,TEM_ESC_04,temperature,Escritorio_A,23.66
2025-09-17 14:30:00,TEM_ESC_04,temperature,Escritorio_A,23.11
2025-09-17 14:45:00,TEM_ESC_04,temperature,Escritorio_A,23.28
2025-09-17 15:00:00,TEM_ESC_04,temperature,Escritorio_A,23.61
2025-09-17 15:15:00,TEM_ESC_04,temperature,Escritorio_A,22.72
2025-09-17 15:30:00,TEM_ESC_04,temperature,Escritorio_A,22.61
2025-09-17 15:45:00,TEM_ESC_04,temperature,Escritorio_A,23.0
2025-09-17 16:00:00,TEM_ESC_04,temperature,Escritorio_A,22.12
2025-09-17 16:15:00,TEM_ESC_04,temperature,Escritorio_A,23.15
2025-09-17 16:30:00,TEM_ESC_04,temperature,Escritorio_A,22.44
2025-09-17 16:45:00,TEM_ESC_04,temperature,Escritorio_A,21.78
2025-09-17 17:00:00,TEM_ESC_04,temperature,Escritorio_A,22.17
2025-09-17 17:15:00,TEM_ESC_04,temperature,Escritorio_A,22.09
2025-09-17 17:30:00,TEM_ESC_04,temperature,Escritorio_A,21.89
2025-09-17 17:45:00,TEM_ESC_04,temperature,Escritorio_A,21.09
2025-09-17 18:00:00,TEM_ESC_04,temperature,Escritorio_A,20.87
2025-09-17 18:15:00,TEM_ESC_04,temperature,Escritorio_A,21.09
2025-09-17 18:30:00,TEM_ESC_04,temperature,Escritorio_A,21.22
2025-09-17 18:45:00,TEM_ESC_04,temperature,Escritorio_A,20.86
2025-09-17 19:00:00,TEM_ESC_04,temperature,Escritorio_A,20.67
2025-09-17 19:15:00,TEM_ESC_04,temperature,Escritorio_A,20.58
2025-09-17 19:30:00,TEM_ESC_04,temperature,Escritorio_A,20.76
2025-09-17 19:45:00,TEM_ESC_04,temperature,Escritorio_A,20.87
2025-09-17 20:00:00,TEM_ESC_04,temperature,Escritorio_A,20.06
2025-09-17 20:15:00,TEM_ESC_04,temperature,Escritorio_A,20.36
2025-09-17 20:30:00,TEM_ESC_04,temperature,Escritorio_A,20.12
2025-09-17 20:45:00,TEM_ESC_04,temperature,Escritorio_A,20.15
2025-09-17 21:00:00,TEM_ESC_04,temperature,Escritorio_A,20.49
2025-09-17 21:15:00,TEM_ESC_04,temperature,Escritorio_A,19.58
2025-09-17 21:30:00,TEM_ESC_04,temperature,Escritorio_A,20.2
2025-09-17 21:45:00,TEM_ESC_04,temperature,Escritorio_A,20.41
2025-09-17 22:00:00,TEM_ESC_04,temperature,Escritorio_A,19.69
2025-09-17 22:15:00,TEM_ESC_04,temperature,Escritorio_A,20.44
2025-09-17 22:30:00,TEM_ESC_04,temperature,Escritorio_A,19.88
2025-09-17 22:45:00,TEM_ESC_04,temperature,Escritorio_A,20.28
2025-09-17 23:00:00,TEM_ESC_04,temperature,Escritorio_A,19.81
2025-09-17 23:15:00,TEM_ESC_04,temperature,Escritorio_A,20.1
2025-09-17 23:30:00,TEM_ESC_04,temperature,Escritorio_A,20.16
2025-09-17 23:45:00,TEM_ESC_04,temperature,Escritorio_A,20.1
2025-09-18 00:00:00,TEM_ESC_04,temperature,Escritorio_A,20.39
2025-09-18 00:15:00,TEM_ESC_04,temperature,Escritorio_A,20.3
2025-09-18 00:30:00,TEM_ESC_04,temperature,Escritorio_A,20.31
2025-09-18 00:45:00,TEM_ESC_04,temperature,Escritorio_A,20.14
2025-09-18 01:00:00,TEM_ESC_04,temperature,Escritorio_A,20.61
2025-09-18 01:15:00,TEM_ESC_04,temperature,Escritorio_A,20.54
2025-09-18 01:30:00,TEM_ESC_04,temperature,Escritorio_A,20.72
2025-09-18 01:45:00,TEM_ESC_04,temperature,Escritorio_A,20.76
2025-09-18 02:00:00,TEM_ESC_04,temperature,Escritorio_A,20.99
2025-09-18 02:15:00,TEM_ESC_04,temperature,Escritorio_A,21.38
2025-09-18 02:30:00,TEM_ESC_04,temperature,Escritorio_A,21.75
2025-09-18 02:45:00,TEM_ESC_04,temperature,Escritorio_A,20.81
2025-09-18 03:00:00,TEM_ESC_04,temperature,Escritorio_A,21.53
2025-09-18 03:15:00,TEM_ESC_04,temperature,Escritorio_A,21.8
2025-09-18 03:30:00,TEM_ESC_04,temperature,Escritorio_A,22.7
2025-09-18 03:45:00,TEM_ESC_04,temperature,Escritorio_A,22.01
2025-09-18 04:00:00,TEM_ESC_04,temperature,Escritorio_A,22.41
2025-09-18 04:15:00,TEM_ESC_04,temperature,Escritorio_A,22.31
2025-09-18 04:30:00,TEM_ESC_04,temperature,Escritorio_A,22.5
2025-09-18 04:45:00,TEM_ESC_04,temperature,Escritorio_A,23.22
2025-09-18 05:00:00,TEM_ESC_04,temperature,Escritorio_A,23.22
2025-09-18 05:15:00,TEM_ESC_04,temperature,Escritorio_A,23.27
2025-09-18 05:30:00,TEM_ESC_04,temperature,Escritorio_A,23.34
2025-09-18 05:45:00,TEM_ESC_04,temperature,Escritorio_A,23.44
2025-09-18 06:00:00,TEM_ESC_04,temperature,Escritorio_A,23.91
2025-09-18 06:15:00,TEM_ESC_04,temperature,Escritorio_A,23.92
2025-09-18 06:30:00,TEM_ESC_04,temperature,Escritorio_A,23.44
2025-09-18 06:45:00,TEM_ESC_04,temperature,Escritorio_A,23.91
2025-09-18 07:00:00,TEM_ESC_04,temperature,Escritorio_A,24.37
2025-09-18 07:15:00,TEM_ESC_04,temperature,Escritorio_A,24.8
2025-09-18 07:30:00,TEM_ESC_04,temperature,Escritorio_A,24.24
2025-09-18 07:45:00,TEM_ESC_04,temperature,Escritorio_A,24.86
2025-09-18 08:00:00,TEM_ESC_04,temperature,Escritorio_A,24.95
2025-09-18 08:15:00,TEM_ESC_04,temperature,Escritorio_A,24.71
2025-09-18 08:30:00,TEM_ESC_04,temperature,Escritorio_A,24.65
2025-09-18 08:45:00,TEM_ESC_04,temperature,Escritorio_A,24.89
2025-09-18 09:00:00,TEM_ESC_04,temperature,Escritorio_A,24.84
2025-09-18 09:15:00,TEM_ESC_04,temperature,Escritorio_A,24.93
2025-09-18 09:30:00,TEM_ESC_04,temperature,Escritorio_A,25.37
2025-09-18 09:45:00,TEM_ESC_04,temperature,Escritorio_A,24.93
2025-09-18 10:00:00,TEM_ESC_04,temperature,Escritorio_A,24.92
2025-09-18 10:15:00,TEM_ESC_04,temperature,Escritorio_A,25.56
2025-09-18 10:30:00,TEM_ESC_04,temperature,Escritorio_A,25.26
2025-09-18 10:45:00,TEM_ESC_04,temperature,Escritorio_A,24.39
2025-09-18 11:00:00,TEM_ESC_04,temperature,Escritorio_A,24.45
2025-09-18 11:15:00,TEM_ESC_04,temperature,Escritorio_A,24.97
2025-09-18 11:30:00,TEM_ESC_04,temperature,Escritorio_A,24.12
2025-09-18 11:45:00,TEM_ESC_04,temperature,Escritorio_A,25.04
2025-09-18 12:00:00,TEM_ESC_04,temperature,Escritorio_A,24.33
2025-09-18 12:15:00,TEM_ESC_04,temperature,Escritorio_A,24.55
2025-09-18 12:30:00,TEM_ESC_04,temperature,Escritorio_A,24.67
2025-09-18 12:45:00,TEM_ESC_04,temperature,Escritorio_A,24.1
2025-09-18 13:00:00,TEM_ESC_04,temperature,Escritorio_A,24.5
2025-09-18 13:15:00,TEM_ESC_04,temperature,Escritorio_A,23.78
2025-09-18 13:30:00,TEM_ESC_04,temperature,Escritorio_A,24.02
2025-09-18 13:45:00,TEM_ESC_04,temperature,Escritorio_A,23.67
2025-09-18 14:00:00,TEM_ESC_04,temperature,Escritorio_A,24.14
2025-09-18 14:15:00,TEM_ESC_04,temperature,Escritorio_A,23.05
2025-09-18 14:30:00,TEM_ESC_04,temperature,Escritorio_A,23.32
2025-09-18 14:45:00,TEM_ESC_04,temperature,Escritorio_A,22.95
2025-09-18 15:00:00,TEM_ESC_04,temperature,Escritorio_A,22.94
2025-09-18 15:15:00,TEM_ESC_04,temperature,Escritorio_A,23.14
2025-09-18 15:30:00,TEM_ESC_04,temperature,Escritorio_A,22.64
2025-09-18 15:45:00,TEM_ESC_04,temperature,Escritorio_A,22.81
2025-09-18 16:00:00,TEM_ESC_04,temperature,Escritorio_A,22.44
2025-09-18 16:15:00,TEM_ESC_04,temperature,Escritorio_A,22.18
2025-09-18 16:30:00,TEM_ESC_04,temperature,Escritorio_A,22.08
2025-09-18 16:45:00,TEM_ESC_04,temperature,Escritorio_A,22.25
2025-09-18 17:00:00,TEM_ESC_04,temperature,Escritorio_A,21.89
2025-09-18 17:15:00,TEM_ESC_04,temperature,Escritorio_A,22.12
2025-09-18 17:30:00,TEM_ESC_04,temperature,Escritorio_A,21.12
2025-09-18 17:45:00,TEM_ESC_04,temperature,Escritorio_A,21.68
2025-09-18 18:00:00,TEM_ESC_04,temperature,Escritorio_A,21.49
2025-09-18 18:15:00,TEM_ESC_04,temperature,Escritorio_A,20.96
2025-09-18 18:30:00,TEM_ESC_04,temperature,Escritorio_A,21.16
2025-09-18 18:45:00,TEM_ESC_04,temperature,Escritorio_A,21.03
2025-09-18 19:00:00,TEM_ESC_04,temperature,Escritorio_A,20.48
2025-09-18 19:15:00,TEM_ESC_04,temperature,Escritorio_A,21.46
2025-09-18 19:30:00,TEM_ESC_04,temperature,Escritorio_A,20.05
2025-09-18 19:45:00,TEM_ESC_04,temperature,Escritorio_A,20.23
2025-09-18 20:00:00,TEM_ESC_04,temperature,Escritorio_A,20.68
2025-09-18 20:15:00,TEM_ESC_04,temperature,Escritorio_A,19.73
2025-09-18 20:30:00,TEM_ESC_04,temperature,Escritorio_A,20.35
2025-09-18 20:45:00,TEM_ESC_04,temperature,Escritorio_A,19.92
2025-09-18 21:00:00,TEM_ESC_04,temperature,Escritorio_A,20.08
2025-09-18 21:15:00,TEM_ESC_04,temperature,Escritorio_A,19.83
2025-09-18 21:30:00,TEM_ESC_04,temperature,Escritorio_A,19.91
2025-09-18 21:45:00,TEM_ESC_04,temperature,Escritorio_A,20.57
2025-09-18 22:00:00,TEM_ESC_04,temperature,Escritorio_A,20.03
2025-09-18 22:15:00,TEM_ESC_04,temperature,Escritorio_A,20.61
2025-09-18 22:30:00,TEM_ESC_04,temperature,Escritorio_A,19.87
2025-09-18 22:45:00,TEM_ESC_04,temperature,Escritorio_A,20.09
2025-09-18 23:00:00,TEM_ESC_04,temperature,Escritorio_A,20.06
2025-09-18 23:15:00,TEM_ESC_04,temperature,Escritorio_A,20.39
2025-09-18 23:30:00,TEM_ESC_04,temperature,Escritorio_A,20.76
2025-09-18 23:45:00,TEM_ESC_04,temperature,Escritorio_A,19.99
2025-09-19 00:00:00,TEM_ESC_04,temperature,Escritorio_A,20.64
2025-09-19 00:15:00,TEM_ESC_04,temperature,Escritorio_A,20.2
2025-09-19 00:30:00,TEM_ESC_04,temperature,Escritorio_A,20.42
2025-09-19 00:45:00,TEM_ESC_04,temperature,Escritorio_A,21.31
2025-09-19 01:00:00,TEM_ESC_04,temperature,Escritorio_A,20.69
2025-09-19 01:15:00,TEM_ESC_04,temperature,Escritorio_A,20.95
2025-09-19 01:30:00,TEM_ESC_04,temperature,Escritorio_A,21.51
2025-09-19 01:45:00,TEM_ESC_04,temperature,Escritorio_A,21.38
2025-09-19 02:00:00,TEM_ESC_04,temperature,Escritorio_A,21.22
2025-09-19 02:15:00,TEM_ESC_04,temperature,Escritorio_A,21.84
2025-09-19 02:30:00,TEM_ESC_04,temperature,Escritorio_A,21.36
2025-09-19 02:45:00,TEM_ESC_04,temperature,Escritorio_A,21.34
2025-09-19 03:00:00,TEM_ESC_04,temperature,Escritorio_A,22.28
2025-09-19 03:15:00,TEM_ESC_04,temperature,Escritorio_A,21.75
2025-09-19 03:30:00,TEM_ESC_04,temperature,Escritorio_A,21.76
2025-09-19 03:45:00,TEM_ESC_04,temperature,Escritorio_A,22.88
2025-09-19 04:00:00,TEM_ESC_04,temperature,Escritorio_A,22.87
2025-09-19 04:15:00,TEM_ESC_04,temperature,Escritorio_A,23.09
2025-09-19 04:30:00,TEM_ESC_04,temperature,Escritorio_A,22.66
2025-09-19 04:45:00,TEM_ESC_04,temperature,Escritorio_A,23.12
2025-09-19 05:00:00,TEM_ESC_04,temperature,Escritorio_A,22.77
2025-09-19 05:15:00,TEM_ESC_04,temperature,Escritorio_A,23.75
2025-09-19 05:30:00,TEM_ESC_04,temperature,Escritorio_A,23.27
2025-09-19 05:45:00,TEM_ESC_04,temperature,Escritorio_A,23.61
2025-09-19 06:00:00,TEM_ESC_04,temperature,Escritorio_A,24.04
2025-09-19 06:15:00,TEM_ESC_04,temperature,Escritorio_A,23.62
2025-09-19 06:30:00,TEM_ESC_04,temperature,Escritorio_A,24.02
2025-09-19 06:45:00,TEM_ESC_04,temperature,Escritorio_A,24.13
2025-09-19 07:00:00,TEM_ESC_04,temperature,Escritorio_A,24.45
2025-09-19 07:15:00,TEM_ESC_04,temperature,Escritorio_A,24.48
2025-09-19 07:30:00,TEM_ESC_04,temperature,Escritorio_A,24.68
2025-09-19 07:45:00,TEM_ESC_04,temperature,Escritorio_A,24.39
2025-09-19 08:00:00,TEM_ESC_04,temperature,Escritorio_A,24.72
2025-09-19 08:15:00,TEM_ESC_04,temperature,Escritorio_A,24.92
2025-09-19 08:30:00,TEM_ESC_04,temperature,Escritorio_A,24.8
2025-09-19 08:45:00,TEM_ESC_04,temperature,Escritorio_A,24.98
2025-09-19 09:00:00,TEM_ESC_04,temperature,Escritorio_A,24.58
2025-09-19 09:15:00,TEM_ESC_04,temperature,Escritorio_A,24.77
2025-09-19 09:30:00,TEM_ESC_04,temperature,Escritorio_A,25.39
2025-09-19 09:45:00,TEM_ESC_04,temperature,Escritorio_A,24.73
2025-09-19 10:00:00,TEM_ESC_04,temperature,Escritorio_A,25.39
2025-09-19 10:15:00,TEM_ESC_04,temperature,Escritorio_A,24.9
2025-09-19 10:30:00,TEM_ESC_04,temperature,Escritorio_A,25.21
2025-09-19 10:45:00,TEM_ESC_04,temperature,Escritorio_A,25.37
2025-09-19 11:00:00,TEM_ESC_04,temperature,Escritorio_A,24.95
2025-09-19 11:15:00,TEM_ESC_04,temperature,Escritorio_A,24.65
2025-09-19 11:30:00,TEM_ESC_04,temperature,Escritorio_A,24.95
2025-09-19 11:45:00,TEM_ESC_04,temperature,Escritorio_A,24.46
2025-09-19 12:00:00,TEM_ESC_04,temperature,Escritorio_A,23.94
2025-09-19 12:15:00,TEM_ESC_04,temperature,Escritorio_A,24.96
2025-09-19 12:30:00,TEM_ESC_04,temperature,Escritorio_A,25.02
2025-09-19 12:45:00,TEM_ESC_04,temperature,Escritorio_A,24.57
2025-09-19 13:00:00,TEM_ESC_04,temperature,Escritorio_A,24.37
2025-09-19 13:15:00,TEM_ESC_04,temperature,Escritorio_A,23.9
2025-09-19 13:30:00,TEM_ESC_04,temperature,Escritorio_A,23.92
2025-09-19 13:45:00,TEM_ESC_04,temperature,Escritorio_A,23.58
2025-09-19 14:00:00,TEM_ESC_04,temperature,Escritorio_A,24.35
2025-09-19 14:15:00,TEM_ESC_04,temperature,Escritorio_A,23.36
2025-09-19 14:30:00,TEM_ESC_04,temperature,Escritorio_A,23.4
2025-09-19 14:45:00,TEM_ESC_04,temperature,Escritorio_A,23.38
2025-09-19 15:00:00,TEM_ESC_04,temperature,Escritorio_A,23.32
2025-09-19 15:15:00,TEM_ESC_04,temperature,Escritorio_A,22.34
2025-09-19 15:30:00,TEM_ESC_04,temperature,Escritorio_A,22.84
2025-09-19 15:45:00,TEM_ESC_04,temperature,Escritorio_A,22.41
2025-09-19 16:00:00,TEM_ESC_04,temperature,Escritorio_A,23.03
2025-09-19 16:15:00,TEM_ESC_04,temperature,Escritorio_A,22.2
2025-09-19 16:30:00,TEM_ESC_04,temperature,Escritorio_A,21.78
2025-09-19 16:45:00,TEM_ESC_04,temperature,Escritorio_A,22.21
2025-09-19 17:00:00,TEM_ESC_04,temperature,Escritorio_A,21.76
2025-09-19 17:15:00,TEM_ESC_04,temperature,Escritorio_A,21.54
2025-09-19 17:30:00,TEM_ESC_04,temperature,Escritorio_A,21.3
2025-09-19 17:45:00,TEM_ESC_04,temperature,Escritorio_A,21.62
2025-09-19 18:00:00,TEM_ESC_04,temperature,Escritorio_A,21.49
2025-09-19 18:15:00,TEM_ESC_04,temperature,Escritorio_A,20.88
2025-09-19 18:30:00,TEM_ESC_04,temperature,Escritorio_A,20.49
2025-09-19 18:45:00,TEM_ESC_04,temperature,Escritorio_A,21.29
2025-09-19 19:00:00,TEM_ESC_04,temperature,Escritorio_A,20.86
2025-09-19 19:15:00,TEM_ESC_04,temperature,Escritorio_A,20.55
2025-09-19 19:30:00,TEM_ESC_04,temperature,Escritorio_A,20.64
2025-09-19 19:45:00,TEM_ESC_04,temperature,Escritorio_A,20.36
2025-09-19 20:00:00,TEM_ESC_04,temperature,Escritorio_A,20.7
2025-09-19 20:15:00,TEM_ESC_04,temperature,Escritorio_A,20.06
2025-09-19 20:30:00,TEM_ESC_04,temperature,Escritorio_A,20.23
2025-09-19 20:45:00,TEM_ESC_04,temperature,Escritorio_A,20.16
2025-09-19 21:00:00,TEM_ESC_04,temperature,Escritorio_A,19.52
2025-09-19 21:15:00,TEM_ESC_04,temperature,Escritorio_A,20.19
2025-09-19 21:30:00,TEM_ESC_04,temperature,Escritorio_A,19.73
2025-09-19 21:45:00,TEM_ESC_04,temperature,Escritorio_A,19.66
2025-09-19 22:00:00,TEM_ESC_04,temperature,Escritorio_A,20.0
2025-09-19 22:15:00,TEM_ESC_04,temperature,Escritorio_A,19.48
2025-09-19 22:30:00,TEM_ESC_04,temperature,Escritorio_A,19.88
2025-09-19 22:45:00,TEM_ESC_04,temperature,Escritorio_A,19.94
2025-09-19 23:00:00,TEM_ESC_04,temperature,Escritorio_A,20.0
2025-09-19 23:15:00,TEM_ESC_04,temperature,Escritorio_A,20.56
2025-09-19 23:30:00,TEM_ESC_04,temperature,Escritorio_A,20.62
2025-09-19 23:45:00,TEM_ESC_04,temperature,Escritorio_A,20.54
2025-09-20 00:00:00,TEM_ESC_04,temperature,Escritorio_A,20.27
2025-09-20 00:15:00,TEM_ESC_04,temperature,Escritorio_A,20.02
2025-09-20 00:30:00,TEM_ESC_04,temperature,Escritorio_A,20.1
2025-09-20 00:45:00,TEM_ESC_04,temperature,Escritorio_A,20.26
2025-09-20 01:00:00,TEM_ESC_04,temperature,Escritorio_A,21.04
2025-09-20 01:15:00,TEM_ESC_04,temperature,Escritorio_A,20.2
2025-09-20 01:30:00,TEM_ESC_04,temperature,Escritorio_A,21.38
2025-09-20 01:45:00,TEM_ESC_04,temperature,Escritorio_A,20.88
2025-09-20 02:00:00,TEM_ESC_04,temperature,Escritorio_A,20.91
2025-09-20 02:15:00,TEM_ESC_04,temperature,Escritorio_A,21.19
2025-09-20 02:30:00,TEM_ESC_04,temperature,Escritorio_A,21.45
2025-09-20 02:45:00,TEM_ESC_04,temperature,Escritorio_A,21.12
2025-09-20 03:00:00,TEM_ESC_04,temperature,Escritorio_A,21.63
2025-09-20 03:15:00,TEM_ESC_04,temperature,Escritorio_A,21.54
2025-09-20 03:30:00,TEM_ESC_04,temperature,Escritorio_A,21.85
2025-09-20 03:45:00,TEM_ESC_04,temperature,Escritorio_A,21.91
2025-09-20 04:00:00,TEM_ESC_04,temperature,Escritorio_A,22.88
2025-09-20 04:15:00,TEM_ESC_04,temperature,Escritorio_A,22.36
2025-09-20 04:30:00,TEM_ESC_04,temperature,Escritorio_A,22.74
2025-09-20 04:45:00,TEM_ESC_04,temperature,Escritorio_A,23.5
2025-09-20 05:00:00,TEM_ESC_04,temperature,Escritorio_A,22.88
2025-09-20 05:15:00,TEM_ESC_04,temperature,Escritorio_A,23.18
2025-09-20 05:30:00,TEM_ESC_04,temperature,Escritorio_A,23.06
2025-09-20 05:45:00,TEM_ESC_04,temperature,Escritorio_A,23.11
2025-09-20 06:00:00,TEM_ESC_04,temperature,Escritorio_A,24.08
2025-09-20 06:15:00,TEM_ESC_04,temperature,Escritorio_A,23.47
2025-09-20 06:30:00,TEM_ESC_04,temperature,Escritorio_A,24.22
2025-09-20 06:45:00,TEM_ESC_04,temperature,Escritorio_A,23.8
2025-09-20 07:00:00,TEM_ESC_04,temperature,Escritorio_A,24.07
2025-09-20 07:15:00,TEM_ESC_04,temperature,Escritorio_A,24.0
2025-09-20 07:30:00,TEM_ESC_04,temperature,Escritorio_A,24.98
2025-09-20 07:45:00,TEM_ESC_04,temperature,Escritorio_A,24.34
2025-09-20 08:00:00,TEM_ESC_04,temperature,Escritorio_A,25.0
2025-09-20 08:15:00,TEM_ESC_04,temperature,Escritorio_A,25.02
2025-09-20 08:30:00,TEM_ESC_04,temperature,Escritorio_A,24.91
2025-09-20 08:45:00,TEM_ESC_04,temperature,Escritorio_A,25.05
2025-09-20 09:00:00,TEM_ESC_04,temperature,Escritorio_A,25.14
2025-09-20 09:15:00,TEM_ESC_04,temperature,Escritorio_A,24.5
2025-09-20 09:30:00,TEM_ESC_04,temperature,Escritorio_A,24.64
2025-09-20 09:45:00,TEM_ESC_04,temperature,Escritorio_A,25.25
2025-09-20 10:00:00,TEM_ESC_04,temperature,Escritorio_A,25.31
2025-09-20 10:15:00,TEM_ESC_04,temperature,Escritorio_A,24.49
2025-09-20 10:30:00,TEM_ESC_04,temperature,Escritorio_A,24.91
2025-09-20 10:45:00,TEM_ESC_04,temperature,Escritorio_A,25.06
2025-09-20 11:00:00,TEM_ESC_04,temperature,Escritorio_A,25.01
2025-09-20 11:15:00,TEM_ESC_04,temperature,Escritorio_A,25.22
2025-09-20 11:30:00,TEM_ESC_04,temperature,Escritorio_A,24.32
2025-09-20 11:45:00,TEM_ESC_04,temperature,Escritorio_A,24.96
2025-09-20 12:00:00,TEM_ESC_04,temperature,Escritorio_A,24.74
2025-09-20 12:15:00,TEM_ESC_04,temperature,Escritorio_A,24.08
2025-09-20 12:30:00,TEM_ESC_04,temperature,Escritorio_A,24.75
2025-09-20 12:45:00,TEM_ESC_04,temperature,Escritorio_A,24.33
2025-09-20 13:00:00,TEM_ESC_04,temperature,Escritorio_A,23.95
2025-09-20 13:15:00,TEM_ESC_04,temperature,Escritorio_A,24.16
2025-09-20 13:30:00,TEM_ESC_04,temperature,Escritorio_A,23.81
2025-09-20 13:45:00,TEM_ESC_04,temperature,Escritorio_A,24.32
2025-09-20 14:00:00,TEM_ESC_04,temperature,Escritorio_A,23.89
2025-09-20 14:15:00,TEM_ESC_04,temperature,Escritorio_A,23.6
2025-09-20 14:30:00,TEM_ESC_04,temperature,Escritorio_A,23.6
2025-09-20 14:45:00,TEM_ESC_04,temperature,Escritorio_A,23.17
2025-09-20 15:00:00,TEM_ESC_04,temperature,Escritorio_A,23.18
2025-09-20 15:15:00,TEM_ESC_04,temperature,Escritorio_A,22.74
2025-09-20 15:30:00,TEM_ESC_04,temperature,Escritorio_A,22.95
2025-09-20 15:45:00,TEM_ESC_04,temperature,Escritorio_A,22.44
2025-09-20 16:00:00,TEM_ESC_04,temperature,Escritorio_A,22.45
2025-09-20 16:15:00,TEM_ESC_04,temperature,Escritorio_A,22.63
2025-09-20 16:30:00,TEM_ESC_04,temperature,Escritorio_A,21.88
2025-09-20 16:45:00,TEM_ESC_04,temperature,Escritorio_A,21.64
2025-09-20 17:00:00,TEM_ESC_04,temperature,Escritorio_A,21.79
2025-09-20 17:15:00,TEM_ESC_04,temperature,Escritorio_A,21.77
2025-09-20 17:30:00,TEM_ESC_04,temperature,Escritorio_A,20.82
2025-09-20 17:45:00,TEM_ESC_04,temperature,Escritorio_A,21.85
2025-09-20 18:00:00,TEM_ESC_04,temperature,Escritorio_A,21.46
2025-09-20 18:15:00,TEM_ESC_04,temperature,Escritorio_A,21.25
2025-09-20 18:30:00,TEM_ESC_04,temperature,Escritorio_A,21.32
2025-09-20 18:45:00,TEM_ESC_04,temperature,Escritorio_A,20.88
2025-09-20 19:00:00,TEM_ESC_04,temperature,Escritorio_A,20.98
2025-09-20 19:15:00,TEM_ESC_04,temperature,Escritorio_A,20.42
2025-09-20 19:30:00,TEM_ESC_04,temperature,Escritorio_A,20.77
2025-09-20 19:45:00,TEM_ESC_04,temperature,Escritorio_A,20.07
2025-09-20 20:00:00,TEM_ESC_04,temperature,Escritorio_A,20.27
2025-09-20 20:15:00,TEM_ESC_04,temperature,Escritorio_A,19.96
2025-09-20 20:30:00,TEM_ESC_04,temperature,Escritorio_A,20.44
2025-09-20 20:45:00,TEM_ESC_04,temperature,Escritorio_A,20.33
2025-09-20 21:00:00,TEM_ESC_04,temperature,Escritorio_A,20.47
2025-09-20 21:15:00,TEM_ESC_04,temperature,Escritorio_A,19.76
2025-09-20 21:30:00,TEM_ESC_04,temperature,Escritorio_A,20.15
2025-09-20 21:45:00,TEM_ESC_04,temperature,Escritorio_A,19.42
2025-09-20 22:00:00,TEM_ESC_04,temperature,Escritorio_A,19.9
2025-09-20 22:15:00,TEM_ESC_04,temperature,Escritorio_A,19.88
2025-09-20 22:30:00,TEM_ESC_04,temperature,Escritorio_A,20.41
2025-09-20 22:45:00,TEM_ESC_04,temperature,Escritorio_A,19.88
2025-09-20 23:00:00,TEM_ESC_04,temperature,Escritorio_A,20.13
2025-09-20 23:15:00,TEM_ESC_04,temperature,Escritorio_A,19.95
2025-09-20 23:30:00,TEM_ESC_04,temperature,Escritorio_A,20.45
2025-09-20 23:45:00,TEM_ESC_04,temperature,Escritorio_A,20.68
2025-09-21 00:00:00,TEM_ESC_04,temperature,Escritorio_A,20.32
2025-09-21 00:15:00,TEM_ESC_04,temperature,Escritorio_A,20.9
2025-09-21 00:30:00,TEM_ESC_04,temperature,Escritorio_A,20.68
2025-09-21 00:45:00,TEM_ESC_04,temperature,Escritorio_A,20.74
2025-09-21 01:00:00,TEM_ESC_04,temperature,Escritorio_A,20.77
2025-09-21 01:15:00,TEM_ESC_04,temperature,Escritorio_A,20.96
2025-09-21 01:30:00,TEM_ESC_04,temperature,Escritorio_A,20.4
2025-09-21 01:45:00,TEM_ESC_04,temperature,Escritorio_A,21.18
2025-09-21 02:00:00,TEM_ESC_04,temperature,Escritorio_A,21.33
2025-09-21 02:15:00,TEM_ESC_04,temperature,Escritorio_A,21.01
2025-09-21 02:30:00,TEM_ESC_04,temperature,Escritorio_A,21.9
2025-09-21 02:45:00,TEM_ESC_04,temperature,Escritorio_A,21.89
2025-09-21 03:00:00,TEM_ESC_04,temperature,Escritorio_A,21.61
2025-09-21 03:15:00,TEM_ESC_04,temperature,Escritorio_A,21.94
2025-09-21 03:30:00,TEM_ESC_04,temperature,Escritorio_A,22.41
2025-09-21 03:45:00,TEM_ESC_04,temperature,Escritorio_A,22.34
2025-09-21 04:00:00,TEM_ESC_04,temperature,Escritorio_A,22.63
2025-09-21 04:15:00,TEM_ESC_04,temperature,Escritorio_A,22.67
2025-09-21 04:30:00,TEM_ESC_04,temperature,Escritorio_A,22.76
2025-09-21 04:45:00,TEM_ESC_04,temperature,Escritorio_A,23.16
2025-09-21 05:00:00,TEM_ESC_04,temperature,Escritorio_A,23.38
2025-09-21 05:15:00,TEM_ESC_04,temperature,Escritorio_A,22.8
2025-09-21 05:30:00,TEM_ESC_04,temperature,Escritorio_A,22.99
2025-09-21 05:45:00,TEM_ESC_04,temperature,Escritorio_A,23.02
2025-09-21 06:00:00,TEM_ESC_04,temperature,Escritorio_A,24.04
2025-09-21 06:15:00,TEM_ESC_04,temperature,Escritorio_A,23.98
2025-09-21 06:30:00,TEM_ESC_04,temperature,Escritorio_A,23.71
2025-09-21 06:45:00,TEM_ESC_04,temperature,Escritorio_A,24.64
2025-09-21 07:00:00,TEM_ESC_04,temperature,Escritorio_A,23.82
2025-09-21 07:15:00,TEM_ESC_04,temperature,Escritorio_A,24.2
2025-09-21 07:30:00,TEM_ESC_04,temperature,Escritorio_A,24.61
2025-09-21 07:45:00,TEM_ESC_04,temperature,Escritorio_A,24.57
2025-09-21 08:00:00,TEM_ESC_04,temperature,Escritorio_A,24.59
2025-09-21 08:15:00,TEM_ESC_04,temperature,Escritorio_A,24.88
2025-09-21 08:30:00,TEM_ESC_04,temperature,Escritorio_A,24.91
2025-09-21 08:45:00,TEM_ESC_04,temperature,Escritorio_A,24.8
2025-09-21 09:00:00,TEM_ESC_04,temperature,Escritorio_A,25.05
2025-09-21 09:15:00,TEM_ESC_04,temperature,Escritorio_A,24.72
2025-09-21 09:30:00,TEM_ESC_04,temperature,Escritorio_A,24.62
2025-09-21 09:45:00,TEM_ESC_04,temperature,Escritorio_A,24.05
2025-09-21 10:00:00,TEM_ESC_04,temperature,Escritorio_A,24.59
2025-09-21 10:15:00,TEM_ESC_04,temperature,Escritorio_A,25.01
2025-09-21 10:30:00,TEM_ESC_04,temperature,Escritorio_A,25.4
2025-09-21 10:45:00,TEM_ESC_04,temperature,Escritorio_A,24.94
2025-09-21 11:00:00,TEM_ESC_04,temperature,Escritorio_A,24.89
2025-09-21 11:15:00,TEM_ESC_04,temperature,Escritorio_A,25.0
2025-09-21 11:30:00,TEM_ESC_04,temperature,Escritorio_A,24.88
2025-09-21 11:45:00,TEM_ESC_04,temperature,Escritorio_A,25.16
2025-09-21 12:00:00,TEM_ESC_04,temperature,Escritorio_A,24.61
2025-09-21 12:15:00,TEM_ESC_04,temperature,Escritorio_A,25.08
2025-09-21 12:30:00,TEM_ESC_04,temperature,Escritorio_A,24.71
2025-09-21 12:45:00,TEM_ESC_04,temperature,Escritorio_A,24.49
2025-09-21 13:00:00,TEM_ESC_04,temperature,Escritorio_A,24.2
2025-09-21 13:15:00,TEM_ESC_04,temperature,Escritorio_A,24.48
2025-09-21 13:30:00,TEM_ESC_04,temperature,Escritorio_A,24.17
2025-09-21 13:45:00,TEM_ESC_04,temperature,Escritorio_A,23.41
2025-09-21 14:00:00,TEM_ESC_04,temperature,Escritorio_A,23.57
2025-09-21 14:15:00,TEM_ESC_04,temperature,Escritorio_A,23.76
2025-09-21 14:30:00,TEM_ESC_04,temperature,Escritorio_A,23.31
2025-09-21 14:45:00,TEM_ESC_04,temperature,Escritorio_A,22.99
2025-09-21 15:00:00,TEM_ESC_04,temperature,Escritorio_A,22.57
2025-09-21 15:15:00,TEM_ESC_04,temperature,Escritorio_A,22.45
2025-09-21 15:30:00,TEM_ESC_04,temperature,Escritorio_A,23.05
2025-09-21 15:45:00,TEM_ESC_04,temperature,Escritorio_A,22.34
2025-09-21 16:00:00,TEM_ESC_04,temperature,Escritorio_A,22.19
2025-09-21 16:15:00,TEM_ESC_04,temperature,Escritorio_A,22.1
2025-09-21 16:30:00,TEM_ESC_04,temperature,Escritorio_A,21.98
2025-09-21 16:45:00,TEM_ESC_04,temperature,Escritorio_A,21.99
2025-09-21 17:00:00,TEM_ESC_04,temperature,Escritorio_A,21.88
2025-09-21 17:15:00,TEM_ESC_04,temperature,Escritorio_A,21.77
2025-09-21 17:30:00,TEM_ESC_04,temperature,Escritorio_A,21.86
2025-09-21 17:45:00,TEM_ESC_04,temperature,Escritorio_A,21.27
2025-09-21 18:00:00,TEM_ESC_04,temperature,Escritorio_A,21.27
2025-09-21 18:15:00,TEM_ESC_04,temperature,Escritorio_A,21.06
2025-09-21 18:30:00,TEM_ESC_04,temperature,Escritorio_A,20.95
2025-09-21 18:45:00,TEM_ESC_04,temperature,Escritorio_A,20.51
2025-09-21 19:00:00,TEM_ESC_04,temperature,Escritorio_A,20.25
2025-09-21 19:15:00,TEM_ESC_04,temperature,Escritorio_A,20.91
2025-09-21 19:30:00,TEM_ESC_04,temperature,Escritorio_A,21.19
2025-09-21 19:45:00,TEM_ESC_04,temperature,Escritorio_A,20.3
2025-09-21 20:00:00,TEM_ESC_04,temperature,Escritorio_A,20.54
2025-09-21 20:15:00,TEM_ESC_04,temperature,Escritorio_A,20.46
2025-09-21 20:30:00,TEM_ESC_04,temperature,Escritorio_A,20.08
2025-09-21 20:45:00,TEM_ESC_04,temperature,Escritorio_A,20.17
2025-09-21 21:00:00,TEM_ESC_04,temperature,Escritorio_A,20.6
2025-09-21 21:15:00,TEM_ESC_04,temperature,Escritorio_A,19.8
2025-09-21 21:30:00,TEM_ESC_04,temperature,Escritorio_A,19.93
2025-09-21 21:45:00,TEM_ESC_04,temperature,Escritorio_A,19.54
2025-09-21 22:00:00,TEM_ESC_04,temperature,Escritorio_A,20.43
2025-09-21 22:15:00,TEM_ESC_04,temperature,Escritorio_A,20.51
2025-09-21 22:30:00,TEM_ESC_04,temperature,Escritorio_A,19.65
2025-09-21 22:45:00,TEM_ESC_04,temperature,Escritorio_A,19.72
2025-09-21 23:00:00,TEM_ESC_04,temperature,Escritorio_A,20.32
2025-09-21 23:15:00,TEM_ESC_04,temperature,Escritorio_A,20.16
2025-09-21 23:30:00,TEM_ESC_04,temperature,Escritorio_A,20.26
2025-09-21 23:45:00,TEM_ESC_04,temperature,Escritorio_A,20.58
2025-09-15 00:00:00,LUM_ESC_05,luminosity,Escritorio_A,0.0
2025-09-15 00:15:00,LUM_ESC_05,luminosity,Escritorio_A,0.0
2025-09-15 00:30:00,LUM_ESC_05,luminosity,Escritorio_A,5.0
2025-09-15 00:45:00,LUM_ESC_05,luminosity,Escritorio_A,0.0
2025-09-15 01:00:00,LUM_ESC_05,luminosity,Escritorio_A,0.0
2025-09-15 01:15:00,LUM_ESC_05,luminosity,Escritorio_A,1.0
2025-09-15 01:30:00,LUM_ESC_05,luminosity,Escritorio_A,0.0
2025-09-15 01:45:00,LUM_ESC_05,luminosity,Escritorio_A,0.0
2025-09-15 02:00:00,LUM_ESC_05,luminosity,Escritorio_A,0.0
2025-09-15 02:15:00,LUM_ESC_05,luminosity,Escritorio_A,0.0
2025-09-15 02:30:00,LUM_ESC_05,luminosity,Escritorio_A,0.0
2025-09-15 02:45:00,LUM_ESC_05,luminosity,Escritorio_A,0.0
2025-09-15 03:00:00,LUM_ESC_05,luminosity,Escritorio_A,0.0
2025-09-15 03:15:00,LUM_ESC_05,luminosity,Escritorio_A,0.0
2025-09-15 03:30:00,LUM_ESC_05,luminosity,Escritorio_A,0.0
2025-09-15 03:45:00,LUM_ESC_05,luminosity,Escritorio_A,0.0
2025-09-15 04:00:00,LUM_ESC_05,luminosity,Escritorio_A,0.0
2025-09-15 04:15:00,LUM_ESC_05,luminosity,Escritorio_A,1.0
2025-09-15 04:30:00,LUM_ESC_05,luminosity,Escritorio_A,0.0
2025-09-15 04:45:00,LUM_ESC_05,luminosity,Escritorio_A,0.0
2025-09-15 05:00:00,LUM_ESC_05,luminosity,Escritorio_A,0.0
2025-09-15 05:15:00,LUM_ESC_05,luminosity,Escritorio_A,1.0
2025-09-15 05:30:00,LUM_ESC_05,luminosity,Escritorio_A,0.0
2025-09-15 05:45:00,LUM_ESC_05,luminosity,Escritorio_A,2.0
2025-09-15 06:00:00,LUM_ESC_05,luminosity,Escritorio_A,354.0
2025-09-15 06:15:00,LUM_ESC_05,luminosity,Escritorio_A,431.0
2025-09-15 06:30:00,LUM_ESC_05,luminosity,Escritorio_A,460.0
2025-09-15 06:45:00,LUM_ESC_05,luminosity,Escritorio_A,467.0
2025-09-15 07:00:00,LUM_ESC_05,luminosity,Escritorio_A,596.0
2025-09-15 07:15:00,LUM_ESC_05,luminosity,Escritorio_A,522.0
2025-09-15 07:30:00,LUM_ESC_05,luminosity,Escritorio_A,659.0
2025-09-15 07:45:00,LUM_ESC_05,luminosity,Escritorio_A,669.0
2025-09-15 08:00:00,LUM_ESC_05,luminosity,Escritorio_A,669.0
2025-09-15 08:15:00,LUM_ESC_05,luminosity,Escritorio_A,845.0
2025-09-15 08:30:00,LUM_ESC_05,luminosity,Escritorio_A,803.0
2025-09-15 08:45:00,LUM_ESC_05,luminosity,Escritorio_A,760.0
2025-09-15 09:00:00,LUM_ESC_05,luminosity,Escritorio_A,818.0
2025-09-15 09:15:00,LUM_ESC_05,luminosity,Escritorio_A,990.0
2025-09-15 09:30:00,LUM_ESC_05,luminosity,Escritorio_A,978.0
2025-09-15 09:45:00,LUM_ESC_05,luminosity,Escritorio_A,976.0
2025-09-15 10:00:00,LUM_ESC_05,luminosity,Escritorio_A,1024.0
2025-09-15 10:15:00,LUM_ESC_05,luminosity,Escritorio_A,1106.0
2025-09-15 10:30:00,LUM_ESC_05,luminosity,Escritorio_A,1029.0
2025-09-15 10:45:00,LUM_ESC_05,luminosity,Escritorio_A,1134.0
2025-09-15 11:00:00,LUM_ESC_05,luminosity,Escritorio_A,1057.0
2025-09-15 11:15:00,LUM_ESC_05,luminosity,Escritorio_A,1162.0
2025-09-15 11:30:00,LUM_ESC_05,luminosity,Escritorio_A,1104.0
2025-09-15 11:45:00,LUM_ESC_05,luminosity,Escritorio_A,1189.0
2025-09-15 12:00:00,LUM_ESC_05,luminosity,Escritorio_A,1211.0
2025-09-15 12:15:00,LUM_ESC_05,luminosity,Escritorio_A,1058.0
2025-09-15 12:30:00,LUM_ESC_05,luminosity,Escritorio_A,1123.0
2025-09-15 12:45:00,LUM_ESC_05,luminosity,Escritorio_A,1170.0
2025-09-15 13:00:00,LUM_ESC_05,luminosity,Escritorio_A,1136.0
2025-09-15 13:15:00,LUM_ESC_05,luminosity,Escritorio_A,1104.0
2025-09-15 13:30:00,LUM_ESC_05,luminosity,Escritorio_A,1074.0
2025-09-15 13:45:00,LUM_ESC_05,luminosity,Escritorio_A,1089.0
2025-09-15 14:00:00,LUM_ESC_05,luminosity,Escritorio_A,976.0
2025-09-15 14:15:00,LUM_ESC_05,luminosity,Escritorio_A,1060.0
2025-09-15 14:30:00,LUM_ESC_05,luminosity,Escritorio_A,1014.0
2025-09-15 14:45:00,LUM_ESC_05,luminosity,Escritorio_A,834.0
2025-09-15 15:00:00,LUM_ESC_05,luminosity,Escritorio_A,917.0
2025-09-15 15:15:00,LUM_ESC_05,luminosity,Escritorio_A,858.0
2025-09-15 15:30:00,LUM_ESC_05,luminosity,Escritorio_A,746.0
2025-09-15 15:45:00,LUM_ESC_05,luminosity,Escritorio_A,761.0
2025-09-15 16:00:00,LUM_ESC_05,luminosity,Escritorio_A,679.0
2025-09-15 16:15:00,LUM_ESC_05,luminosity,Escritorio_A,710.0
2025-09-15 16:30:00,LUM_ESC_05,luminosity,Escritorio_A,563.0
2025-09-15 16:45:00,LUM_ESC_05,luminosity,Escritorio_A,550.0
2025-09-15 17:00:00,LUM_ESC_05,luminosity,Escritorio_A,609.0
2025-09-15 17:15:00,LUM_ESC_05,luminosity,Escritorio_A,496.0
2025-09-15 17:30:00,LUM_ESC_05,luminosity,Escritorio_A,421.0
2025-09-15 17:45:00,LUM_ESC_05,luminosity,Escritorio_A,377.0
2025-09-15 18:00:00,LUM_ESC_05,luminosity,Escritorio_A,3.0
2025-09-15 18:15:00,LUM_ESC_05,luminosity,Escritorio_A,6.0
2025-09-15 18:30:00,LUM_ESC_05,luminosity,Escritorio_A,0.0
2025-09-15 18:45:00,LUM_ESC_05,luminosity,Escritorio_A,10.0
2025-09-15 19:00:00,LUM_ESC_05,luminosity,Escritorio_A,0.0
2025-09-15 19:15:00,LUM_ESC_05,luminosity,Escritorio_A,3.0
2025-09-15 19:30:00,LUM_ESC_05,luminosity,Escritorio_A,0.0
2025-09-15 19:45:00,LUM_ESC_05,luminosity,Escritorio_A,1.0
2025-09-15 20:00:00,LUM_ESC_05,luminosity,Escritorio_A,0.0
2025-09-15 20:15:00,LUM_ESC_05,luminosity,Escritorio_A,4.0
2025-09-15 20:30:00,LUM_ESC_05,luminosity,Escritorio_A,0.0
2025-09-15 20:45:00,LUM_ESC_05,luminosity,Escritorio_A,0.0
2025-09-15 21:00:00,LUM_ESC_05,luminosity,Escritorio_A,0.0
2025-09-15 21:15:00,LUM_ESC_05,luminosity,Escritorio_A,3.0
2025-09-15 21:30:00,LUM_ESC_05,luminosity,Escritorio_A,0.0
2025-09-15 21:45:00,LUM_ESC_05,luminosity,Escritorio_A,3.0
2025-09-15 22:00:00,LUM_ESC_05,luminosity,Escritorio_A,0.0
2025-09-15 22:15:00,LUM_ESC_05,luminosity,Escritorio_A,0.0
2025-09-15 22:30:00,LUM_ESC_05,luminosity,Escritorio_A,6.0
2025-09-15 22:45:00,LUM_ESC_05,luminosity,Escritorio_A,0.0
2025-09-15 23:00:00,LUM_ESC_05,luminosity,Escritorio_A,5.0
2025-09-15 23:15:00,LUM_ESC_05,luminosity,Escritorio_A,0.0
2025-09-15 23:30:00,LUM_ESC_05,luminosity,Escritorio_A,0.0
2025-09-15 23:45:00,LUM_ESC_05,luminosity,Escritorio_A,0.0
2025-09-16 00:00:00,LUM_ESC_05,luminosity,Escritorio_A,0.0
2025-09-16 00:15:00,LUM_ESC_05,luminosity,Escritorio_A,3.0
2025-09-16 00:30:00,LUM_ESC_05,luminosity,Escritorio_A,0.0
2025-09-16 00:45:00,LUM_ESC_05,luminosity,Escritorio_A,2.0
2025-09-16 01:00:00,LUM_ESC_05,luminosity,Escritorio_A,0.0
2025-09-16 01:15:00,LUM_ESC_05,luminosity,Escritorio_A,0.0
2025-09-16 01:30:00,LUM_ESC_05,luminosity,Escritorio_A,0.0
2025-09-16 01:45:00,LUM_ESC_05,luminosity,Escritorio_A,2.0
2025-09-16 02:00:00,LUM_ESC_05,luminosity,Escritorio_A,8.0
2025-09-16 02:15:00,LUM_ESC_05,luminosity,Escritorio_A,2.0
2025-09-16 02:30:00,LUM_ESC_05,luminosity,Escritorio_A,0.0
2025-09-16 02:45:00,LUM_ESC_05,luminosity,Escritorio_A,7.0
2025-09-16 03:00:00,LUM_ESC_05,luminosity,Escritorio_A,0.0
2025-09-16 03:15:00,LUM_ESC_05,luminosity,Escritorio_A,3.0
2025-09-16 03:30:00,LUM_ESC_05,luminosity,Escritorio_A,6.0
2025-09-16 03:45:00,LUM_ESC_05,luminosity,Escritorio_A,0.0
2025-09-16 04:00:00,LUM_ESC_05,luminosity,Escritorio_A,0.0
2025-09-16 04:15:00,LUM_ESC_05,luminosity,Escritorio_A,0.0
2025-09-16 04:30:00,LUM_ESC_05,luminosity,Escritorio_A,6.0
2025-09-16 04:45:00,LUM_ESC_05,luminosity,Escritorio_A,7.0
2025-09-16 05:00:00,LUM_ESC_05,luminosity,Escritorio_A,0.0
2025-09-16 05:15:00,LUM_ESC_05,luminosity,Escritorio_A,0.0
2025-09-16 05:30:00,LUM_ESC_05,luminosity,Escritorio_A,0.0
2025-09-16 05:45:00,LUM_ESC_05,luminosity,Escritorio_A,0.0
2025-09-16 06:00:00,LUM_ESC_05,luminosity,Escritorio_A,284.0
2025-09-16 06:15:00,LUM_ESC_05,luminosity,Escritorio_A,295.0
2025-09-16 06:30:00,LUM_ESC_05,luminosity,Escritorio_A,443.0
2025-09-16 06:45:00,LUM_ESC_05,luminosity,Escritorio_A,514.0
2025-09-16 07:00:00,LUM_ESC_05,luminosity,Escritorio_A,532.0
2025-09-16 07:15:00,LUM_ESC_05,luminosity,Escritorio_A,582.0
2025-09-16 07:30:00,LUM_ESC_05,luminosity,Escritorio_A,669.0
2025-09-16 07:45:00,LUM_ESC_05,luminosity,Escritorio_A,679.0
2025-09-16 08:00:00,LUM_ESC_05,luminosity,Escritorio_A,649.0
2025-09-16 08:15:00,LUM_ESC_05,luminosity,Escritorio_A,674.0
2025-09-16 08:30:00,LUM_ESC_05,luminosity,Escritorio_A,878.0
2025-09-16 08:45:00,LUM_ESC_05,luminosity,Escritorio_A,917.0
2025-09-16 09:00:00,LUM_ESC_05,luminosity,Escritorio_A,932.0
2025-09-16 09:15:00,LUM_ESC_05,luminosity,Escritorio_A,896.0
2025-09-16 09:30:00,LUM_ESC_05,luminosity,Escritorio_A,957.0
2025-09-16 09:45:00,LUM_ESC_05,luminosity,Escritorio_A,942.0
2025-09-16 10:00:00,LUM_ESC_05,luminosity,Escritorio_A,1012.0
2025-09-16 10:15:00,LUM_ESC_05,luminosity,Escritorio_A,1000.0
2025-09-16 10:30:00,LUM_ESC_05,luminosity,Escritorio_A,1023.0
2025-09-16 10:45:00,LUM_ESC_05,luminosity,Escritorio_A,1052.0
2025-09-16 11:00:00,LUM_ESC_05,luminosity,Escritorio_A,1079.0
2025-09-16 11:15:00,LUM_ESC_05,luminosity,Escritorio_A,1050.0
2025-09-16 11:30:00,LUM_ESC_05,luminosity,Escritorio_A,1173.0
2025-09-16 11:45:00,LUM_ESC_05,luminosity,Escritorio_A,1087.0
2025-09-16 12:00:00,LUM_ESC_05,luminosity,Escritorio_A,1108.0
2025-09-16 12:15:00,LUM_ESC_05,luminosity,Escritorio_A,1134.0
2025-09-16 12:30:00,LUM_ESC_05,luminosity,Escritorio_A,1129.0
2025-09-16 12:45:00,LUM_ESC_05,luminosity,Escritorio_A,1123.0
2025-09-16 13:00:00,LUM_ESC_05,luminosity,Escritorio_A,1139.0
2025-09-16 13:15:00,LUM_ESC_05,luminosity,Escritorio_A,1035.0
2025-09-16 13:30:00,LUM_ESC_05,luminosity,Escritorio_A,1127.0
2025-09-16 13:45:00,LUM_ESC_05,luminosity,Escritorio_A,1012.0
2025-09-16 14:00:00,LUM_ESC_05,luminosity,Escritorio_A,1059.0
2025-09-16 14:15:00,LUM_ESC_05,luminosity,Escritorio_A,975.0
2025-09-16 14:30:00,LUM_ESC_05,luminosity,Escritorio_A,981.0
2025-09-16 14:45:00,LUM_ESC_05,luminosity,Escritorio_A,997.0
2025-09-16 15:00:00,LUM_ESC_05,luminosity,Escritorio_A,811.0
2025-09-16 15:15:00,LUM_ESC_05,luminosity,Escritorio_A,853.0
2025-09-16 15:30:00,LUM_ESC_05,luminosity,Escritorio_A,821.0
2025-09-16 15:45:00,LUM_ESC_05,luminosity,Escritorio_A,757.0
2025-09-16 16:00:00,LUM_ESC_05,luminosity,Escritorio_A,783.0
2025-09-16 16:15:00,LUM_ESC_05,luminosity,Escritorio_A,580.0
2025-09-16 16:30:00,LUM_ESC_05,luminosity,Escritorio_A,680.0
2025-09-16 16:45:00,LUM_ESC_05,luminosity,Escritorio_A,528.0
2025-09-16 17:00:00,LUM_ESC_05,luminosity,Escritorio_A,490.0
2025-09-16 17:15:00,LUM_ESC_05,luminosity,Escritorio_A,461.0
2025-09-16 17:30:00,LUM_ESC_05,luminosity,Escritorio_A,523.0
2025-09-16 17:45:00,LUM_ESC_05,luminosity,Escritorio_A,413.0
2025-09-16 18:00:00,LUM_ESC_05,luminosity,Escritorio_A,0.0
2025-09-16 18:15:00,LUM_ESC_05,luminosity,Escritorio_A,3.0
2025-09-16 18:30:00,LUM_ESC_05,luminosity,Escritorio_A,7.0
2025-09-16 18:45:00,LUM_ESC_05,luminosity,Escritorio_A,6.0
2025-09-16 19:00:00,LUM_ESC_05,luminosity,Escritorio_A,0.0
2025-09-16 19:15:00,LUM_ESC_05,luminosity,Escritorio_A,2.0
2025-09-16 19:30:00,LUM_ESC_05,luminosity,Escritorio_A,1.0
2025-09-16 19:45:00,LUM_ESC_05,luminosity,Escritorio_A,0.0
2025-09-16 20:00:00,LUM_ESC_05,luminosity,Escritorio_A,1.0
2025-09-16 20:15:00,LUM_ESC_05,luminosity,Escritorio_A,0.0
2025-09-16 20:30:00,LUM_ESC_05,luminosity,Escritorio_A,0.0
2025-09-16 20:45:00,LUM_ESC_05,luminosity,Escritorio_A,0.0
2025-09-16 21:00:00,LUM_ESC_05,luminosity,Escritorio_A,1.0
2025-09-16 21:15:00,LUM_ESC_05,luminosity,Escritorio_A,9.0
2025-09-16 21:30:00,LUM_ESC_05,luminosity,Escritorio_A,0.0
2025-09-16 21:45:00,LUM_ESC_05,luminosity,Escritorio_A,0.0
2025-09-16 22:00:00,LUM_ESC_05,luminosity,Escritorio_A,0.0
2025-09-16 22:15:00,LUM_ESC_05,luminosity,Escritorio_A,0.0
2025-09-16 22:30:00,LUM_ESC_05,luminosity,Escritorio_A,0.0
2025-09-16 22:45:00,LUM_ESC_05,luminosity,Escritorio_A,0.0
2025-09-16 23:00:00,LUM_ESC_05,luminosity,Escritorio_A,0.0
2025-09-16 23:15:00,LUM_ESC_05,luminosity,Escritorio_A,0.0
2025-09-16 23:30:00,LUM_ESC_05,luminosity,Escritorio_A,7.0
2025-09-16 23:45:00,LUM_ESC_05,luminosity,Escritorio_A,0.0
2025-09-17 00:00:00,LUM_ESC_05,luminosity,Escritorio_A,0.0
2025-09-17 00:15:00,LUM_ESC_05,luminosity,Escritorio_A,2.0
2025-09-17 00:30:00,LUM_ESC_05,luminosity,Escritorio_A,3.0
2025-09-17 00:45:00,LUM_ESC_05,luminosity,Escritorio_A,5.0
2025-09-17 01:00:00,LUM_ESC_05,luminosity,Escritorio_A,0.0
2025-09-17 01:15:00,LUM_ESC_05,luminosity,Escritorio_A,0.0
2025-09-17 01:30:00,LUM_ESC_05,luminosity,Escritorio_A,0.0
2025-09-17 01:45:00,LUM_ESC_05,luminosity,Escritorio_A,3.0
2025-09-17 02:00:00,LUM_ESC_05,luminosity,Escritorio_A,3.0
2025-09-17 02:15:00,LUM_ESC_05,luminosity,Escritorio_A,3.0
2025-09-17 02:30:00,LUM_ESC_05,luminosity,Escritorio_A,3.0
2025-09-17 02:45:00,LUM_ESC_05,luminosity,Escritorio_A,5.0
2025-09-17 03:00:00,LUM_ESC_05,luminosity,Escritorio_A,0.0
2025-09-17 03:15:00,LUM_ESC_05,luminosity,Escritorio_A,1.0
2025-09-17 03:30:00,LUM_ESC_05,luminosity,Escritorio_A,0.0
2025-09-17 03:45:00,LUM_ESC_05,luminosity,Escritorio_A,2.0
2025-09-17 04:00:00,LUM_ESC_05,luminosity,Escritorio_A,0.0
2025-09-17 04:15:00,LUM_ESC_05,luminosity,Escritorio_A,0.0
2025-09-17 04:30:00,LUM_ESC_05,luminosity,Escritorio_A,2.0
2025-09-17 04:45:00,LUM_ESC_05,luminosity,Escritorio_A,0.0
2025-09-17 05:00:00,LUM_ESC_05,luminosity,Escritorio_A,1.0
2025-09-17 05:15:00,LUM_ESC_05,luminosity,Escritorio_A,0.0
2025-09-17 05:30:00,LUM_ESC_05,luminosity,Escritorio_A,0.0
2025-09-17 05:45:00,LUM_ESC_05,luminosity,Escritorio_A,4.0
2025-09-17 06:00:00,LUM_ESC_05,luminosity,Escritorio_A,369.0
2025-09-17 06:15:00,LUM_ESC_05,luminosity,Escritorio_A,360.0
2025-09-17 06:30:00,LUM_ESC_05,luminosity,Escritorio_A,461.0
2025-09-17 06:45:00,LUM_ESC_05,luminosity,Escritorio_A,580.0
2025-09-17 07:00:00,LUM_ESC_05,luminosity,Escritorio_A,507.0
2025-09-17 07:15:00,LUM_ESC_05,luminosity,Escritorio_A,579.0
2025-09-17 07:30:00,LUM_ESC_05,luminosity,Escritorio_A,571.0
2025-09-17 07:45:00,LUM_ESC_05,luminosity,Escritorio_A,711.0
2025-09-17 08:00:00,LUM_ESC_05,luminosity,Escritorio_A,770.0
2025-09-17 08:15:00,LUM_ESC_05,luminosity,Escritorio_A,772.0
2025-09-17 08:30:00,LUM_ESC_05,luminosity,Escritorio_A,847.0
2025-09-17 08:45:00,LUM_ESC_05,luminosity,Escritorio_A,810.0
2025-09-17 09:00:00,LUM_ESC_05,luminosity,Escritorio_A,838.0
2025-09-17 09:15:00,LUM_ESC_05,luminosity,Escritorio_A,842.0
2025-09-17 09:30:00,LUM_ESC_05,luminosity,Escritorio_A,880.0
2025-09-17 09:45:00,LUM_ESC_05,luminosity,Escritorio_A,969.0
2025-09-17 10:00:00,LUM_ESC_05,luminosity,Escritorio_A,1073.0
2025-09-17 10:15:00,LUM_ESC_05,luminosity,Escritorio_A,1016.0
2025-09-17 10:30:00,LUM_ESC_05,luminosity,Escritorio_A,1119.0
2025-09-17 10:45:00,LUM_ESC_05,luminosity,Escritorio_A,1052.0
2025-09-17 11:00:00,LUM_ESC_05,luminosity,Escritorio_A,1153.0
2025-09-17 11:15:00,LUM_ESC_05,luminosity,Escritorio_A,1035.0
2025-09-17 11:30:00,LUM_ESC_05,luminosity,Escritorio_A,1197.0
2025-09-17 11:45:00,LUM_ESC_05,luminosity,Escritorio_A,1095.0
2025-09-17 12:00:00,LUM_ESC_05,luminosity,Escritorio_A,1203.0
2025-09-17 12:15:00,LUM_ESC_05,luminosity,Escritorio_A,1191.0
2025-09-17 12:30:00,LUM_ESC_05,luminosity,Escritorio_A,1053.0
2025-09-17 12:45:00,LUM_ESC_05,luminosity,Escritorio_A,1156.0
2025-09-17 13:00:00,LUM_ESC_05,luminosity,Escritorio_A,1041.0
2025-09-17 13:15:00,LUM_ESC_05,luminosity,Escritorio_A,1013.0
2025-09-17 13:30:00,LUM_ESC_05,luminosity,Escritorio_A,1094.0
2025-09-17 13:45:00,LUM_ESC_05,luminosity,Escritorio_A,1036.0
2025-09-17 14:00:00,LUM_ESC_05,luminosity,Escritorio_A,972.0
2025-09-17 14:15:00,LUM_ESC_05,luminosity,Escritorio_A,1057.0
2025-09-17 14:30:00,LUM_ESC_05,luminosity,Escritorio_A,918.0
2025-09-17 14:45:00,LUM_ESC_05,luminosity,Escritorio_A,972.0
2025-09-17 15:00:00,LUM_ESC_05,luminosity,Escritorio_A,878.0
2025-09-17 15:15:00,LUM_ESC_05,luminosity,Escritorio_A,880.0
2025-09-17 15:30:00,LUM_ESC_05,luminosity,Escritorio_A,793.0
2025-09-17 15:45:00,LUM_ESC_05,luminosity,Escritorio_A,707.0
2025-09-17 16:00:00,LUM_ESC_05,luminosity,Escritorio_A,710.0
2025-09-17 16:15:00,LUM_ESC_05,luminosity,Escritorio_A,615.0
2025-09-17 16:30:00,LUM_ESC_05,luminosity,Escritorio_A,686.0
2025-09-17 16:45:00,LUM_ESC_05,luminosity,Escritorio_A,591.0
2025-09-17 17:00:00,LUM_ESC_05,luminosity,Escritorio_A,478.0
2025-09-17 17:15:00,LUM_ESC_05,luminosity,Escritorio_A,469.0
2025-09-17 17:30:00,LUM_ESC_05,luminosity,Escritorio_A,441.0
2025-09-17 17:45:00,LUM_ESC_05,luminosity,Escritorio_A,432.0
2025-09-17 18:00:00,LUM_ESC_05,luminosity,Escritorio_A,0.0
2025-09-17 18:15:00,LUM_ESC_05,luminosity,Escritorio_A,0.0
2025-09-17 18:30:00,LUM_ESC_05,luminosity,Escritorio_A,0.0
2025-09-17 18:45:00,LUM_ESC_05,luminosity,Escritorio_A,0.0
2025-09-17 19:00:00,LUM_ESC_05,luminosity,Escritorio_A,0.0
2025-09-17 19:15:00,LUM_ESC_05,luminosity,Escritorio_A,12.0
2025-09-17 19:30:00,LUM_ESC_05,luminosity,Escritorio_A,0.0
2025-09-17 19:45:00,LUM_ESC_05,luminosity,Escritorio_A,0.0
2025-09-17 20:00:00,LUM_ESC_05,luminosity,Escritorio_A,1.0
2025-09-17 20:15:00,LUM_ESC_05,luminosity,Escritorio_A,4.0
2025-09-17 20:30:00,LUM_ESC_05,luminosity,Escritorio_A,0.0
2025-09-17 20:45:00,LUM_ESC_05,luminosity,Escritorio_A,0.0
2025-09-17 21:00:00,LUM_ESC_05,luminosity,Escritorio_A,0.0
2025-09-17 21:15:00,LUM_ESC_05,luminosity,Escritorio_A,0.0
2025-09-17 21:30:00,LUM_ESC_05,luminosity,Escritorio_A,0.0
2025-09-17 21:45:00,LUM_ESC_05,luminosity,Escritorio_A,0.0
2025-09-17 22:00:00,LUM_ESC_05,luminosity,Escritorio_A,0.0
2025-09-17 22:15:00,LUM_ESC_05,luminosity,Escritorio_A,1.0
2025-09-17 22:30:00,LUM_ESC_05,luminosity,Escritorio_A,3.0
2025-09-17 22:45:00,LUM_ESC_05,luminosity,Escritorio_A,0.0
2025-09-17 23:00:00,LUM_ESC_05,luminosity,Escritorio_A,0.0
2025-09-17 23:15:00,LUM_ESC_05,luminosity,Escritorio_A,0.0
2025-09-17 23:30:00,LUM_ESC_05,luminosity,Escritorio_A,2.0
2025-09-17 23:45:00,LUM_ESC_05,luminosity,Escritorio_A,0.0
2025-09-18 00:00:00,LUM_ESC_05,luminosity,Escritorio_A,0.0
2025-09-18 00:15:00,LUM_ESC_05,luminosity,Escritorio_A,0.0
2025-09-18 00:30:00,LUM_ESC_05,luminosity,Escritorio_A,0.0
2025-09-18 00:45:00,LUM_ESC_05,luminosity,Escritorio_A,0.0
2025-09-18 01:00:00,LUM_ESC_05,luminosity,Escritorio_A,4.0
2025-09-18 01:15:00,LUM_ESC_05,luminosity,Escritorio_A,0.0
2025-09-18 01:30:00,LUM_ESC_05,luminosity,Escritorio_A,13.0
2025-09-18 01:45:00,LUM_ESC_05,luminosity,Escritorio_A,0.0
2025-09-18 02:00:00,LUM_ESC_05,luminosity,Escritorio_A,0.0
2025-09-18 02:15:00,LUM_ESC_05,luminosity,Escritorio_A,10.0
2025-09-18 02:30:00,LUM_ESC_05,luminosity,Escritorio_A,0.0
2025-09-18 02:45:00,LUM_ESC_05,luminosity,Escritorio_A,0.0
2025-09-18 03:00:00,LUM_ESC_05,luminosity,Escritorio_A,0.0
2025-09-18 03:15:00,LUM_ESC_05,luminosity,Escritorio_A,5.0
2025-09-18 03:30:00,LUM_ESC_05,luminosity,Escritorio_A,4.0
2025-09-18 03:45:00,LUM_ESC_05,luminosity,Escritorio_A,6.0
2025-09-18 04:00:00,LUM_ESC_05,luminosity,Escritorio_A,0.0
2025-09-18 04:15:00,LUM_ESC_05,luminosity,Escritorio_A,0.0
2025-09-18 04:30:00,LUM_ESC_05,luminosity,Escritorio_A,9.0
2025-09-18 04:45:00,LUM_ESC_05,luminosity,Escritorio_A,4.0
2025-09-18 05:00:00,LUM_ESC_05,luminosity,Escritorio_A,0.0
2025-09-18 05:15:00,LUM_ESC_05,luminosity,Escritorio_A,2.0
2025-09-18 05:30:00,LUM_ESC_05,luminosity,Escritorio_A,0.0
2025-09-18 05:45:00,LUM_ESC_05,luminosity,Escritorio_A,0.0
2025-09-18 06:00:00,LUM_ESC_05,luminosity,Escritorio_A,256.0
2025-09-18 06:15:00,LUM_ESC_05,luminosity,Escritorio_A,414.0
2025-09-18 06:30:00,LUM_ESC_05,luminosity,Escritorio_A,344.0
2025-09-18 06:45:00,LUM_ESC_05,luminosity,Escritorio_A,501.0
2025-09-18 07:00:00,LUM_ESC_05,luminosity,Escritorio_A,473.0
2025-09-18 07:15:00,LUM_ESC_05,luminosity,Escritorio_A,636.0
2025-09-18 07:30:00,LUM_ESC_05,luminosity,Escritorio_A,649.0
2025-09-18 07:45:00,LUM_ESC_05,luminosity,Escritorio_A,681.0
2025-09-18 08:00:00,LUM_ESC_05,luminosity,Escritorio_A,666.0
2025-09-18 08:15:00,LUM_ESC_05,luminosity,Escritorio_A,780.0
2025-09-18 08:30:00,LUM_ESC_05,luminosity,Escritorio_A,922.0
2025-09-18 08:45:00,LUM_ESC_05,luminosity,Escritorio_A,777.0
2025-09-18 09:00:00,LUM_ESC_05,luminosity,Escritorio_A,869.0
2025-09-18 09:15:00,LUM_ESC_05,luminosity,Escritorio_A,973.0
2025-09-18 09:30:00,LUM_ESC_05,luminosity,Escritorio_A,976.0
2025-09-18 09:45:00,LUM_ESC_05,luminosity,Escritorio_A,909.0
2025-09-18 10:00:00,LUM_ESC_05,luminosity,Escritorio_A,977.0
2025-09-18 10:15:00,LUM_ESC_05,luminosity,Escritorio_A,1092.0
2025-09-18 10:30:00,LUM_ESC_05,luminosity,Escritorio_A,1107.0
2025-09-18 10:45:00,LUM_ESC_05,luminosity,Escritorio_A,1054.0
2025-09-18 11:00:00,LUM_ESC_05,luminosity,Escritorio_A,1136.0
2025-09-18 11:15:00,LUM_ESC_05,luminosity,Escritorio_A,1113.0
2025-09-18 11:30:00,LUM_ESC_05,luminosity,Escritorio_A,1088.0
2025-09-18 11:45:00,LUM_ESC_05,luminosity,Escritorio_A,1149.0
2025-09-18 12:00:00,LUM_ESC_05,luminosity,Escritorio_A,1111.0
2025-09-18 12:15:00,LUM_ESC_05,luminosity,Escritorio_A,1171.0
2025-09-18 12:30:00,LUM_ESC_05,luminosity,Escritorio_A,1095.0
2025-09-18 12:45:00,LUM_ESC_05,luminosity,Escritorio_A,1100.0
2025-09-18 13:00:00,LUM_ESC_05,luminosity,Escritorio_A,1029.0
2025-09-18 13:15:00,LUM_ESC_05,luminosity,Escritorio_A,1108.0
2025-09-18 13:30:00,LUM_ESC_05,luminosity,Escritorio_A,1098.0
2025-09-18 13:45:00,LUM_ESC_05,luminosity,Escritorio_A,1002.0
2025-09-18 14:00:00,LUM_ESC_05,luminosity,Escritorio_A,1050.0
2025-09-18 14:15:00,LUM_ESC_05,luminosity,Escritorio_A,1051.0
2025-09-18 14:30:00,LUM_ESC_05,luminosity,Escritorio_A,908.0
2025-09-18 14:45:00,LUM_ESC_05,luminosity,Escritorio_A,867.0
2025-09-18 15:00:00,LUM_ESC_05,luminosity,Escritorio_A,949.0
2025-09-18 15:15:00,LUM_ESC_05,luminosity,Escritorio_A,823.0
2025-09-18 15:30:00,LUM_ESC_05,luminosity,Escritorio_A,870.0
2025-09-18 15:45:00,LUM_ESC_05,luminosity,Escritorio_A,714.0
2025-09-18 16:00:00,LUM_ESC_05,luminosity,Escritorio_A,733.0
2025-09-18 16:15:00,LUM_ESC_05,luminosity,Escritorio_A,614.0
2025-09-18 16:30:00,LUM_ESC_05,luminosity,Escritorio_A,671.0
2025-09-18 16:45:00,LUM_ESC_05,luminosity,Escritorio_A,552.0
2025-09-18 17:00:00,LUM_ESC_05,luminosity,Escritorio_A,472.0
2025-09-18 17:15:00,LUM_ESC_05,luminosity,Escritorio_A,493.0
2025-09-18 17:30:00,LUM_ESC_05,luminosity,Escritorio_A,477.0
2025-09-18 17:45:00,LUM_ESC_05,luminosity,Escritorio_A,370.0
2025-09-18 18:00:00,LUM_ESC_05,luminosity,Escritorio_A,0.0
2025-09-18 18:15:00,LUM_ESC_05,luminosity,Escritorio_A,7.0
2025-09-18 18:30:00,LUM_ESC_05,luminosity,Escritorio_A,0.0
2025-09-18 18:45:00,LUM_ESC_05,luminosity,Escritorio_A,4.0
2025-09-18 19:00:00,LUM_ESC_05,luminosity,Escritorio_A,5.0
2025-09-18 19:15:00,LUM_ESC_05,luminosity,Escritorio_A,0.0
2025-09-18 19:30:00,LUM_ESC_05,luminosity,Escritorio_A,0.0
2025-09-18 19:45:00,LUM_ESC_05,luminosity,Escritorio_A,0.0
2025-09-18 20:00:00,LUM_ESC_05,luminosity,Escritorio_A,6.0
2025-09-18 20:15:00,LUM_ESC_05,luminosity,Escritorio_A,2.0
2025-09-18 20:30:00,LUM_ESC_05,luminosity,Escritorio_A,12.0
2025-09-18 20:45:00,LUM_ESC_05,luminosity,Escritorio_A,2.0
2025-09-18 21:00:00,LUM_ESC_05,luminosity,Escritorio_A,0.0
2025-09-18 21:15:00,LUM_ESC_05,luminosity,Escritorio_A,0.0
2025-09-18 21:30:00,LUM_ESC_05,luminosity,Escritorio_A,11.0
2025-09-18 21:45:00,LUM_ESC_05,luminosity,Escritorio_A,1.0
2025-09-18 22:00:00,LUM_ESC_05,luminosity,Escritorio_A,2.0
2025-09-18 22:15:00,LUM_ESC_05,luminosity,Escritorio_A,0.0
2025-09-18 22:30:00,LUM_ESC_05,luminosity,Escritorio_A,2.0
2025-09-18 22:45:00,LUM_ESC_05,luminosity,Escritorio_A,0.0
2025-09-18 23:00:00,LUM_ESC_05,luminosity,Escritorio_A,0.0
2025-09-18 23:15:00,LUM_ESC_05,luminosity,Escritorio_A,5.0
2025-09-18 23:30:00,LUM_ESC_05,luminosity,Escritorio_A,0.0
2025-09-18 23:45:00,LUM_ESC_05,luminosity,Escritorio_A,5.0
2025-09-19 00:00:00,LUM_ESC_05,luminosity,Escritorio_A,1.0
2025-09-19 00:15:00,LUM_ESC_05,luminosity,Escritorio_A,3.0
2025-09-19 00:30:00,LUM_ESC_05,luminosity,Escritorio_A,0.0
2025-09-19 00:45:00,LUM_ESC_05,luminosity,Escritorio_A,2.0
2025-09-19 01:00:00,LUM_ESC_05,luminosity,Escritorio_A,0.0
2025-09-19 01:15:00,LUM_ESC_05,luminosity,Escritorio_A,0.0
2025-09-19 01:30:00,LUM_ESC_05,luminosity,Escritorio_A,3.0
2025-09-19 01:45:00,LUM_ESC_05,luminosity,Escritorio_A,9.0
2025-09-19 02:00:00,LUM_ESC_05,luminosity,Escritorio_A,0.0
2025-09-19 02:15:00,LUM_ESC_05,luminosity,Escritorio_A,0.0
2025-09-19 02:30:00,LUM_ESC_05,luminosity,Escritorio_A,3.0
2025-09-19 02:45:00,LUM_ESC_05,luminosity,Escritorio_A,0.0
2025-09-19 03:00:00,LUM_ESC_05,luminosity,Escritorio_A,0.0
2025-09-19 03:15:00,LUM_ESC_05,luminosity,Escritorio_A,7.0
2025-09-19 03:30:00,LUM_ESC_05,luminosity,Escritorio_A,3.0
2025-09-19 03:45:00,LUM_ESC_05,luminosity,Escritorio_A,0.0
2025-09-19 04:00:00,LUM_ESC_05,luminosity,Escritorio_A,7.0
2025-09-19 04:15:00,LUM_ESC_05,luminosity,Escritorio_A,5.0
2025-09-19 04:30:00,LUM_ESC_05,luminosity,Escritorio_A,0.0
2025-09-19 04:45:00,LUM_ESC_05,luminosity,Escritorio_A,0.0
2025-09-19 05:00:00,LUM_ESC_05,luminosity,Escritorio_A,9.0
2025-09-19 05:15:00,LUM_ESC_05,luminosity,Escritorio_A,0.0
2025-09-19 05:30:00,LUM_ESC_05,luminosity,Escritorio_A,6.0
2025-09-19 05:45:00,LUM_ESC_05,luminosity,Escritorio_A,4.0
2025-09-19 06:00:00,LUM_ESC_05,luminosity,Escritorio_A,288.0
2025-09-19 06:15:00,LUM_ESC_05,luminosity,Escritorio_A,371.0
2025-09-19 06:30:00,LUM_ESC_05,luminosity,Escritorio_A,536.0
2025-09-19 06:45:00,LUM_ESC_05,luminosity,Escritorio_A,548.0
2025-09-19 07:00:00,LUM_ESC_05,luminosity,Escritorio_A,587.0
2025-09-19 07:15:00,LUM_ESC_05,luminosity,Escritorio_A,604.0
2025-09-19 07:30:00,LUM_ESC_05,luminosity,Escritorio_A,654.0
2025-09-19 07:45:00,LUM_ESC_05,luminosity,Escritorio_A,695.0
2025-09-19 08:00:00,LUM_ESC_05,luminosity,Escritorio_A,798.0
2025-09-19 08:15:00,LUM_ESC_05,luminosity,Escritorio_A,712.0
2025-09-19 08:30:00,LUM_ESC_05,luminosity,Escritorio_A,880.0
2025-09-19 08:45:00,LUM_ESC_05,luminosity,Escritorio_A,856.0
2025-09-19 09:00:00,LUM_ESC_05,luminosity,Escritorio_A,898.0
2025-09-19 09:15:00,LUM_ESC_05,luminosity,Escritorio_A,943.0
2025-09-19 09:30:00,LUM_ESC_05,luminosity,Escritorio_A,924.0
2025-09-19 09:45:00,LUM_ESC_05,luminosity,Escritorio_A,1014.0
2025-09-19 10:00:00,LUM_ESC_05,luminosity,Escritorio_A,1051.0
2025-09-19 10:15:00,LUM_ESC_05,luminosity,Escritorio_A,1104.0
2025-09-19 10:30:00,LUM_ESC_05,luminosity,Escritorio_A,1135.0
2025-09-19 10:45:00,LUM_ESC_05,luminosity,Escritorio_A,1126.0
2025-09-19 11:00:00,LUM_ESC_05,luminosity,Escritorio_A,1164.0
2025-09-19 11:15:00,LUM_ESC_05,luminosity,Escritorio_A,1064.0
2025-09-19 11:30:00,LUM_ESC_05,luminosity,Escritorio_A,1101.0
2025-09-19 11:45:00,LUM_ESC_05,luminosity,Escritorio_A,1096.0
2025-09-19 12:00:00,LUM_ESC_05,luminosity,Escritorio_A,1181.0
2025-09-19 12:15:00,LUM_ESC_05,luminosity,Escritorio_A,1141.0
2025-09-19 12:30:00,LUM_ESC_05,luminosity,Escritorio_A,1058.0
2025-09-19 12:45:00,LUM_ESC_05,luminosity,Escritorio_A,1073.0
2025-09-19 13:00:00,LUM_ESC_05,luminosity,Escritorio_A,1108.0
2025-09-19 13:15:00,LUM_ESC_05,luminosity,Escritorio_A,1075.0
2025-09-19 13:30:00,LUM_ESC_05,luminosity,Escritorio_A,1010.0
2025-09-19 13:45:00,LUM_ESC_05,luminosity,Escritorio_A,1058.0
2025-09-19 14:00:00,LUM_ESC_05,luminosity,Escritorio_A,930.0
2025-09-19 14:15:00,LUM_ESC_05,luminosity,Escritorio_A,896.0
2025-09-19 14:30:00,LUM_ESC_05,luminosity,Escritorio_A,1028.0
2025-09-19 14:45:00,LUM_ESC_05,luminosity,Escritorio_A,912.0
2025-09-19 15:00:00,LUM_ESC_05,luminosity,Escritorio_A,788.0
2025-09-19 15:15:00,LUM_ESC_05,luminosity,Escritorio_A,846.0
2025-09-19 15:30:00,LUM_ESC_05,luminosity,Escritorio_A,814.0
2025-09-19 15:45:00,LUM_ESC_05,luminosity,Escritorio_A,774.0
2025-09-19 16:00:00,LUM_ESC_05,luminosity,Escritorio_A,730.0
2025-09-19 16:15:00,LUM_ESC_05,luminosity,Escritorio_A,646.0
2025-09-19 16:30:00,LUM_ESC_05,luminosity,Escritorio_A,699.0
2025-09-19 16:45:00,LUM_ESC_05,luminosity,Escritorio_A,505.0
2025-09-19 17:00:00,LUM_ESC_05,luminosity,Escritorio_A,497.0
2025-09-19 17:15:00,LUM_ESC_05,luminosity,Escritorio_A,418.0
2025-09-19 17:30:00,LUM_ESC_05,luminosity,Escritorio_A,372.0
2025-09-19 17:45:00,LUM_ESC_05,luminosity,Escritorio_A,416.0
2025-09-19 18:00:00,LUM_ESC_05,luminosity,Escritorio_A,0.0
2025-09-19 18:15:00,LUM_ESC_05,luminosity,Escritorio_A,6.0
2025-09-19 18:30:00,LUM_ESC_05,luminosity,Escritorio_A,0.0
2025-09-19 18:45:00,LUM_ESC_05,luminosity,Escritorio_A,3.0
2025-09-19 19:00:00,LUM_ESC_05,luminosity,Escritorio_A,0.0
2025-09-19 19:15:00,LUM_ESC_05,luminosity,Escritorio_A,0.0
2025-09-19 19:30:00,LUM_ESC_05,luminosity,Escritorio_A,0.0
2025-09-19 19:45:00,LUM_ESC_05,luminosity,Escritorio_A,4.0
2025-09-19 20:00:00,LUM_ESC_05,luminosity,Escritorio_A,0.0
2025-09-19 20:15:00,LUM_ESC_05,luminosity,Escritorio_A,0.0
2025-09-19 20:30:00,LUM_ESC_05,luminosity,Escritorio_A,0.0
2025-09-19 20:45:00,LUM_ESC_05,luminosity,Escritorio_A,6.0
2025-09-19 21:00:00,LUM_ESC_05,luminosity,Escritorio_A,0.0
2025-09-19 21:15:00,LUM_ESC_05,luminosity,Escritorio_A,0.0
2025-09-19 21:30:00,LUM_ESC_05,luminosity,Escritorio_A,2.0
2025-09-19 21:45:00,LUM_ESC_05,luminosity,Escritorio_A,3.0
2025-09-19 22:00:00,LUM_ESC_05,luminosity,Escritorio_A,0.0
2025-09-19 22:15:00,LUM_ESC_05,luminosity,Escritorio_A,0.0
2025-09-19 22:30:00,LUM_ESC_05,luminosity,Escritorio_A,0.0
2025-09-19 22:45:00,LUM_ESC_05,luminosity,Escritorio_A,2.0
2025-09-19 23:00:00,LUM_ESC_05,luminosity,Escritorio_A,0.0
2025-09-19 23:15:00,LUM_ESC_05,luminosity,Escritorio_A,0.0
2025-09-19 23:30:00,LUM_ESC_05,luminosity,Escritorio_A,7.0
2025-09-19 23:45:00,LUM_ESC_05,luminosity,Escritorio_A,2.0
2025-09-20 00:00:00,LUM_ESC_05,luminosity,Escritorio_A,0.0
2025-09-20 00:15:00,LUM_ESC_05,luminosity,Escritorio_A,3.0
2025-09-20 00:30:00,LUM_ESC_05,luminosity,Escritorio_A,0.0
2025-09-20 00:45:00,LUM_ESC_05,luminosity,Escritorio_A,0.0
2025-09-20 01:00:00,LUM_ESC_05,luminosity,Escritorio_A,1.0
2025-09-20 01:15:00,LUM_ESC_05,luminosity,Escritorio_A,3.0
2025-09-20 01:30:00,LUM_ESC_05,luminosity,Escritorio_A,0.0
2025-09-20 01:45:00,LUM_ESC_05,luminosity,Escritorio_A,7.0
2025-09-20 02:00:00,LUM_ESC_05,luminosity,Escritorio_A,7.0
2025-09-20 02:15:00,LUM_ESC_05,luminosity,Escritorio_A,0.0
2025-09-20 02:30:00,LUM_ESC_05,luminosity,Escritorio_A,0.0
2025-09-20 02:45:00,LUM_ESC_05,luminosity,Escritorio_A,3.0
2025-09-20 03:00:00,LUM_ESC_05,luminosity,Escritorio_A,0.0
2025-09-20 03:15:00,LUM_ESC_05,luminosity,Escritorio_A,0.0
2025-09-20 03:30:00,LUM_ESC_05,luminosity,Escritorio_A,0.0
2025-09-20 03:45:00,LUM_ESC_05,luminosity,Escritorio_A,9.0
2025-09-20 04:00:00,LUM_ESC_05,luminosity,Escritorio_A,0.0
2025-09-20 04:15:00,LUM_ESC_05,luminosity,Escritorio_A,3.0
2025-09-20 04:30:00,LUM_ESC_05,luminosity,Escritorio_A,0.0
2025-09-20 04:45:00,LUM_ESC_05,luminosity,Escritorio_A,0.0
2025-09-20 05:00:00,LUM_ESC_05,luminosity,Escritorio_A,0.0
2025-09-20 05:15:00,LUM_ESC_05,luminosity,Escritorio_A,9.0
2025-09-20 05:30:00,LUM_ESC_05,luminosity,Escritorio_A,1.0
2025-09-20 05:45:00,LUM_ESC_05,luminosity,Escritorio_A,0.0
2025-09-20 06:00:00,LUM_ESC_05,luminosity,Escritorio_A,350.0
2025-09-20 06:15:00,LUM_ESC_05,luminosity,Escritorio_A,285.0
2025-09-20 06:30:00,LUM_ESC_05,luminosity,Escritorio_A,483.0
2025-09-20 06:45:00,LUM_ESC_05,luminosity,Escritorio_A,410.0
2025-09-20 07:00:00,LUM_ESC_05,luminosity,Escritorio_A,621.0
2025-09-20 07:15:00,LUM_ESC_05,luminosity,Escritorio_A,578.0
2025-09-20 07:30:00,LUM_ESC_05,luminosity,Escritorio_A,604.0
2025-09-20 07:45:00,LUM_ESC_05,luminosity,Escritorio_A,720.0
2025-09-20 08:00:00,LUM_ESC_05,luminosity,Escritorio_A,688.0
2025-09-20 08:15:00,LUM_ESC_05,luminosity,Escritorio_A,802.0
2025-09-20 08:30:00,LUM_ESC_05,luminosity,Escritorio_A,855.0
2025-09-20 08:45:00,LUM_ESC_05,luminosity,Escritorio_A,838.0
2025-09-20 09:00:00,LUM_ESC_05,luminosity,Escritorio_A,869.0
2025-09-20 09:15:00,LUM_ESC_05,luminosity,Escritorio_A,880.0
2025-09-20 09:30:00,LUM_ESC_05,luminosity,Escritorio_A,925.0
2025-09-20 09:45:00,LUM_ESC_05,luminosity,Escritorio_A,996.0
2025-09-20 10:00:00,LUM_ESC_05,luminosity,Escritorio_A,1077.0
2025-09-20 10:15:00,LUM_ESC_05,luminosity,Escritorio_A,1009.0
2025-09-20 10:30:00,LUM_ESC_05,luminosity,Escritorio_A,982.0
2025-09-20 10:45:00,LUM_ESC_05,luminosity,Escritorio_A,1094.0
2025-09-20 11:00:00,LUM_ESC_05,luminosity,Escritorio_A,1099.0
2025-09-20 11:15:00,LUM_ESC_05,luminosity,Escritorio_A,1116.0
2025-09-20 11:30:00,LUM_ESC_05,luminosity,Escritorio_A,1186.0
2025-09-20 11:45:00,LUM_ESC_05,luminosity,Escritorio_A,1119.0
2025-09-20 12:00:00,LUM_ESC_05,luminosity,Escritorio_A,1082.0
2025-09-20 12:15:00,LUM_ESC_05,luminosity,Escritorio_A,1094.0
2025-09-20 12:30:00,LUM_ESC_05,luminosity,Escritorio_A,1187.0
2025-09-20 12:45:00,LUM_ESC_05,luminosity,Escritorio_A,1052.0
2025-09-20 13:00:00,LUM_ESC_05,luminosity,Escritorio_A,1159.0
2025-09-20 13:15:00,LUM_ESC_05,luminosity,Escritorio_A,1048.0
2025-09-20 13:30:00,LUM_ESC_05,luminosity,Escritorio_A,1044.0
2025-09-20 13:45:00,LUM_ESC_05,luminosity,Escritorio_A,1030.0
2025-09-20 14:00:00,LUM_ESC_05,luminosity,Escritorio_A,1061.0
2025-09-20 14:15:00,LUM_ESC_05,luminosity,Escritorio_A,988.0
2025-09-20 14:30:00,LUM_ESC_05,luminosity,Escritorio_A,919.0
2025-09-20 14:45:00,LUM_ESC_05,luminosity,Escritorio_A,965.0
2025-09-20 15:00:00,LUM_ESC_05,luminosity,Escritorio_A,853.0
2025-09-20 15:15:00,LUM_ESC_05,luminosity,Escritorio_A,851.0
2025-09-20 15:30:00,LUM_ESC_05,luminosity,Escritorio_A,860.0
2025-09-20 15:45:00,LUM_ESC_05,luminosity,Escritorio_A,770.0
2025-09-20 16:00:00,LUM_ESC_05,luminosity,Escritorio_A,670.0
2025-09-20 16:15:00,LUM_ESC_05,luminosity,Escritorio_A,688.0
2025-09-20 16:30:00,LUM_ESC_05,luminosity,Escritorio_A,566.0
2025-09-20 16:45:00,LUM_ESC_05,luminosity,Escritorio_A,568.0
2025-09-20 17:00:00,LUM_ESC_05,luminosity,Escritorio_A,560.0
2025-09-20 17:15:00,LUM_ESC_05,luminosity,Escritorio_A,582.0
2025-09-20 17:30:00,LUM_ESC_05,luminosity,Escritorio_A,374.0
2025-09-20 17:45:00,LUM_ESC_05,luminosity,Escritorio_A,391.0
2025-09-20 18:00:00,LUM_ESC_05,luminosity,Escritorio_A,0.0
2025-09-20 18:15:00,LUM_ESC_05,luminosity,Escritorio_A,9.0
2025-09-20 18:30:00,LUM_ESC_05,luminosity,Escritorio_A,0.0
2025-09-20 18:45:00,LUM_ESC_05,luminosity,Escritorio_A,0.0
2025-09-20 19:00:00,LUM_ESC_05,luminosity,Escritorio_A,0.0
2025-09-20 19:15:00,LUM_ESC_05,luminosity,Escritorio_A,2.0
2025-09-20 19:30:00,LUM_ESC_05,luminosity,Escritorio_A,0.0
2025-09-20 19:45:00,LUM_ESC_05,luminosity,Escritorio_A,2.0
2025-09-20 20:00:00,LUM_ESC_05,luminosity,Escritorio_A,0.0
2025-09-20 20:15:00,LUM_ESC_05,luminosity,Escritorio_A,4.0
2025-09-20 20:30:00,LUM_ESC_05,luminosity,Escritorio_A,0.0
2025-09-20 20:45:00,LUM_ESC_05,luminosity,Escritorio_A,6.0
2025-09-20 21:00:00,LUM_ESC_05,luminosity,Escritorio_A,0.0
2025-09-20 21:15:00,LUM_ESC_05,luminosity,Escritorio_A,8.0
2025-09-20 21:30:00,LUM_ESC_05,luminosity,Escritorio_A,0.0
2025-09-20 21:45:00,LUM_ESC_05,luminosity,Escritorio_A,5.0
2025-09-20 22:00:00,LUM_ESC_05,luminosity,Escritorio_A,0.0
2025-09-20 22:15:00,LUM_ESC_05,luminosity,Escritorio_A,0.0
2025-09-20 22:30:00,LUM_ESC_05,luminosity,Escritorio_A,0.0
2025-09-20 22:45:00,LUM_ESC_05,luminosity,Escritorio_A,0.0
2025-09-20 23:00:00,LUM_ESC_05,luminosity,Escritorio_A,0.0
2025-09-20 23:15:00,LUM_ESC_05,luminosity,Escritorio_A,7.0
2025-09-20 23:30:00,LUM_ESC_05,luminosity,Escritorio_A,0.0
2025-09-20 23:45:00,LUM_ESC_05,luminosity,Escritorio_A,1.0
2025-09-21 00:00:00,LUM_ESC_05,luminosity,Escritorio_A,0.0
2025-09-21 00:15:00,LUM_ESC_05,luminosity,Escritorio_A,1.0
2025-09-21 00:30:00,LUM_ESC_05,luminosity,Escritorio_A,0.0
2025-09-21 00:45:00,LUM_ESC_05,luminosity,Escritorio_A,4.0
2025-09-21 01:00:00,LUM_ESC_05,luminosity,Escritorio_A,8.0
2025-09-21 01:15:00,LUM_ESC_05,luminosity,Escritorio_A,0.0
2025-09-21 01:30:00,LUM_ESC_05,luminosity,Escritorio_A,0.0
2025-09-21 01:45:00,LUM_ESC_05,luminosity,Escritorio_A,0.0
2025-09-21 02:00:00,LUM_ESC_05,luminosity,Escritorio_A,2.0
2025-09-21 02:15:00,LUM_ESC_05,luminosity,Escritorio_A,3.0
2025-09-21 02:30:00,LUM_ESC_05,luminosity,Escritorio_A,3.0
2025-09-21 02:45:00,LUM_ESC_05,luminosity,Escritorio_A,0.0
2025-09-21 03:00:00,LUM_ESC_05,luminosity,Escritorio_A,4.0
2025-09-21 03:15:00,LUM_ESC_05,luminosity,Escritorio_A,1.0
2025-09-21 03:30:00,LUM_ESC_05,luminosity,Escritorio_A,5.0
2025-09-21 03:45:00,LUM_ESC_05,luminosity,Escritorio_A,4.0
2025-09-21 04:00:00,LUM_ESC_05,luminosity,Escritorio_A,12.0
2025-09-21 04:15:00,LUM_ESC_05,luminosity,Escritorio_A,4.0
2025-09-21 04:30:00,LUM_ESC_05,luminosity,Escritorio_A,0.0
2025-09-21 04:45:00,LUM_ESC_05,luminosity,Escritorio_A,0.0
2025-09-21 05:00:00,LUM_ESC_05,luminosity,Escritorio_A,0.0
2025-09-21 05:15:00,LUM_ESC_05,luminosity,Escritorio_A,6.0
2025-09-21 05:30:00,LUM_ESC_05,luminosity,Escritorio_A,0.0
2025-09-21 05:45:00,LUM_ESC_05,luminosity,Escritorio_A,8.0
2025-09-21 06:00:00,LUM_ESC_05,luminosity,Escritorio_A,342.0
2025-09-21 06:15:00,LUM_ESC_05,luminosity,Escritorio_A,412.0
2025-09-21 06:30:00,LUM_ESC_05,luminosity,Escritorio_A,421.0
2025-09-21 06:45:00,LUM_ESC_05,luminosity,Escritorio_A,431.0
2025-09-21 07:00:00,LUM_ESC_05,luminosity,Escritorio_A,554.0
2025-09-21 07:15:00,LUM_ESC_05,luminosity,Escritorio_A,516.0
2025-09-21 07:30:00,LUM_ESC_05,luminosity,Escritorio_A,639.0
2025-09-21 07:45:00,LUM_ESC_05,luminosity,Escritorio_A,772.0
2025-09-21 08:00:00,LUM_ESC_05,luminosity,Escritorio_A,694.0
2025-09-21 08:15:00,LUM_ESC_05,luminosity,Escritorio_A,855.0
2025-09-21 08:30:00,LUM_ESC_05,luminosity,Escritorio_A,852.0
2025-09-21 08:45:00,LUM_ESC_05,luminosity,Escritorio_A,775.0
2025-09-21 09:00:00,LUM_ESC_05,luminosity,Escritorio_A,887.0
2025-09-21 09:15:00,LUM_ESC_05,luminosity,Escritorio_A,905.0
2025-09-21 09:30:00,LUM_ESC_05,luminosity,Escritorio_A,961.0
2025-09-21 09:45:00,LUM_ESC_05,luminosity,Escritorio_A,1037.0
2025-09-21 10:00:00,LUM_ESC_05,luminosity,Escritorio_A,976.0
2025-09-21 10:15:00,LUM_ESC_05,luminosity,Escritorio_A,1066.0
2025-09-21 10:30:00,LUM_ESC_05,luminosity,Escritorio_A,1013.0
2025-09-21 10:45:00,LUM_ESC_05,luminosity,Escritorio_A,1072.0
2025-09-21 11:00:00,LUM_ESC_05,luminosity,Escritorio_A,1095.0
2025-09-21 11:15:00,LUM_ESC_05,luminosity,Escritorio_A,1181.0
2025-09-21 11:30:00,LUM_ESC_05,luminosity,Escritorio_A,1089.0
2025-09-21 11:45:00,LUM_ESC_05,luminosity,Escritorio_A,1126.0
2025-09-21 12:00:00,LUM_ESC_05,luminosity,Escritorio_A,1156.0
2025-09-21 12:15:00,LUM_ESC_05,luminosity,Escritorio_A,1147.0
2025-09-21 12:30:00,LUM_ESC_05,luminosity,Escritorio_A,1090.0
2025-09-21 12:45:00,LUM_ESC_05,luminosity,Escritorio_A,1072.0
2025-09-21 13:00:00,LUM_ESC_05,luminosity,Escritorio_A,1128.0
2025-09-21 13:15:00,LUM_ESC_05,luminosity,Escritorio_A,1045.0
2025-09-21 13:30:00,LUM_ESC_05,luminosity,Escritorio_A,1106.0
2025-09-21 13:45:00,LUM_ESC_05,luminosity,Escritorio_A,1099.0
2025-09-21 14:00:00,LUM_ESC_05,luminosity,Escritorio_A,1022.0
2025-09-21 14:15:00,LUM_ESC_05,luminosity,Escritorio_A,1030.0
2025-09-21 14:30:00,LUM_ESC_05,luminosity,Escritorio_A,1001.0
2025-09-21 14:45:00,LUM_ESC_05,luminosity,Escritorio_A,973.0
2025-09-21 15:00:00,LUM_ESC_05,luminosity,Escritorio_A,903.0
2025-09-21 15:15:00,LUM_ESC_05,luminosity,Escritorio_A,911.0
2025-09-21 15:30:00,LUM_ESC_05,luminosity,Escritorio_A,815.0
2025-09-21 15:45:00,LUM_ESC_05,luminosity,Escritorio_A,697.0
2025-09-21 16:00:00,LUM_ESC_05,luminosity,Escritorio_A,701.0
2025-09-21 16:15:00,LUM_ESC_05,luminosity,Escritorio_A,606.0
2025-09-21 16:30:00,LUM_ESC_05,luminosity,Escritorio_A,610.0
2025-09-21 16:45:00,LUM_ESC_05,luminosity,Escritorio_A,607.0
2025-09-21 17:00:00,LUM_ESC_05,luminosity,Escritorio_A,595.0
2025-09-21 17:15:00,LUM_ESC_05,luminosity,Escritorio_A,581.0
2025-09-21 17:30:00,LUM_ESC_05,luminosity,Escritorio_A,380.0
2025-09-21 17:45:00,LUM_ESC_05,luminosity,Escritorio_A,356.0
2025-09-21 18:00:00,LUM_ESC_05,luminosity,Escritorio_A,1.0
2025-09-21 18:15:00,LUM_ESC_05,luminosity,Escritorio_A,0.0
2025-09-21 18:30:00,LUM_ESC_05,luminosity,Escritorio_A,0.0
2025-09-21 18:45:00,LUM_ESC_05,luminosity,Escritorio_A,0.0
2025-09-21 19:00:00,LUM_ESC_05,luminosity,Escritorio_A,0.0
2025-09-21 19:15:00,LUM_ESC_05,luminosity,Escritorio_A,9.0
2025-09-21 19:30:00,LUM_ESC_05,luminosity,Escritorio_A,7.0
2025-09-21 19:45:00,LUM_ESC_05,luminosity,Escritorio_A,1.0
2025-09-21 20:00:00,LUM_ESC_05,luminosity,Escritorio_A,3.0
2025-09-21 20:15:00,LUM_ESC_05,luminosity,Escritorio_A,4.0
2025-09-21 20:30:00,LUM_ESC_05,luminosity,Escritorio_A,0.0
2025-09-21 20:45:00,LUM_ESC_05,luminosity,Escritorio_A,0.0
2025-09-21 21:00:00,LUM_ESC_05,luminosity,Escritorio_A,0.0
2025-09-21 21:15:00,LUM_ESC_05,luminosity,Escritorio_A,0.0
2025-09-21 21:30:00,LUM_ESC_05,luminosity,Escritorio_A,6.0
2025-09-21 21:45:00,LUM_ESC_05,luminosity,Escritorio_A,6.0
2025-09-21 22:00:00,LUM_ESC_05,luminosity,Escritorio_A,1.0
2025-09-21 22:15:00,LUM_ESC_05,luminosity,Escritorio_A,5.0
2025-09-21 22:30:00,LUM_ESC_05,luminosity,Escritorio_A,0.0
2025-09-21 22:45:00,LUM_ESC_05,luminosity,Escritorio_A,0.0
2025-09-21 23:00:00,LUM_ESC_05,luminosity,Escritorio_A,0.0
2025-09-21 23:15:00,LUM_ESC_05,luminosity,Escritorio_A,0.0
2025-09-21 23:30:00,LUM_ESC_05,luminosity,Escritorio_A,0.0
2025-09-21 23:45:00,LUM_ESC_05,luminosity,Escritorio_A,0.0
2025-09-15 00:00:00,OCC_ESC_06,occupancy,Escritorio_A,0.0
2025-09-15 00:15:00,OCC_ESC_06,occupancy,Escritorio_A,0.0
2025-09-15 00:30:00,OCC_ESC_06,occupancy,Escritorio_A,0.0
2025-09-15 00:45:00,OCC_ESC_06,occupancy,Escritorio_A,0.0
2025-09-15 01:00:00,OCC_ESC_06,occupancy,Escritorio_A,0.0
2025-09-15 01:15:00,OCC_ESC_06,occupancy,Escritorio_A,0.0
2025-09-15 01:30:00,OCC_ESC_06,occupancy,Escritorio_A,0.0
2025-09-15 01:45:00,OCC_ESC_06,occupancy,Escritorio_A,0.0
2025-09-15 02:00:00,OCC_ESC_06,occupancy,Escritorio_A,0.0
2025-09-15 02:15:00,OCC_ESC_06,occupancy,Escritorio_A,0.0
2025-09-15 02:30:00,OCC_ESC_06,occupancy,Escritorio_A,0.0
2025-09-15 02:45:00,OCC_ESC_06,occupancy,Escritorio_A,0.0
2025-09-15 03:00:00,OCC_ESC_06,occupancy,Escritorio_A,0.0
2025-09-15 03:15:00,OCC_ESC_06,occupancy,Escritorio_A,0.0
2025-09-15 03:30:00,OCC_ESC_06,occupancy,Escritorio_A,0.0
2025-09-15 03:45:00,OCC_ESC_06,occupancy,Escritorio_A,0.0
2025-09-15 04:00:00,OCC_ESC_06,occupancy,Escritorio_A,0.0
2025-09-15 04:15:00,OCC_ESC_06,occupancy,Escritorio_A,0.0
2025-09-15 04:30:00,OCC_ESC_06,occupancy,Escritorio_A,0.0
2025-09-15 04:45:00,OCC_ESC_06,occupancy,Escritorio_A,1.0
2025-09-15 05:00:00,OCC_ESC_06,occupancy,Escritorio_A,0.0
2025-09-15 05:15:00,OCC_ESC_06,occupancy,Escritorio_A,0.0
2025-09-15 05:30:00,OCC_ESC_06,occupancy,Escritorio_A,0.0
2025-09-15 05:45:00,OCC_ESC_06,occupancy,Escritorio_A,0.0
2025-09-15 06:00:00,OCC_ESC_06,occupancy,Escritorio_A,0.0
2025-09-15 06:15:00,OCC_ESC_06,occupancy,Escritorio_A,0.0
2025-09-15 06:30:00,OCC_ESC_06,occupancy,Escritorio_A,0.0
2025-09-15 06:45:00,OCC_ESC_06,occupancy,Escritorio_A,0.0
2025-09-15 07:00:00,OCC_ESC_06,occupancy,Escritorio_A,0.0
2025-09-15 07:15:00,OCC_ESC_06,occupancy,Escritorio_A,0.0
2025-09-15 07:30:00,OCC_ESC_06,occupancy,Escritorio_A,0.0
2025-09-15 07:45:00,OCC_ESC_06,occupancy,Escritorio_A,0.0
2025-09-15 08:00:00,OCC_ESC_06,occupancy,Escritorio_A,0.0
2025-09-15 08:15:00,OCC_ESC_06,occupancy,Escritorio_A,1.0
2025-09-15 08:30:00,OCC_ESC_06,occupancy,Escritorio_A,1.0
2025-09-15 08:45:00,OCC_ESC_06,occupancy,Escritorio_A,1.0
2025-09-15 09:00:00,OCC_ESC_06,occupancy,Escritorio_A,0.0
2025-09-15 09:15:00,OCC_ESC_06,occupancy,Escritorio_A,1.0
2025-09-15 09:30:00,OCC_ESC_06,occupancy,Escritorio_A,0.0
2025-09-15 09:45:00,OCC_ESC_06,occupancy,Escritorio_A,1.0
2025-09-15 10:00:00,OCC_ESC_06,occupancy,Escritorio_A,1.0
2025-09-15 10:15:00,OCC_ESC_06,occupancy,Escritorio_A,0.0
2025-09-15 10:30:00,OCC_ESC_06,occupancy,Escritorio_A,1.0
2025-09-15 10:45:00,OCC_ESC_06,occupancy,Escritorio_A,0.0
2025-09-15 11:00:00,OCC_ESC_06,occupancy,Escritorio_A,1.0
2025-09-15 11:15:00,OCC_ESC_06,occupancy,Escritorio_A,1.0
2025-09-15 11:30:00,OCC_ESC_06,occupancy,Escritorio_A,1.0
2025-09-15 11:45:00,OCC_ESC_06,occupancy,Escritorio_A,0.0
2025-09-15 12:00:00,OCC_ESC_06,occupancy,Escritorio_A,1.0
2025-09-15 12:15:00,OCC_ESC_06,occupancy,Escritorio_A,1.0
2025-09-15 12:30:00,OCC_ESC_06,occupancy,Escritorio_A,1.0
2025-09-15 12:45:00,OCC_ESC_06,occupancy,Escritorio_A,1.0
2025-09-15 13:00:00,OCC_ESC_06,occupancy,Escritorio_A,0.0
2025-09-15 13:15:00,OCC_ESC_06,occupancy,Escritorio_A,1.0
2025-09-15 13:30:00,OCC_ESC_06,occupancy,Escritorio_A,1.0
2025-09-15 13:45:00,OCC_ESC_06,occupancy,Escritorio_A,0.0
2025-09-15 14:00:00,OCC_ESC_06,occupancy,Escritorio_A,1.0
2025-09-15 14:15:00,OCC_ESC_06,occupancy,Escritorio_A,1.0
2025-09-15 14:30:00,OCC_ESC_06,occupancy,Escritorio_A,1.0
2025-09-15 14:45:00,OCC_ESC_06,occupancy,Escritorio_A,1.0
2025-09-15 15:00:00,OCC_ESC_06,occupancy,Escritorio_A,0.0
2025-09-15 15:15:00,OCC_ESC_06,occupancy,Escritorio_A,0.0
2025-09-15 15:30:00,OCC_ESC_06,occupancy,Escritorio_A,1.0
2025-09-15 15:45:00,OCC_ESC_06,occupancy,Escritorio_A,0.0
2025-09-15 16:00:00,OCC_ESC_06,occupancy,Escritorio_A,0.0
2025-09-15 16:15:00,OCC_ESC_06,occupancy,Escritorio_A,1.0
2025-09-15 16:30:00,OCC_ESC_06,occupancy,Escritorio_A,1.0
2025-09-15 16:45:00,OCC_ESC_06,occupancy,Escritorio_A,0.0
2025-09-15 17:00:00,OCC_ESC_06,occupancy,Escritorio_A,0.0
2025-09-15 17:15:00,OCC_ESC_06,occupancy,Escritorio_A,1.0
2025-09-15 17:30:00,OCC_ESC_06,occupancy,Escritorio_A,1.0
2025-09-15 17:45:00,OCC_ESC_06,occupancy,Escritorio_A,0.0
2025-09-15 18:00:00,OCC_ESC_06,occupancy,Escritorio_A,0.0
2025-09-15 18:15:00,OCC_ESC_06,occupancy,Escritorio_A,0.0
2025-09-15 18:30:00,OCC_ESC_06,occupancy,Escritorio_A,0.0
2025-09-15 18:45:00,OCC_ESC_06,occupancy,Escritorio_A,0.0
2025-09-15 19:00:00,OCC_ESC_06,occupancy,Escritorio_A,0.0
2025-09-15 19:15:00,OCC_ESC_06,occupancy,Escritorio_A,0.0
2025-09-15 19:30:00,OCC_ESC_06,occupancy,Escritorio_A,0.0
2025-09-15 19:45:00,OCC_ESC_06,occupancy,Escritorio_A,0.0
2025-09-15 20:00:00,OCC_ESC_06,occupancy,Escritorio_A,0.0
2025-09-15 20:15:00,OCC_ESC_06,occupancy,Escritorio_A,0.0
2025-09-15 20:30:00,OCC_ESC_06,occupancy,Escritorio_A,0.0
2025-09-15 20:45:00,OCC_ESC_06,occupancy,Escritorio_A,0.0
2025-09-15 21:00:00,OCC_ESC_06,occupancy,Escritorio_A,0.0
2025-09-15 21:15:00,OCC_ESC_06,occupancy,Escritorio_A,0.0
2025-09-15 21:30:00,OCC_ESC_06,occupancy,Escritorio_A,0.0
2025-09-15 21:45:00,OCC_ESC_06,occupancy,Escritorio_A,0.0
2025-09-15 22:00:00,OCC_ESC_06,occupancy,Escritorio_A,0.0
2025-09-15 22:15:00,OCC_ESC_06,occupancy,Escritorio_A,0.0
2025-09-15 22:30:00,OCC_ESC_06,occupancy,Escritorio_A,0.0
2025-09-15 22:45:00,OCC_ESC_06,occupancy,Escritorio_A,0.0
2025-09-15 23:00:00,OCC_ESC_06,occupancy,Escritorio_A,0.0
2025-09-15 23:15:00,OCC_ESC_06,occupancy,Escritorio_A,0.0
2025-09-15 23:30:00,OCC_ESC_06,occupancy,Escritorio_A,1.0
2025-09-15 23:45:00,OCC_ESC_06,occupancy,Escritorio_A,0.0
2025-09-16 00:00:00,OCC_ESC_06,occupancy,Escritorio_A,0.0
2025-09-16 00:15:00,OCC_ESC_06,occupancy,Escritorio_A,0.0
2025-09-16 00:30:00,OCC_ESC_06,occupancy,Escritorio_A,0.0
2025-09-16 00:45:00,OCC_ESC_06,occupancy,Escritorio_A,0.0
2025-09-16 01:00:00,OCC_ESC_06,occupancy,Escritorio_A,0.0
2025-09-16 01:15:00,OCC_ESC_06,occupancy,Escritorio_A,0.0
2025-09-16 01:30:00,OCC_ESC_06,occupancy,Escritorio_A,0.0
2025-09-16 01:45:00,OCC_ESC_06,occupancy,Escritorio_A,0.0
2025-09-16 02:00:00,OCC_ESC_06,occupancy,Escritorio_A,0.0
2025-09-16 02:15:00,OCC_ESC_06,occupancy,Escritorio_A,0.0
2025-09-16 02:30:00,OCC_ESC_06,occupancy,Escritorio_A,0.0
2025-09-16 02:45:00,OCC_ESC_06,occupancy,Escritorio_A,0.0
2025-09-16 03:00:00,OCC_ESC_06,occupancy,Escritorio_A,0.0
2025-09-16 03:15:00,OCC_ESC_06,occupancy,Escritorio_A,1.0
2025-09-16 03:30:00,OCC_ESC_06,occupancy,Escritorio_A,0.0
2025-09-16 03:45:00,OCC_ESC_06,occupancy,Escritorio_A,0.0
2025-09-16 04:00:00,OCC_ESC_06,occupancy,Escritorio_A,0.0
2025-09-16 04:15:00,OCC_ESC_06,occupancy,Escritorio_A,0.0
2025-09-16 04:30:00,OCC_ESC_06,occupancy,Escritorio_A,0.0
2025-09-16 04:45:00,OCC_ESC_06,occupancy,Escritorio_A,0.0
2025-09-16 05:00:00,OCC_ESC_06,occupancy,Escritorio_A,0.0
2025-09-16 05:15:00,OCC_ESC_06,occupancy,Escritorio_A,0.0
2025-09-16 05:30:00,OCC_ESC_06,occupancy,Escritorio_A,0.0
2025-09-16 05:45:00,OCC_ESC_06,occupancy,Escritorio_A,0.0
2025-09-16 06:00:00,OCC_ESC_06,occupancy,Escritorio_A,0.0
2025-09-16 06:15:00,OCC_ESC_06,occupancy,Escritorio_A,0.0
2025-09-16 06:30:00,OCC_ESC_06,occupancy,Escritorio_A,0.0
2025-09-16 06:45:00,OCC_ESC_06,occupancy,Escritorio_A,0.0
2025-09-16 07:00:00,OCC_ESC_06,occupancy,Escritorio_A,0.0
2025-09-16 07:15:00,OCC_ESC_06,occupancy,Escritorio_A,0.0
2025-09-16 07:30:00,OCC_ESC_06,occupancy,Escritorio_A,1.0
2025-09-16 07:45:00,OCC_ESC_06,occupancy,Escritorio_A,0.0
2025-09-16 08:00:00,OCC_ESC_06,occupancy,Escritorio_A,1.0
2025-09-16 08:15:00,OCC_ESC_06,occupancy,Escritorio_A,1.0
2025-09-16 08:30:00,OCC_ESC_06,occupancy,Escritorio_A,1.0
2025-09-16 08:45:00,OCC_ESC_06,occupancy,Escritorio_A,0.0
2025-09-16 09:00:00,OCC_ESC_06,occupancy,Escritorio_A,1.0
2025-09-16 09:15:00,OCC_ESC_06,occupancy,Escritorio_A,1.0
2025-09-16 09:30:00,OCC_ESC_06,occupancy,Escritorio_A,0.0
2025-09-16 09:45:00,OCC_ESC_06,occupancy,Escritorio_A,1.0
2025-09-16 10:00:00,OCC_ESC_06,occupancy,Escritorio_A,0.0
2025-09-16 10:15:00,OCC_ESC_06,occupancy,Escritorio_A,1.0
2025-09-16 10:30:00,OCC_ESC_06,occupancy,Escritorio_A,0.0
2025-09-16 10:45:00,OCC_ESC_06,occupancy,Escritorio_A,1.0
2025-09-16 11:00:00,OCC_ESC_06,occupancy,Escritorio_A,1.0
2025-09-16 11:15:00,OCC_ESC_06,occupancy,Escritorio_A,1.0
2025-09-16 11:30:00,OCC_ESC_06,occupancy,Escritorio_A,1.0
2025-09-16 11:45:00,OCC_ESC_06,occupancy,Escritorio_A,1.0
2025-09-16 12:00:00,OCC_ESC_06,occupancy,Escritorio_A,0.0
2025-09-16 12:15:00,OCC_ESC_06,occupancy,Escritorio_A,1.0
2025-09-16 12:30:00,OCC_ESC_06,occupancy,Escritorio_A,1.0
2025-09-16 12:45:00,OCC_ESC_06,occupancy,Escritorio_A,1.0
2025-09-16 13:00:00,OCC_ESC_06,occupancy,Escritorio_A,1.0
2025-09-16 13:15:00,OCC_ESC_06,occupancy,Escritorio_A,1.0
2025-09-16 13:30:00,OCC_ESC_06,occupancy,Escritorio_A,0.0
2025-09-16 13:45:00,OCC_ESC_06,occupancy,Escritorio_A,1.0
2025-09-16 14:00:00,OCC_ESC_06,occupancy,Escritorio_A,1.0
2025-09-16 14:15:00,OCC_ESC_06,occupancy,Escritorio_A,1.0
2025-09-16 14:30:00,OCC_ESC_06,occupancy,Escritorio_A,1.0
2025-09-16 14:45:00,OCC_ESC_06,occupancy,Escritorio_A,1.0
2025-09-16 15:00:00,OCC_ESC_06,occupancy,Escritorio_A,1.0
2025-09-16 15:15:00,OCC_ESC_06,occupancy,Escritorio_A,1.0
2025-09-16 15:30:00,OCC_ESC_06,occupancy,Escritorio_A,0.0
2025-09-16 15:45:00,OCC_ESC_06,occupancy,Escritorio_A,1.0
2025-09-16 16:00:00,OCC_ESC_06,occupancy,Escritorio_A,1.0
2025-09-16 16:15:00,OCC_ESC_06,occupancy,Escritorio_A,0.0
2025-09-16 16:30:00,OCC_ESC_06,occupancy,Escritorio_A,0.0
2025-09-16 16:45:00,OCC_ESC_06,occupancy,Escritorio_A,1.0
2025-09-16 17:00:00,OCC_ESC_06,occupancy,Escritorio_A,1.0
2025-09-16 17:15:00,OCC_ESC_06,occupancy,Escritorio_A,0.0
2025-09-16 17:30:00,OCC_ESC_06,occupancy,Escritorio_A,1.0
2025-09-16 17:45:00,OCC_ESC_06,occupancy,Escritorio_A,1.0
2025-09-16 18:00:00,OCC_ESC_06,occupancy,Escritorio_A,0.0
2025-09-16 18:15:00,OCC_ESC_06,occupancy,Escritorio_A,0.0
2025-09-16 18:30:00,OCC_ESC_06,occupancy,Escritorio_A,0.0
2025-09-16 18:45:00,OCC_ESC_06,occupancy,Escritorio_A,0.0
2025-09-16 19:00:00,OCC_ESC_06,occupancy,Escritorio_A,0.0
2025-09-16 19:15:00,OCC_ESC_06,occupancy,Escritorio_A,0.0
2025-09-16 19:30:00,OCC_ESC_06,occupancy,Escritorio_A,0.0
2025-09-16 19:45:00,OCC_ESC_06,occupancy,Escritorio_A,0.0
2025-09-16 20:00:00,OCC_ESC_06,occupancy,Escritorio_A,0.0
2025-09-16 20:15:00,OCC_ESC_06,occupancy,Escritorio_A,0.0
2025-09-16 20:30:00,OCC_ESC_06,occupancy,Escritorio_A,0.0
2025-09-16 20:45:00,OCC_ESC_06,occupancy,Escritorio_A,1.0
2025-09-16 21:00:00,OCC_ESC_06,occupancy,Escritorio_A,0.0
2025-09-16 21:15:00,OCC_ESC_06,occupancy,Escritorio_A,0.0
2025-09-16 21:30:00,OCC_ESC_06,occupancy,Escritorio_A,0.0
2025-09-16 21:45:00,OCC_ESC_06,occupancy,Escritorio_A,0.0
2025-09-16 22:00:00,OCC_ESC_06,occupancy,Escritorio_A,0.0
2025-09-16 22:15:00,OCC_ESC_06,occupancy,Escritorio_A,0.0
2025-09-16 22:30:00,OCC_ESC_06,occupancy,Escritorio_A,0.0
2025-09-16 22:45:00,OCC_ESC_06,occupancy,Escritorio_A,1.0
2025-09-16 23:00:00,OCC_ESC_06,occupancy,Escritorio_A,0.0
2025-09-16 23:15:00,OCC_ESC_06,occupancy,Escritorio_A,0.0
2025-09-16 23:30:00,OCC_ESC_06,occupancy,Escritorio_A,0.0
2025-09-16 23:45:00,OCC_ESC_06,occupancy,Escritorio_A,0.0
2025-09-17 00:00:00,OCC_ESC_06,occupancy,Escritorio_A,0.0
2025-09-17 00:15:00,OCC_ESC_06,occupancy,Escritorio_A,0.0
2025-09-17 00:30:00,OCC_ESC_06,occupancy,Escritorio_A,0.0
2025-09-17 00:45:00,OCC_ESC_06,occupancy,Escritorio_A,0.0
2025-09-17 01:00:00,OCC_ESC_06,occupancy,Escritorio_A,0.0
2025-09-17 01:15:00,OCC_ESC_06,occupancy,Escritorio_A,0.0
2025-09-17 01:30:00,OCC_ESC_06,occupancy,Escritorio_A,0.0
2025-09-17 01:45:00,OCC_ESC_06,occupancy,Escritorio_A,0.0
2025-09-17 02:00:00,OCC_ESC_06,occupancy,Escritorio_A,0.0
2025-09-17 02:15:00,OCC_ESC_06,occupancy,Escritorio_A,0.0
2025-09-17 02:30:00,OCC_ESC_06,occupancy,Escritorio_A,0.0
2025-09-17 02:45:00,OCC_ESC_06,occupancy,Escritorio_A,0.0
2025-09-17 03:00:00,OCC_ESC_06,occupancy,Escritorio_A,0.0
2025-09-17 03:15:00,OCC_ESC_06,occupancy,Escritorio_A,0.0
2025-09-17 03:30:00,OCC_ESC_06,occupancy,Escritorio_A,0.0
2025-09-17 03:45:00,OCC_ESC_06,occupancy,Escritorio_A,0.0
2025-09-17 04:00:00,OCC_ESC_06,occupancy,Escritorio_A,0.0
2025-09-17 04:15:00,OCC_ESC_06,occupancy,Escritorio_A,0.0
2025-09-17 04:30:00,OCC_ESC_06,occupancy,Escritorio_A,0.0
2025-09-17 04:45:00,OCC_ESC_06,occupancy,Escritorio_A,0.0
2025-09-17 05:00:00,OCC_ESC_06,occupancy,Escritorio_A,0.0
2025-09-17 05:15:00,OCC_ESC_06,occupancy,Escritorio_A,1.0
2025-09-17 05:30:00,OCC_ESC_06,occupancy,Escritorio_A,0.0
2025-09-17 05:45:00,OCC_ESC_06,occupancy,Escritorio_A,0.0
2025-09-17 06:00:00,OCC_ESC_06,occupancy,Escritorio_A,0.0
2025-09-17 06:15:00,OCC_ESC_06,occupancy,Escritorio_A,0.0
2025-09-17 06:30:00,OCC_ESC_06,occupancy,Escritorio_A,0.0
2025-09-17 06:45:00,OCC_ESC_06,occupancy,Escritorio_A,0.0
2025-09-17 07:00:00,OCC_ESC_06,occupancy,Escritorio_A,0.0
2025-09-17 07:15:00,OCC_ESC_06,occupancy,Escritorio_A,0.0
2025-09-17 07:30:00,OCC_ESC_06,occupancy,Escritorio_A,0.0
2025-09-17 07:45:00,OCC_ESC_06,occupancy,Escritorio_A,0.0
2025-09-17 08:00:00,OCC_ESC_06,occupancy,Escritorio_A,0.0
2025-09-17 08:15:00,OCC_ESC_06,occupancy,Escritorio_A,1.0
2025-09-17 08:30:00,OCC_ESC_06,occupancy,Escritorio_A,0.0
2025-09-17 08:45:00,OCC_ESC_06,occupancy,Escritorio_A,0.0
2025-09-17 09:00:00,OCC_ESC_06,occupancy,Escritorio_A,0.0
2025-09-17 09:15:00,OCC_ESC_06,occupancy,Escritorio_A,0.0
2025-09-17 09:30:00,OCC_ESC_06,occupancy,Escritorio_A,0.0
2025-09-17 09:45:00,OCC_ESC_06,occupancy,Escritorio_A,1.0
2025-09-17 10:00:00,OCC_ESC_06,occupancy,Escritorio_A,1.0
2025-09-17 10:15:00,OCC_ESC_06,occupancy,Escritorio_A,1.0
2025-09-17 10:30:00,OCC_ESC_06,occupancy,Escritorio_A,0.0
2025-09-17 10:45:00,OCC_ESC_06,occupancy,Escritorio_A,0.0
2025-09-17 11:00:00,OCC_ESC_06,occupancy,Escritorio_A,1.0
2025-09-17 11:15:00,OCC_ESC_06,occupancy,Escritorio_A,1.0
2025-09-17 11:30:00,OCC_ESC_06,occupancy,Escritorio_A,1.0
2025-09-17 11:45:00,OCC_ESC_06,occupancy,Escritorio_A,1.0
2025-09-17 12:00:00,OCC_ESC_06,occupancy,Escritorio_A,1.0
2025-09-17 12:15:00,OCC_ESC_06,occupancy,Escritorio_A,1.0
2025-09-17 12:30:00,OCC_ESC_06,occupancy,Escritorio_A,0.0
2025-09-17 12:45:00,OCC_ESC_06,occupancy,Escritorio_A,1.0
2025-09-17 13:00:00,OCC_ESC_06,occupancy,Escritorio_A,0.0
2025-09-17 13:15:00,OCC_ESC_06,occupancy,Escritorio_A,0.0
2025-09-17 13:30:00,OCC_ESC_06,occupancy,Escritorio_A,0.0
2025-09-17 13:45:00,OCC_ESC_06,occupancy,Escritorio_A,0.0
2025-09-17 14:00:00,OCC_ESC_06,occupancy,Escritorio_A,1.0
2025-09-17 14:15:00,OCC_ESC_06,occupancy,Escritorio_A,0.0
2025-09-17 14:30:00,OCC_ESC_06,occupancy,Escritorio_A,0.0
2025-09-17 14:45:00,OCC_ESC_06,occupancy,Escritorio_A,0.0
2025-09-17 15:00:00,OCC_ESC_06,occupancy,Escritorio_A,1.0
2025-09-17 15:15:00,OCC_ESC_06,occupancy,Escritorio_A,1.0
2025-09-17 15:30:00,OCC_ESC_06,occupancy,Escritorio_A,0.0
2025-09-17 15:45:00,OCC_ESC_06,occupancy,Escritorio_A,1.0
2025-09-17 16:00:00,OCC_ESC_06,occupancy,Escritorio_A,0.0
2025-09-17 16:15:00,OCC_ESC_06,occupancy,Escritorio_A,0.0
2025-09-17 16:30:00,OCC_ESC_06,occupancy,Escritorio_A,0.0
2025-09-17 16:45:00,OCC_ESC_06,occupancy,Escritorio_A,1.0
2025-09-17 17:00:00,OCC_ESC_06,occupancy,Escritorio_A,0.0
2025-09-17 17:15:00,OCC_ESC_06,occupancy,Escritorio_A,1.0
2025-09-17 17:30:00,OCC_ESC_06,occupancy,Escritorio_A,1.0
2025-09-17 17:45:00,OCC_ESC_06,occupancy,Escritorio_A,1.0
2025-09-17 18:00:00,OCC_ESC_06,occupancy,Escritorio_A,0.0
2025-09-17 18:15:00,OCC_ESC_06,occupancy,Escritorio_A,1.0
2025-09-17 18:30:00,OCC_ESC_06,occupancy,Escritorio_A,0.0
2025-09-17 18:45:00,OCC_ESC_06,occupancy,Escritorio_A,0.0
2025-09-17 19:00:00,OCC_ESC_06,occupancy,Escritorio_A,0.0
2025-09-17 19:15:00,OCC_ESC_06,occupancy,Escritorio_A,1.0
2025-09-17 19:30:00,OCC_ESC_06,occupancy,Escritorio_A,0.0
2025-09-17 19:45:00,OCC_ESC_06,occupancy,Escritorio_A,0.0
2025-09-17 20:00:00,OCC_ESC_06,occupancy,Escritorio_A,0.0
2025-09-17 20:15:00,OCC_ESC_06,occupancy,Escritorio_A,0.0
2025-09-17 20:30:00,OCC_ESC_06,occupancy,Escritorio_A,0.0
2025-09-17 20:45:00,OCC_ESC_06,occupancy,Escritorio_A,0.0
2025-09-17 21:00:00,OCC_ESC_06,occupancy,Escritorio_A,0.0
2025-09-17 21:15:00,OCC_ESC_06,occupancy,Escritorio_A,0.0
2025-09-17 21:30:00,OCC_ESC_06,occupancy,Escritorio_A,0.0
2025-09-17 21:45:00,OCC_ESC_06,occupancy,Escritorio_A,1.0
2025-09-17 22:00:00,OCC_ESC_06,occupancy,Escritorio_A,0.0
2025-09-17 22:15:00,OCC_ESC_06,occupancy,Escritorio_A,0.0
2025-09-17 22:30:00,OCC_ESC_06,occupancy,Escritorio_A,0.0
2025-09-17 22:45:00,OCC_ESC_06,occupancy,Escritorio_A,0.0
2025-09-17 23:00:00,OCC_ESC_06,occupancy,Escritorio_A,0.0
2025-09-17 23:15:00,OCC_ESC_06,occupancy,Escritorio_A,1.0
2025-09-17 23:30:00,OCC_ESC_06,occupancy,Escritorio_A,0.0
2025-09-17 23:45:00,OCC_ESC_06,occupancy,Escritorio_A,0.0
2025-09-18 00:00:00,OCC_ESC_06,occupancy,Escritorio_A,0.0
2025-09-18 00:15:00,OCC_ESC_06,occupancy,Escritorio_A,0.0
2025-09-18 00:30:00,OCC_ESC_06,occupancy,Escritorio_A,0.0
2025-09-18 00:45:00,OCC_ESC_06,occupancy,Escritorio_A,0.0
2025-09-18 01:00:00,OCC_ESC_06,occupancy,Escritorio_A,0.0
2025-09-18 01:15:00,OCC_ESC_06,occupancy,Escritorio_A,0.0
2025-09-18 01:30:00,OCC_ESC_06,occupancy,Escritorio_A,0.0
2025-09-18 01:45:00,OCC_ESC_06,occupancy,Escritorio_A,1.0
2025-09-18 02:00:00,OCC_ESC_06,occupancy,Escritorio_A,0.0
2025-09-18 02:15:00,OCC_ESC_06,occupancy,Escritorio_A,0.0
2025-09-18 02:30:00,OCC_ESC_06,occupancy,Escritorio_A,0.0
2025-09-18 02:45:00,OCC_ESC_06,occupancy,Escritorio_A,0.0
2025-09-18 03:00:00,OCC_ESC_06,occupancy,Escritorio_A,0.0
2025-09-18 03:15:00,OCC_ESC_06,occupancy,Escritorio_A,0.0
2025-09-18 03:30:00,OCC_ESC_06,occupancy,Escritorio_A,0.0
2025-09-18 03:45:00,OCC_ESC_06,occupancy,Escritorio_A,0.0
2025-09-18 04:00:00,OCC_ESC_06,occupancy,Escritorio_A,0.0
2025-09-18 04:15:00,OCC_ESC_06,occupancy,Escritorio_A,0.0
2025-09-18 04:30:00,OCC_ESC_06,occupancy,Escritorio_A,0.0
2025-09-18 04:45:00,OCC_ESC_06,occupancy,Escritorio_A,0.0
2025-09-18 05:00:00,OCC_ESC_06,occupancy,Escritorio_A,0.0
2025-09-18 05:15:00,OCC_ESC_06,occupancy,Escritorio_A,0.0
2025-09-18 05:30:00,OCC_ESC_06,occupancy,Escritorio_A,0.0
2025-09-18 05:45:00,OCC_ESC_06,occupancy,Escritorio_A,0.0
2025-09-18 06:00:00,OCC_ESC_06,occupancy,Escritorio_A,1.0
2025-09-18 06:15:00,OCC_ESC_06,occupancy,Escritorio_A,0.0
2025-09-18 06:30:00,OCC_ESC_06,occupancy,Escritorio_A,0.0
2025-09-18 06:45:00,OCC_ESC_06,occupancy,Escritorio_A,0.0
2025-09-18 07:00:00,OCC_ESC_06,occupancy,Escritorio_A,0.0
2025-09-18 07:15:00,OCC_ESC_06,occupancy,Escritorio_A,0.0
2025-09-18 07:30:00,OCC_ESC_06,occupancy,Escritorio_A,0.0
2025-09-18 07:45:00,OCC_ESC_06,occupancy,Escritorio_A,0.0
2025-09-18 08:00:00,OCC_ESC_06,occupancy,Escritorio_A,0.0
2025-09-18 08:15:00,OCC_ESC_06,occupancy,Escritorio_A,0.0
2025-09-18 08:30:00,OCC_ESC_06,occupancy,Escritorio_A,1.0
2025-09-18 08:45:00,OCC_ESC_06,occupancy,Escritorio_A,1.0
2025-09-18 09:00:00,OCC_ESC_06,occupancy,Escritorio_A,0.0
2025-09-18 09:15:00,OCC_ESC_06,occupancy,Escritorio_A,1.0
2025-09-18 09:30:00,OCC_ESC_06,occupancy,Escritorio_A,1.0
2025-09-18 09:45:00,OCC_ESC_06,occupancy,Escritorio_A,0.0
2025-09-18 10:00:00,OCC_ESC_06,occupancy,Escritorio_A,1.0
2025-09-18 10:15:00,OCC_ESC_06,occupancy,Escritorio_A,1.0
2025-09-18 10:30:00,OCC_ESC_06,occupancy,Escritorio_A,0.0
2025-09-18 10:45:00,OCC_ESC_06,occupancy,Escritorio_A,0.0
2025-09-18 11:00:00,OCC_ESC_06,occupancy,Escritorio_A,0.0
2025-09-18 11:15:00,OCC_ESC_06,occupancy,Escritorio_A,1.0
2025-09-18 11:30:00,OCC_ESC_06,occupancy,Escritorio_A,0.0
2025-09-18 11:45:00,OCC_ESC_06,occupancy,Escritorio_A,1.0
2025-09-18 12:00:00,OCC_ESC_06,occupancy,Escritorio_A,1.0
2025-09-18 12:15:00,OCC_ESC_06,occupancy,Escritorio_A,0.0
2025-09-18 12:30:00,OCC_ESC_06,occupancy,Escritorio_A,0.0
2025-09-18 12:45:00,OCC_ESC_06,occupancy,Escritorio_A,1.0
2025-09-18 13:00:00,OCC_ESC_06,occupancy,Escritorio_A,0.0
2025-09-18 13:15:00,OCC_ESC_06,occupancy,Escritorio_A,1.0
2025-09-18 13:30:00,OCC_ESC_06,occupancy,Escritorio_A,1.0
2025-09-18 13:45:00,OCC_ESC_06,occupancy,Escritorio_A,1.0
2025-09-18 14:00:00,OCC_ESC_06,occupancy,Escritorio_A,1.0
2025-09-18 14:15:00,OCC_ESC_06,occupancy,Escritorio_A,0.0
2025-09-18 14:30:00,OCC_ESC_06,occupancy,Escritorio_A,1.0
2025-09-18 14:45:00,OCC_ESC_06,occupancy,Escritorio_A,0.0
2025-09-18 15:00:00,OCC_ESC_06,occupancy,Escritorio_A,1.0
2025-09-18 15:15:00,OCC_ESC_06,occupancy,Escritorio_A,0.0
2025-09-18 15:30:00,OCC_ESC_06,occupancy,Escritorio_A,0.0
2025-09-18 15:45:00,OCC_ESC_06,occupancy,Escritorio_A,0.0
2025-09-18 16:00:00,OCC_ESC_06,occupancy,Escritorio_A,1.0
2025-09-18 16:15:00,OCC_ESC_06,occupancy,Escritorio_A,0.0
2025-09-18 16:30:00,OCC_ESC_06,occupancy,Escritorio_A,0.0
2025-09-18 16:45:00,OCC_ESC_06,occupancy,Escritorio_A,0.0
2025-09-18 17:00:00,OCC_ESC_06,occupancy,Escritorio_A,0.0
2025-09-18 17:15:00,OCC_ESC_06,occupancy,Escritorio_A,0.0
2025-09-18 17:30:00,OCC_ESC_06,occupancy,Escritorio_A,1.0
2025-09-18 17:45:00,OCC_ESC_06,occupancy,Escritorio_A,0.0
2025-09-18 18:00:00,OCC_ESC_06,occupancy,Escritorio_A,0.0
2025-09-18 18:15:00,OCC_ESC_06,occupancy,Escritorio_A,0.0
2025-09-18 18:30:00,OCC_ESC_06,occupancy,Escritorio_A,1.0
2025-09-18 18:45:00,OCC_ESC_06,occupancy,Escritorio_A,0.0
2025-09-18 19:00:00,OCC_ESC_06,occupancy,Escritorio_A,0.0
2025-09-18 19:15:00,OCC_ESC_06,occupancy,Escritorio_A,0.0
2025-09-18 19:30:00,OCC_ESC_06,occupancy,Escritorio_A,0.0
2025-09-18 19:45:00,OCC_ESC_06,occupancy,Escritorio_A,0.0
2025-09-18 20:00:00,OCC_ESC_06,occupancy,Escritorio_A,0.0
2025-09-18 20:15:00,OCC_ESC_06,occupancy,Escritorio_A,0.0
2025-09-18 20:30:00,OCC_ESC_06,occupancy,Escritorio_A,0.0
2025-09-18 20:45:00,OCC_ESC_06,occupancy,Escritorio_A,0.0
2025-09-18 21:00:00,OCC_ESC_06,occupancy,Escritorio_A,0.0
2025-09-18 21:15:00,OCC_ESC_06,occupancy,Escritorio_A,0.0
2025-09-18 21:30:00,OCC_ESC_06,occupancy,Escritorio_A,0.0
2025-09-18 21:45:00,OCC_ESC_06,occupancy,Escritorio_A,0.0
2025-09-18 22:00:00,OCC_ESC_06,occupancy,Escritorio_A,0.0
2025-09-18 22:15:00,OCC_ESC_06,occupancy,Escritorio_A,0.0
2025-09-18 22:30:00,OCC_ESC_06,occupancy,Escritorio_A,0.0
2025-09-18 22:45:00,OCC_ESC_06,occupancy,Escritorio_A,0.0
2025-09-18 23:00:00,OCC_ESC_06,occupancy,Escritorio_A,0.0
2025-09-18 23:15:00,OCC_ESC_06,occupancy,Escritorio_A,1.0
2025-09-18 23:30:00,OCC_ESC_06,occupancy,Escritorio_A,0.0
2025-09-18 23:45:00,OCC_ESC_06,occupancy,Escritorio_A,0.0
2025-09-19 00:00:00,OCC_ESC_06,occupancy,Escritorio_A,0.0
2025-09-19 00:15:00,OCC_ESC_06,occupancy,Escritorio_A,0.0
2025-09-19 00:30:00,OCC_ESC_06,occupancy,Escritorio_A,0.0
2025-09-19 00:45:00,OCC_ESC_06,occupancy,Escritorio_A,0.0
2025-09-19 01:00:00,OCC_ESC_06,occupancy,Escritorio_A,0.0
2025-09-19 01:15:00,OCC_ESC_06,occupancy,Escritorio_A,0.0
2025-09-19 01:30:00,OCC_ESC_06,occupancy,Escritorio_A,0.0
2025-09-19 01:45:00,OCC_ESC_06,occupancy,Escritorio_A,0.0
2025-09-19 02:00:00,OCC_ESC_06,occupancy,Escritorio_A,1.0
2025-09-19 02:15:00,OCC_ESC_06,occupancy,Escritorio_A,0.0
2025-09-19 02:30:00,OCC_ESC_06,occupancy,Escritorio_A,0.0
2025-09-19 02:45:00,OCC_ESC_06,occupancy,Escritorio_A,0.0
2025-09-19 03:00:00,OCC_ESC_06,occupancy,Escritorio_A,0.0
2025-09-19 03:15:00,OCC_ESC_06,occupancy,Escritorio_A,1.0
2025-09-19 03:30:00,OCC_ESC_06,occupancy,Escritorio_A,0.0
2025-09-19 03:45:00,OCC_ESC_06,occupancy,Escritorio_A,0.0
2025-09-19 04:00:00,OCC_ESC_06,occupancy,Escritorio_A,0.0
2025-09-19 04:15:00,OCC_ESC_06,occupancy,Escritorio_A,0.0
2025-09-19 04:30:00,OCC_ESC_06,occupancy,Escritorio_A,0.0
2025-09-19 04:45:00,OCC_ESC_06,occupancy,Escritorio_A,0.0
2025-09-19 05:00:00,OCC_ESC_06,occupancy,Escritorio_A,0.0
2025-09-19 05:15:00,OCC_ESC_06,occupancy,Escritorio_A,0.0
2025-09-19 05:30:00,OCC_ESC_06,occupancy,Escritorio_A,0.0
2025-09-19 05:45:00,OCC_ESC_06,occupancy,Escritorio_A,1.0
2025-09-19 06:00:00,OCC_ESC_06,occupancy,Escritorio_A,0.0
2025-09-19 06:15:00,OCC_ESC_06,occupancy,Escritorio_A,0.0
2025-09-19 06:30:00,OCC_ESC_06,occupancy,Escritorio_A,0.0
2025-09-19 06:45:00,OCC_ESC_06,occupancy,Escritorio_A,1.0
2025-09-19 07:00:00,OCC_ESC_06,occupancy,Escritorio_A,0.0
2025-09-19 07:15:00,OCC_ESC_06,occupancy,Escritorio_A,0.0
2025-09-19 07:30:00,OCC_ESC_06,occupancy,Escritorio_A,0.0
2025-09-19 07:45:00,OCC_ESC_06,occupancy,Escritorio_A,0.0
2025-09-19 08:00:00,OCC_ESC_06,occupancy,Escritorio_A,1.0
2025-09-19 08:15:00,OCC_ESC_06,occupancy,Escritorio_A,1.0
2025-09-19 08:30:00,OCC_ESC_06,occupancy,Escritorio_A,1.0
2025-09-19 08:45:00,OCC_ESC_06,occupancy,Escritorio_A,0.0
2025-09-19 09:00:00,OCC_ESC_06,occupancy,Escritorio_A,1.0
2025-09-19 09:15:00,OCC_ESC_06,occupancy,Escritorio_A,0.0
2025-09-19 09:30:00,OCC_ESC_06,occupancy,Escritorio_A,1.0
2025-09-19 09:45:00,OCC_ESC_06,occupancy,Escritorio_A,1.0
2025-09-19 10:00:00,OCC_ESC_06,occupancy,Escritorio_A,1.0
2025-09-19 10:15:00,OCC_ESC_06,occupancy,Escritorio_A,1.0
2025-09-19 10:30:00,OCC_ESC_06,occupancy,Escritorio_A,1.0
2025-09-19 10:45:00,OCC_ESC_06,occupancy,Escritorio_A,0.0
2025-09-19 11:00:00,OCC_ESC_06,occupancy,Escritorio_A,1.0
2025-09-19 11:15:00,OCC_ESC_06,occupancy,Escritorio_A,1.0
2025-09-19 11:30:00,OCC_ESC_06,occupancy,Escritorio_A,0.0
2025-09-19 11:45:00,OCC_ESC_06,occupancy,Escritorio_A,1.0
2025-09-19 12:00:00,OCC_ESC_06,occupancy,Escritorio_A,0.0
2025-09-19 12:15:00,OCC_ESC_06,occupancy,Escritorio_A,1.0
2025-09-19 12:30:00,OCC_ESC_06,occupancy,Escritorio_A,1.0
2025-09-19 12:45:00,OCC_ESC_06,occupancy,Escritorio_A,0.0
2025-09-19 13:00:00,OCC_ESC_06,occupancy,Escritorio_A,0.0
2025-09-19 13:15:00,OCC_ESC_06,occupancy,Escritorio_A,1.0
2025-09-19 13:30:00,OCC_ESC_06,occupancy,Escritorio_A,0.0
2025-09-19 13:45:00,OCC_ESC_06,occupancy,Escritorio_A,1.0
2025-09-19 14:00:00,OCC_ESC_06,occupancy,Escritorio_A,0.0
2025-09-19 14:15:00,OCC_ESC_06,occupancy,Escritorio_A,0.0
2025-09-19 14:30:00,OCC_ESC_06,occupancy,Escritorio_A,0.0
2025-09-19 14:45:00,OCC_ESC_06,occupancy,Escritorio_A,1.0
2025-09-19 15:00:00,OCC_ESC_06,occupancy,Escritorio_A,1.0
2025-09-19 15:15:00,OCC_ESC_06,occupancy,Escritorio_A,0.0
2025-09-19 15:30:00,OCC_ESC_06,occupancy,Escritorio_A,1.0
2025-09-19 15:45:00,OCC_ESC_06,occupancy,Escritorio_A,0.0
2025-09-19 16:00:00,OCC_ESC_06,occupancy,Escritorio_A,1.0
2025-09-19 16:15:00,OCC_ESC_06,occupancy,Escritorio_A,0.0
2025-09-19 16:30:00,OCC_ESC_06,occupancy,Escritorio_A,0.0
2025-09-19 16:45:00,OCC_ESC_06,occupancy,Escritorio_A,1.0
2025-09-19 17:00:00,OCC_ESC_06,occupancy,Escritorio_A,1.0
2025-09-19 17:15:00,OCC_ESC_06,occupancy,Escritorio_A,1.0
2025-09-19 17:30:00,OCC_ESC_06,occupancy,Escritorio_A,1.0
2025-09-19 17:45:00,OCC_ESC_06,occupancy,Escritorio_A,0.0
2025-09-19 18:00:00,OCC_ESC_06,occupancy,Escritorio_A,0.0
2025-09-19 18:15:00,OCC_ESC_06,occupancy,Escritorio_A,0.0
2025-09-19 18:30:00,OCC_ESC_06,occupancy,Escritorio_A,0.0
2025-09-19 18:45:00,OCC_ESC_06,occupancy,Escritorio_A,1.0
2025-09-19 19:00:00,OCC_ESC_06,occupancy,Escritorio_A,0.0
2025-09-19 19:15:00,OCC_ESC_06,occupancy,Escritorio_A,0.0
2025-09-19 19:30:00,OCC_ESC_06,occupancy,Escritorio_A,0.0
2025-09-19 19:45:00,OCC_ESC_06,occupancy,Escritorio_A,0.0
2025-09-19 20:00:00,OCC_ESC_06,occupancy,Escritorio_A,0.0
2025-09-19 20:15:00,OCC_ESC_06,occupancy,Escritorio_A,0.0
2025-09-19 20:30:00,OCC_ESC_06,occupancy,Escritorio_A,0.0
2025-09-19 20:45:00,OCC_ESC_06,occupancy,Escritorio_A,0.0
2025-09-19 21:00:00,OCC_ESC_06,occupancy,Escritorio_A,0.0
2025-09-19 21:15:00,OCC_ESC_06,occupancy,Escritorio_A,0.0
2025-09-19 21:30:00,OCC_ESC_06,occupancy,Escritorio_A,0.0
2025-09-19 21:45:00,OCC_ESC_06,occupancy,Escritorio_A,0.0
2025-09-19 22:00:00,OCC_ESC_06,occupancy,Escritorio_A,0.0
2025-09-19 22:15:00,OCC_ESC_06,occupancy,Escritorio_A,0.0
2025-09-19 22:30:00,OCC_ESC_06,occupancy,Escritorio_A,0.0
2025-09-19 22:45:00,OCC_ESC_06,occupancy,Escritorio_A,0.0
2025-09-19 23:00:00,OCC_ESC_06,occupancy,Escritorio_A,1.0
2025-09-19 23:15:00,OCC_ESC_06,occupancy,Escritorio_A,1.0
2025-09-19 23:30:00,OCC_ESC_06,occupancy,Escritorio_A,0.0
2025-09-19 23:45:00,OCC_ESC_06,occupancy,Escritorio_A,0.0
2025-09-20 00:00:00,OCC_ESC_06,occupancy,Escritorio_A,0.0
2025-09-20 00:15:00,OCC_ESC_06,occupancy,Escritorio_A,0.0
2025-09-20 00:30:00,OCC_ESC_06,occupancy,Escritorio_A,0.0
2025-09-20 00:45:00,OCC_ESC_06,occupancy,Escritorio_A,0.0
2025-09-20 01:00:00,OCC_ESC_06,occupancy,Escritorio_A,0.0
2025-09-20 01:15:00,OCC_ESC_06,occupancy,Escritorio_A,0.0
2025-09-20 01:30:00,OCC_ESC_06,occupancy,Escritorio_A,0.0
2025-09-20 01:45:00,OCC_ESC_06,occupancy,Escritorio_A,0.0
2025-09-20 02:00:00,OCC_ESC_06,occupancy,Escritorio_A,0.0
2025-09-20 02:15:00,OCC_ESC_06,occupancy,Escritorio_A,0.0
2025-09-20 02:30:00,OCC_ESC_06,occupancy,Escritorio_A,0.0
2025-09-20 02:45:00,OCC_ESC_06,occupancy,Escritorio_A,0.0
2025-09-20 03:00:00,OCC_ESC_06,occupancy,Escritorio_A,0.0
2025-09-20 03:15:00,OCC_ESC_06,occupancy,Escritorio_A,0.0
2025-09-20 03:30:00,OCC_ESC_06,occupancy,Escritorio_A,0.0
2025-09-20 03:45:00,OCC_ESC_06,occupancy,Escritorio_A,0.0
2025-09-20 04:00:00,OCC_ESC_06,occupancy,Escritorio_A,0.0
2025-09-20 04:15:00,OCC_ESC_06,occupancy,Escritorio_A,0.0
2025-09-20 04:30:00,OCC_ESC_06,occupancy,Escritorio_A,0.0
2025-09-20 04:45:00,OCC_ESC_06,occupancy,Escritorio_A,0.0
2025-09-20 05:00:00,OCC_ESC_06,occupancy,Escritorio_A,0.0
2025-09-20 05:15:00,OCC_ESC_06,occupancy,Escritorio_A,0.0
2025-09-20 05:30:00,OCC_ESC_06,occupancy,Escritorio_A,0.0
2025-09-20 05:45:00,OCC_ESC_06,occupancy,Escritorio_A,0.0
2025-09-20 06:00:00,OCC_ESC_06,occupancy,Escritorio_A,1.0
2025-09-20 06:15:00,OCC_ESC_06,occupancy,Escritorio_A,0.0
2025-09-20 06:30:00,OCC_ESC_06,occupancy,Escritorio_A,0.0
2025-09-20 06:45:00,OCC_ESC_06,occupancy,Escritorio_A,0.0
2025-09-20 07:00:00,OCC_ESC_06,occupancy,Escritorio_A,0.0
2025-09-20 07:15:00,OCC_ESC_06,occupancy,Escritorio_A,0.0
2025-09-20 07:30:00,OCC_ESC_06,occupancy,Escritorio_A,0.0
2025-09-20 07:45:00,OCC_ESC_06,occupancy,Escritorio_A,0.0
2025-09-20 08:00:00,OCC_ESC_06,occupancy,Escritorio_A,0.0
2025-09-20 08:15:00,OCC_ESC_06,occupancy,Escritorio_A,0.0
2025-09-20 08:30:00,OCC_ESC_06,occupancy,Escritorio_A,0.0
2025-09-20 08:45:00,OCC_ESC_06,occupancy,Escritorio_A,0.0
2025-09-20 09:00:00,OCC_ESC_06,occupancy,Escritorio_A,0.0
2025-09-20 09:15:00,OCC_ESC_06,occupancy,Escritorio_A,0.0
2025-09-20 09:30:00,OCC_ESC_06,occupancy,Escritorio_A,0.0
2025-09-20 09:45:00,OCC_ESC_06,occupancy,Escritorio_A,0.0
2025-09-20 10:00:00,OCC_ESC_06,occupancy,Escritorio_A,0.0
2025-09-20 10:15:00,OCC_ESC_06,occupancy,Escritorio_A,0.0
2025-09-20 10:30:00,OCC_ESC_06,occupancy,Escritorio_A,0.0
2025-09-20 10:45:00,OCC_ESC_06,occupancy,Escritorio_A,0.0
2025-09-20 11:00:00,OCC_ESC_06,occupancy,Escritorio_A,0.0
2025-09-20 11:15:00,OCC_ESC_06,occupancy,Escritorio_A,0.0
2025-09-20 11:30:00,OCC_ESC_06,occupancy,Escritorio_A,0.0
2025-09-20 11:45:00,OCC_ESC_06,occupancy,Escritorio_A,0.0
2025-09-20 12:00:00,OCC_ESC_06,occupancy,Escritorio_A,0.0
2025-09-20 12:15:00,OCC_ESC_06,occupancy,Escritorio_A,0.0
2025-09-20 12:30:00,OCC_ESC_06,occupancy,Escritorio_A,0.0
2025-09-20 12:45:00,OCC_ESC_06,occupancy,Escritorio_A,0.0
2025-09-20 13:00:00,OCC_ESC_06,occupancy,Escritorio_A,0.0
2025-09-20 13:15:00,OCC_ESC_06,occupancy,Escritorio_A,0.0
2025-09-20 13:30:00,OCC_ESC_06,occupancy,Escritorio_A,0.0
2025-09-20 13:45:00,OCC_ESC_06,occupancy,Escritorio_A,0.0
2025-09-20 14:00:00,OCC_ESC_06,occupancy,Escritorio_A,0.0
2025-09-20 14:15:00,OCC_ESC_06,occupancy,Escritorio_A,0.0
2025-09-20 14:30:00,OCC_ESC_06,occupancy,Escritorio_A,0.0
2025-09-20 14:45:00,OCC_ESC_06,occupancy,Escritorio_A,0.0
2025-09-20 15:00:00,OCC_ESC_06,occupancy,Escritorio_A,0.0
2025-09-20 15:15:00,OCC_ESC_06,occupancy,Escritorio_A,0.0
2025-09-20 15:30:00,OCC_ESC_06,occupancy,Escritorio_A,0.0
2025-09-20 15:45:00,OCC_ESC_06,occupancy,Escritorio_A,0.0
2025-09-20 16:00:00,OCC_ESC_06,occupancy,Escritorio_A,1.0
2025-09-20 16:15:00,OCC_ESC_06,occupancy,Escritorio_A,0.0
2025-09-20 16:30:00,OCC_ESC_06,occupancy,Escritorio_A,0.0
2025-09-20 16:45:00,OCC_ESC_06,occupancy,Escritorio_A,0.0
2025-09-20 17:00:00,OCC_ESC_06,occupancy,Escritorio_A,0.0
2025-09-20 17:15:00,OCC_ESC_06,occupancy,Escritorio_A,0.0
2025-09-20 17:30:00,OCC_ESC_06,occupancy,Escritorio_A,0.0
2025-09-20 17:45:00,OCC_ESC_06,occupancy,Escritorio_A,1.0
2025-09-20 18:00:00,OCC_ESC_06,occupancy,Escritorio_A,0.0
2025-09-20 18:15:00,OCC_ESC_06,occupancy,Escritorio_A,0.0
2025-09-20 18:30:00,OCC_ESC_06,occupancy,Escritorio_A,0.0
2025-09-20 18:45:00,OCC_ESC_06,occupancy,Escritorio_A,0.0
2025-09-20 19:00:00,OCC_ESC_06,occupancy,Escritorio_A,0.0
2025-09-20 19:15:00,OCC_ESC_06,occupancy,Escritorio_A,0.0
2025-09-20 19:30:00,OCC_ESC_06,occupancy,Escritorio_A,0.0
2025-09-20 19:45:00,OCC_ESC_06,occupancy,Escritorio_A,0.0
2025-09-20 20:00:00,OCC_ESC_06,occupancy,Escritorio_A,0.0
2025-09-20 20:15:00,OCC_ESC_06,occupancy,Escritorio_A,0.0
2025-09-20 20:30:00,OCC_ESC_06,occupancy,Escritorio_A,0.0
2025-09-20 20:45:00,OCC_ESC_06,occupancy,Escritorio_A,0.0
2025-09-20 21:00:00,OCC_ESC_06,occupancy,Escritorio_A,0.0
2025-09-20 21:15:00,OCC_ESC_06,occupancy,Escritorio_A,0.0
2025-09-20 21:30:00,OCC_ESC_06,occupancy,Escritorio_A,0.0
2025-09-20 21:45:00,OCC_ESC_06,occupancy,Escritorio_A,0.0
2025-09-20 22:00:00,OCC_ESC_06,occupancy,Escritorio_A,0.0
2025-09-20 22:15:00,OCC_ESC_06,occupancy,Escritorio_A,0.0
2025-09-20 22:30:00,OCC_ESC_06,occupancy,Escritorio_A,0.0
2025-09-20 22:45:00,OCC_ESC_06,occupancy,Escritorio_A,0.0
2025-09-20 23:00:00,OCC_ESC_06,occupancy,Escritorio_A,0.0
2025-09-20 23:15:00,OCC_ESC_06,occupancy,Escritorio_A,0.0
2025-09-20 23:30:00,OCC_ESC_06,occupancy,Escritorio_A,0.0
2025-09-20 23:45:00,OCC_ESC_06,occupancy,Escritorio_A,0.0
2025-09-21 00:00:00,OCC_ESC_06,occupancy,Escritorio_A,0.0
2025-09-21 00:15:00,OCC_ESC_06,occupancy,Escritorio_A,0.0
2025-09-21 00:30:00,OCC_ESC_06,occupancy,Escritorio_A,0.0
2025-09-21 00:45:00,OCC_ESC_06,occupancy,Escritorio_A,0.0
2025-09-21 01:00:00,OCC_ESC_06,occupancy,Escritorio_A,0.0
2025-09-21 01:15:00,OCC_ESC_06,occupancy,Escritorio_A,0.0
2025-09-21 01:30:00,OCC_ESC_06,occupancy,Escritorio_A,0.0
2025-09-21 01:45:00,OCC_ESC_06,occupancy,Escritorio_A,0.0
2025-09-21 02:00:00,OCC_ESC_06,occupancy,Escritorio_A,0.0
2025-09-21 02:15:00,OCC_ESC_06,occupancy,Escritorio_A,0.0
2025-09-21 02:30:00,OCC_ESC_06,occupancy,Escritorio_A,0.0
2025-09-21 02:45:00,OCC_ESC_06,occupancy,Escritorio_A,0.0
2025-09-21 03:00:00,OCC_ESC_06,occupancy,Escritorio_A,0.0
2025-09-21 03:15:00,OCC_ESC_06,occupancy,Escritorio_A,0.0
2025-09-21 03:30:00,OCC_ESC_06,occupancy,Escritorio_A,0.0
2025-09-21 03:45:00,OCC_ESC_06,occupancy,Escritorio_A,0.0
2025-09-21 04:00:00,OCC_ESC_06,occupancy,Escritorio_A,0.0
2025-09-21 04:15:00,OCC_ESC_06,occupancy,Escritorio_A,0.0
2025-09-21 04:30:00,OCC_ESC_06,occupancy,Escritorio_A,0.0
2025-09-21 04:45:00,OCC_ESC_06,occupancy,Escritorio_A,0.0
2025-09-21 05:00:00,OCC_ESC_06,occupancy,Escritorio_A,1.0
2025-09-21 05:15:00,OCC_ESC_06,occupancy,Escritorio_A,0.0
2025-09-21 05:30:00,OCC_ESC_06,occupancy,Escritorio_A,0.0
2025-09-21 05:45:00,OCC_ESC_06,occupancy,Escritorio_A,0.0
2025-09-21 06:00:00,OCC_ESC_06,occupancy,Escritorio_A,0.0
2025-09-21 06:15:00,OCC_ESC_06,occupancy,Escritorio_A,0.0
2025-09-21 06:30:00,OCC_ESC_06,occupancy,Escritorio_A,0.0
2025-09-21 06:45:00,OCC_ESC_06,occupancy,Escritorio_A,0.0
2025-09-21 07:00:00,OCC_ESC_06,occupancy,Escritorio_A,0.0
2025-09-21 07:15:00,OCC_ESC_06,occupancy,Escritorio_A,0.0
2025-09-21 07:30:00,OCC_ESC_06,occupancy,Escritorio_A,0.0
2025-09-21 07:45:00,OCC_ESC_06,occupancy,Escritorio_A,0.0
2025-09-21 08:00:00,OCC_ESC_06,occupancy,Escritorio_A,0.0
2025-09-21 08:15:00,OCC_ESC_06,occupancy,Escritorio_A,0.0
2025-09-21 08:30:00,OCC_ESC_06,occupancy,Escritorio_A,0.0
2025-09-21 08:45:00,OCC_ESC_06,occupancy,Escritorio_A,0.0
2025-09-21 09:00:00,OCC_ESC_06,occupancy,Escritorio_A,0.0
2025-09-21 09:15:00,OCC_ESC_06,occupancy,Escritorio_A,0.0
2025-09-21 09:30:00,OCC_ESC_06,occupancy,Escritorio_A,0.0
2025-09-21 09:45:00,OCC_ESC_06,occupancy,Escritorio_A,0.0
2025-09-21 10:00:00,OCC_ESC_06,occupancy,Escritorio_A,0.0
2025-09-21 10:15:00,OCC_ESC_06,occupancy,Escritorio_A,0.0
2025-09-21 10:30:00,OCC_ESC_06,occupancy,Escritorio_A,0.0
2025-09-21 10:45:00,OCC_ESC_06,occupancy,Escritorio_A,0.0
2025-09-21 11:00:00,OCC_ESC_06,occupancy,Escritorio_A,0.0
2025-09-21 11:15:00,OCC_ESC_06,occupancy,Escritorio_A,0.0
2025-09-21 11:30:00,OCC_ESC_06,occupancy,Escritorio_A,0.0
2025-09-21 11:45:00,OCC_ESC_06,occupancy,Escritorio_A,0.0
2025-09-21 12:00:00,OCC_ESC_06,occupancy,Escritorio_A,0.0
2025-09-21 12:15:00,OCC_ESC_06,occupancy,Escritorio_A,0.0
2025-09-21 12:30:00,OCC_ESC_06,occupancy,Escritorio_A,0.0
2025-09-21 12:45:00,OCC_ESC_06,occupancy,Escritorio_A,0.0
2025-09-21 13:00:00,OCC_ESC_06,occupancy,Escritorio_A,0.0
2025-09-21 13:15:00,OCC_ESC_06,occupancy,Escritorio_A,0.0
2025-09-21 13:30:00,OCC_ESC_06,occupancy,Escritorio_A,0.0
2025-09-21 13:45:00,OCC_ESC_06,occupancy,Escritorio_A,0.0
2025-09-21 14:00:00,OCC_ESC_06,occupancy,Escritorio_A,0.0
2025-09-21 14:15:00,OCC_ESC_06,occupancy,Escritorio_A,0.0
2025-09-21 14:30:00,OCC_ESC_06,occupancy,Escritorio_A,0.0
2025-09-21 14:45:00,OCC_ESC_06,occupancy,Escritorio_A,0.0
2025-09-21 15:00:00,OCC_ESC_06,occupancy,Escritorio_A,0.0
2025-09-21 15:15:00,OCC_ESC_06,occupancy,Escritorio_A,0.0
2025-09-21 15:30:00,OCC_ESC_06,occupancy,Escritorio_A,0.0
2025-09-21 15:45:00,OCC_ESC_06,occupancy,Escritorio_A,1.0
2025-09-21 16:00:00,OCC_ESC_06,occupancy,Escritorio_A,0.0
2025-09-21 16:15:00,OCC_ESC_06,occupancy,Escritorio_A,0.0
2025-09-21 16:30:00,OCC_ESC_06,occupancy,Escritorio_A,0.0
2025-09-21 16:45:00,OCC_ESC_06,occupancy,Escritorio_A,0.0
2025-09-21 17:00:00,OCC_ESC_06,occupancy,Escritorio_A,0.0
2025-09-21 17:15:00,OCC_ESC_06,occupancy,Escritorio_A,0.0
2025-09-21 17:30:00,OCC_ESC_06,occupancy,Escritorio_A,0.0
2025-09-21 17:45:00,OCC_ESC_06,occupancy,Escritorio_A,0.0
2025-09-21 18:00:00,OCC_ESC_06,occupancy,Escritorio_A,0.0
2025-09-21 18:15:00,OCC_ESC_06,occupancy,Escritorio_A,0.0
2025-09-21 18:30:00,OCC_ESC_06,occupancy,Escritorio_A,0.0
2025-09-21 18:45:00,OCC_ESC_06,occupancy,Escritorio_A,0.0
2025-09-21 19:00:00,OCC_ESC_06,occupancy,Escritorio_A,0.0
2025-09-21 19:15:00,OCC_ESC_06,occupancy,Escritorio_A,0.0
2025-09-21 19:30:00,OCC_ESC_06,occupancy,Escritorio_A,0.0
2025-09-21 19:45:00,OCC_ESC_06,occupancy,Escritorio_A,0.0
2025-09-21 20:00:00,OCC_ESC_06,occupancy,Escritorio_A,0.0
2025-09-21 20:15:00,OCC_ESC_06,occupancy,Escritorio_A,0.0
2025-09-21 20:30:00,OCC_ESC_06,occupancy,Escritorio_A,0.0
2025-09-21 20:45:00,OCC_ESC_06,occupancy,Escritorio_A,0.0
2025-09-21 21:00:00,OCC_ESC_06,occupancy,Escritorio_A,0.0
2025-09-21 21:15:00,OCC_ESC_06,occupancy,Escritorio_A,0.0
2025-09-21 21:30:00,OCC_ESC_06,occupancy,Escritorio_A,0.0
2025-09-21 21:45:00,OCC_ESC_06,occupancy,Escritorio_A,0.0
2025-09-21 22:00:00,OCC_ESC_06,occupancy,Escritorio_A,0.0
2025-09-21 22:15:00,OCC_ESC_06,occupancy,Escritorio_A,0.0
2025-09-21 22:30:00,OCC_ESC_06,occupancy,Escritorio_A,0.0
2025-09-21 22:45:00,OCC_ESC_06,occupancy,Escritorio_A,0.0
2025-09-21 23:00:00,OCC_ESC_06,occupancy,Escritorio_A,0.0
2025-09-21 23:15:00,OCC_ESC_06,occupancy,Escritorio_A,0.0
2025-09-21 23:30:00,OCC_ESC_06,occupancy,Escritorio_A,0.0
2025-09-21 23:45:00,OCC_ESC_06,occupancy,Escritorio_A,0.0
2025-09-15 00:00:00,TEM_ESC_07,temperature,Escritorio_B,19.1
2025-09-15 00:15:00,TEM_ESC_07,temperature,Escritorio_B,20.2
2025-09-15 00:30:00,TEM_ESC_07,temperature,Escritorio_B,20.74
2025-09-15 00:45:00,TEM_ESC_07,temperature,Escritorio_B,19.99
2025-09-15 01:00:00,TEM_ESC_07,temperature,Escritorio_B,20.0
2025-09-15 01:15:00,TEM_ESC_07,temperature,Escritorio_B,20.01
2025-09-15 01:30:00,TEM_ESC_07,temperature,Escritorio_B,20.01
2025-09-15 01:45:00,TEM_ESC_07,temperature,Escritorio_B,21.16
2025-09-15 02:00:00,TEM_ESC_07,temperature,Escritorio_B,20.56
2025-09-15 02:15:00,TEM_ESC_07,temperature,Escritorio_B,21.13
2025-09-15 02:30:00,TEM_ESC_07,temperature,Escritorio_B,21.68
2025-09-15 02:45:00,TEM_ESC_07,temperature,Escritorio_B,21.31
2025-09-15 03:00:00,TEM_ESC_07,temperature,Escritorio_B,21.29
2025-09-15 03:15:00,TEM_ESC_07,temperature,Escritorio_B,21.13
2025-09-15 03:30:00,TEM_ESC_07,temperature,Escritorio_B,21.98
2025-09-15 03:45:00,TEM_ESC_07,temperature,Escritorio_B,21.65
2025-09-15 04:00:00,TEM_ESC_07,temperature,Escritorio_B,22.04
2025-09-15 04:15:00,TEM_ESC_07,temperature,Escritorio_B,22.22
2025-09-15 04:30:00,TEM_ESC_07,temperature,Escritorio_B,22.84
2025-09-15 04:45:00,TEM_ESC_07,temperature,Escritorio_B,22.33
2025-09-15 05:00:00,TEM_ESC_07,temperature,Escritorio_B,22.13
2025-09-15 05:15:00,TEM_ESC_07,temperature,Escritorio_B,22.61
2025-09-15 05:30:00,TEM_ESC_07,temperature,Escritorio_B,22.44
2025-09-15 05:45:00,TEM_ESC_07,temperature,Escritorio_B,23.22
2025-09-15 06:00:00,TEM_ESC_07,temperature,Escritorio_B,23.22
2025-09-15 06:15:00,TEM_ESC_07,temperature,Escritorio_B,23.61
2025-09-15 06:30:00,TEM_ESC_07,temperature,Escritorio_B,23.42
2025-09-15 06:45:00,TEM_ESC_07,temperature,Escritorio_B,23.72
2025-09-15 07:00:00,TEM_ESC_07,temperature,Escritorio_B,24.31
2025-09-15 07:15:00,TEM_ESC_07,temperature,Escritorio_B,23.87
2025-09-15 07:30:00,TEM_ESC_07,temperature,Escritorio_B,24.2
2025-09-15 07:45:00,TEM_ESC_07,temperature,Escritorio_B,24.19
2025-09-15 08:00:00,TEM_ESC_07,temperature,Escritorio_B,23.94
2025-09-15 08:15:00,TEM_ESC_07,temperature,Escritorio_B,23.99
2025-09-15 08:30:00,TEM_ESC_07,temperature,Escritorio_B,24.87
2025-09-15 08:45:00,TEM_ESC_07,temperature,Escritorio_B,24.94
2025-09-15 09:00:00,TEM_ESC_07,temperature,Escritorio_B,24.53
2025-09-15 09:15:00,TEM_ESC_07,temperature,Escritorio_B,24.63
2025-09-15 09:30:00,TEM_ESC_07,temperature,Escritorio_B,24.74
2025-09-15 09:45:00,TEM_ESC_07,temperature,Escritorio_B,24.15
2025-09-15 10:00:00,TEM_ESC_07,temperature,Escritorio_B,24.31
2025-09-15 10:15:00,TEM_ESC_07,temperature,Escritorio_B,24.55
2025-09-15 10:30:00,TEM_ESC_07,temperature,Escritorio_B,24.75
2025-09-15 10:45:00,TEM_ESC_07,temperature,Escritorio_B,24.35
2025-09-15 11:00:00,TEM_ESC_07,temperature,Escritorio_B,23.98
2025-09-15 11:15:00,TEM_ESC_07,temperature,Escritorio_B,24.79
2025-09-15 11:30:00,TEM_ESC_07,temperature,Escritorio_B,24.81
2025-09-15 11:45:00,TEM_ESC_07,temperature,Escritorio_B,24.07
2025-09-15 12:00:00,TEM_ESC_07,temperature,Escritorio_B,24.12
2025-09-15 12:15:00,TEM_ESC_07,temperature,Escritorio_B,23.94
2025-09-15 12:30:00,TEM_ESC_07,temperature,Escritorio_B,24.11
2025-09-15 12:45:00,TEM_ESC_07,temperature,Escritorio_B,24.01
2025-09-15 13:00:00,TEM_ESC_07,temperature,Escritorio_B,23.67
2025-09-15 13:15:00,TEM_ESC_07,temperature,Escritorio_B,23.37
2025-09-15 13:30:00,TEM_ESC_07,temperature,Escritorio_B,23.16
2025-09-15 13:45:00,TEM_ESC_07,temperature,Escritorio_B,23.37
2025-09-15 14:00:00,TEM_ESC_07,temperature,Escritorio_B,23.07
2025-09-15 14:15:00,TEM_ESC_07,temperature,Escritorio_B,23.03
2025-09-15 14:30:00,TEM_ESC_07,temperature,Escritorio_B,22.74
2025-09-15 14:45:00,TEM_ESC_07,temperature,Escritorio_B,22.24
2025-09-15 15:00:00,TEM_ESC_07,temperature,Escritorio_B,22.82
2025-09-15 15:15:00,TEM_ESC_07,temperature,Escritorio_B,22.2
2025-09-15 15:30:00,TEM_ESC_07,temperature,Escritorio_B,22.41
2025-09-15 15:45:00,TEM_ESC_07,temperature,Escritorio_B,22.65
2025-09-15 16:00:00,TEM_ESC_07,temperature,Escritorio_B,21.92
2025-09-15 16:15:00,TEM_ESC_07,temperature,Escritorio_B,21.77
2025-09-15 16:30:00,TEM_ESC_07,temperature,Escritorio_B,21.38
2025-09-15 16:45:00,TEM_ESC_07,temperature,Escritorio_B,21.45
2025-09-15 17:00:00,TEM_ESC_07,temperature,Escritorio_B,20.98
2025-09-15 17:15:00,TEM_ESC_07,temperature,Escritorio_B,21.23
2025-09-15 17:30:00,TEM_ESC_07,temperature,Escritorio_B,21.15
2025-09-15 17:45:00,TEM_ESC_07,temperature,Escritorio_B,20.93
2025-09-15 18:00:00,TEM_ESC_07,temperature,Escritorio_B,21.07
2025-09-15 18:15:00,TEM_ESC_07,temperature,Escritorio_B,20.69
2025-09-15 18:30:00,TEM_ESC_07,temperature,Escritorio_B,20.14
2025-09-15 18:45:00,TEM_ESC_07,temperature,Escritorio_B,20.07
2025-09-15 19:00:00,TEM_ESC_07,temperature,Escritorio_B,20.62
2025-09-15 19:15:00,TEM_ESC_07,temperature,Escritorio_B,20.12
2025-09-15 19:30:00,TEM_ESC_07,temperature,Escritorio_B,19.93
2025-09-15 19:45:00,TEM_ESC_07,temperature,Escritorio_B,19.42
2025-09-15 20:00:00,TEM_ESC_07,temperature,Escritorio_B,19.88
2025-09-15 20:15:00,TEM_ESC_07,temperature,Escritorio_B,19.84
2025-09-15 20:30:00,TEM_ESC_07,temperature,Escritorio_B,20.05
2025-09-15 20:45:00,TEM_ESC_07,temperature,Escritorio_B,20.09
2025-09-15 21:00:00,TEM_ESC_07,temperature,Escritorio_B,19.91
2025-09-15 21:15:00,TEM_ESC_07,temperature,Escritorio_B,19.44
2025-09-15 21:30:00,TEM_ESC_07,temperature,Escritorio_B,19.53
2025-09-15 21:45:00,TEM_ESC_07,temperature,Escritorio_B,19.76
2025-09-15 22:00:00,TEM_ESC_07,temperature,Escritorio_B,19.52
2025-09-15 22:15:00,TEM_ESC_07,temperature,Escritorio_B,19.92
2025-09-15 22:30:00,TEM_ESC_07,temperature,Escritorio_B,19.35
2025-09-15 22:45:00,TEM_ESC_07,temperature,Escritorio_B,19.7
2025-09-15 23:00:00,TEM_ESC_07,temperature,Escritorio_B,19.69
2025-09-15 23:15:00,TEM_ESC_07,temperature,Escritorio_B,19.05
2025-09-15 23:30:00,TEM_ESC_07,temperature,Escritorio_B,19.59
2025-09-15 23:45:00,TEM_ESC_07,temperature,Escritorio_B,19.94
2025-09-16 00:00:00,TEM_ESC_07,temperature,Escritorio_B,19.83
2025-09-16 00:15:00,TEM_ESC_07,temperature,Escritorio_B,19.47
2025-09-16 00:30:00,TEM_ESC_07,temperature,Escritorio_B,19.72
2025-09-16 00:45:00,TEM_ESC_07,temperature,Escritorio_B,19.72
2025-09-16 01:00:00,TEM_ESC_07,temperature,Escritorio_B,20.25
2025-09-16 01:15:00,TEM_ESC_07,temperature,Escritorio_B,20.05
2025-09-16 01:30:00,TEM_ESC_07,temperature,Escritorio_B,21.0
2025-09-16 01:45:00,TEM_ESC_07,temperature,Escritorio_B,20.46
2025-09-16 02:00:00,TEM_ESC_07,temperature,Escritorio_B,21.05
2025-09-16 02:15:00,TEM_ESC_07,temperature,Escritorio_B,20.63
2025-09-16 02:30:00,TEM_ESC_07,temperature,Escritorio_B,20.61
2025-09-16 02:45:00,TEM_ESC_07,temperature,Escritorio_B,20.9
2025-09-16 03:00:00,TEM_ESC_07,temperature,Escritorio_B,21.1
2025-09-16 03:15:00,TEM_ESC_07,temperature,Escritorio_B,21.68
2025-09-16 03:30:00,TEM_ESC_07,temperature,Escritorio_B,22.1
2025-09-16 03:45:00,TEM_ESC_07,temperature,Escritorio_B,21.65
2025-09-16 04:00:00,TEM_ESC_07,temperature,Escritorio_B,21.73
2025-09-16 04:15:00,TEM_ESC_07,temperature,Escritorio_B,22.44
2025-09-16 04:30:00,TEM_ESC_07,temperature,Escritorio_B,22.39
2025-09-16 04:45:00,TEM_ESC_07,temperature,Escritorio_B,22.8
2025-09-16 05:00:00,TEM_ESC_07,temperature,Escritorio_B,22.52
2025-09-16 05:15:00,TEM_ESC_07,temperature,Escritorio_B,22.6
2025-09-16 05:30:00,TEM_ESC_07,temperature,Escritorio_B,22.85
2025-09-16 05:45:00,TEM_ESC_07,temperature,Escritorio_B,23.13
2025-09-16 06:00:00,TEM_ESC_07,temperature,Escritorio_B,23.62
2025-09-16 06:15:00,TEM_ESC_07,temperature,Escritorio_B,23.37
2025-09-16 06:30:00,TEM_ESC_07,temperature,Escritorio_B,23.67
2025-09-16 06:45:00,TEM_ESC_07,temperature,Escritorio_B,23.62
2025-09-16 07:00:00,TEM_ESC_07,temperature,Escritorio_B,23.78
2025-09-16 07:15:00,TEM_ESC_07,temperature,Escritorio_B,23.8
2025-09-16 07:30:00,TEM_ESC_07,temperature,Escritorio_B,24.35
2025-09-16 07:45:00,TEM_ESC_07,temperature,Escritorio_B,24.44
2025-09-16 08:00:00,TEM_ESC_07,temperature,Escritorio_B,24.67
2025-09-16 08:15:00,TEM_ESC_07,temperature,Escritorio_B,24.62
2025-09-16 08:30:00,TEM_ESC_07,temperature,Escritorio_B,24.78
2025-09-16 08:45:00,TEM_ESC_07,temperature,Escritorio_B,24.53
2025-09-16 09:00:00,TEM_ESC_07,temperature,Escritorio_B,24.05
2025-09-16 09:15:00,TEM_ESC_07,temperature,Escritorio_B,24.66
2025-09-16 09:30:00,TEM_ESC_07,temperature,Escritorio_B,24.89
2025-09-16 09:45:00,TEM_ESC_07,temperature,Escritorio_B,24.26
2025-09-16 10:00:00,TEM_ESC_07,temperature,Escritorio_B,24.34
2025-09-16 10:15:00,TEM_ESC_07,temperature,Escritorio_B,24.66
2025-09-16 10:30:00,TEM_ESC_07,temperature,Escritorio_B,24.31
2025-09-16 10:45:00,TEM_ESC_07,temperature,Escritorio_B,24.46
2025-09-16 11:00:00,TEM_ESC_07,temperature,Escritorio_B,24.48
2025-09-16 11:15:00,TEM_ESC_07,temperature,Escritorio_B,24.41
2025-09-16 11:30:00,TEM_ESC_07,temperature,Escritorio_B,23.65
2025-09-16 11:45:00,TEM_ESC_07,temperature,Escritorio_B,24.54
2025-09-16 12:00:00,TEM_ESC_07,temperature,Escritorio_B,23.94
2025-09-16 12:15:00,TEM_ESC_07,temperature,Escritorio_B,23.83
2025-09-16 12:30:00,TEM_ESC_07,temperature,Escritorio_B,24.45
2025-09-16 12:45:00,TEM_ESC_07,temperature,Escritorio_B,23.77
2025-09-16 13:00:00,TEM_ESC_07,temperature,Escritorio_B,23.82
2025-09-16 13:15:00,TEM_ESC_07,temperature,Escritorio_B,23.63
2025-09-16 13:30:00,TEM_ESC_07,temperature,Escritorio_B,23.63
2025-09-16 13:45:00,TEM_ESC_07,temperature,Escritorio_B,23.59
2025-09-16 14:00:00,TEM_ESC_07,temperature,Escritorio_B,23.43
2025-09-16 14:15:00,TEM_ESC_07,temperature,Escritorio_B,22.7
2025-09-16 14:30:00,TEM_ESC_07,temperature,Escritorio_B,23.05
2025-09-16 14:45:00,TEM_ESC_07,temperature,Escritorio_B,22.51
2025-09-16 15:00:00,TEM_ESC_07,temperature,Escritorio_B,22.45
2025-09-16 15:15:00,TEM_ESC_07,temperature,Escritorio_B,22.88
2025-09-16 15:30:00,TEM_ESC_07,temperature,Escritorio_B,22.46
2025-09-16 15:45:00,TEM_ESC_07,temperature,Escritorio_B,21.76
2025-09-16 16:00:00,TEM_ESC_07,temperature,Escritorio_B,22.2
2025-09-16 16:15:00,TEM_ESC_07,temperature,Escritorio_B,22.01
2025-09-16 16:30:00,TEM_ESC_07,temperature,Escritorio_B,21.29
2025-09-16 16:45:00,TEM_ESC_07,temperature,Escritorio_B,21.45
2025-09-16 17:00:00,TEM_ESC_07,temperature,Escritorio_B,21.47
2025-09-16 17:15:00,TEM_ESC_07,temperature,Escritorio_B,21.43
2025-09-16 17:30:00,TEM_ESC_07,temperature,Escritorio_B,20.84
2025-09-16 17:45:00,TEM_ESC_07,temperature,Escritorio_B,21.24
2025-09-16 18:00:00,TEM_ESC_07,temperature,Escritorio_B,20.63
2025-09-16 18:15:00,TEM_ESC_07,temperature,Escritorio_B,20.48
2025-09-16 18:30:00,TEM_ESC_07,temperature,Escritorio_B,20.71
2025-09-16 18:45:00,TEM_ESC_07,temperature,Escritorio_B,20.19
2025-09-16 19:00:00,TEM_ESC_07,temperature,Escritorio_B,20.29
2025-09-16 19:15:00,TEM_ESC_07,temperature,Escritorio_B,19.86
2025-09-16 19:30:00,TEM_ESC_07,temperature,Escritorio_B,20.07
2025-09-16 19:45:00,TEM_ESC_07,temperature,Escritorio_B,19.89
2025-09-16 20:00:00,TEM_ESC_07,temperature,Escritorio_B,19.75
2025-09-16 20:15:00,TEM_ESC_07,temperature,Escritorio_B,19.78
2025-09-16 20:30:00,TEM_ESC_07,temperature,Escritorio_B,19.56
2025-09-16 20:45:00,TEM_ESC_07,temperature,Escritorio_B,19.61
2025-09-16 21:00:00,TEM_ESC_07,temperature,Escritorio_B,19.65
2025-09-16 21:15:00,TEM_ESC_07,temperature,Escritorio_B,19.62
2025-09-16 21:30:00,TEM_ESC_07,temperature,Escritorio_B,19.76
2025-09-16 21:45:00,TEM_ESC_07,temperature,Escritorio_B,19.82
2025-09-16 22:00:00,TEM_ESC_07,temperature,Escritorio_B,19.39
2025-09-16 22:15:00,TEM_ESC_07,temperature,Escritorio_B,19.67
2025-09-16 22:30:00,TEM_ESC_07,temperature,Escritorio_B,19.34
2025-09-16 22:45:00,TEM_ESC_07,temperature,Escritorio_B,19.72
2025-09-16 23:00:00,TEM_ESC_07,temperature,Escritorio_B,19.92
2025-09-16 23:15:00,TEM_ESC_07,temperature,Escritorio_B,19.7
2025-09-16 23:30:00,TEM_ESC_07,temperature,Escritorio_B,19.64
2025-09-16 23:45:00,TEM_ESC_07,temperature,Escritorio_B,19.26
2025-09-17 00:00:00,TEM_ESC_07,temperature,Escritorio_B,20.31
2025-09-17 00:15:00,TEM_ESC_07,temperature,Escritorio_B,19.34
2025-09-17 00:30:00,TEM_ESC_07,temperature,Escritorio_B,20.01
2025-09-17 00:45:00,TEM_ESC_07,temperature,Escritorio_B,20.01
2025-09-17 01:00:00,TEM_ESC_07,temperature,Escritorio_B,20.58
2025-09-17 01:15:00,TEM_ESC_07,temperature,Escritorio_B,20.2
2025-09-17 01:30:00,TEM_ESC_07,temperature,Escritorio_B,20.9
2025-09-17 01:45:00,TEM_ESC_07,temperature,Escritorio_B,20.66
2025-09-17 02:00:00,TEM_ESC_07,temperature,Escritorio_B,20.12
2025-09-17 02:15:00,TEM_ESC_07,temperature,Escritorio_B,20.74
2025-09-17 02:30:00,TEM_ESC_07,temperature,Escritorio_B,20.87
2025-09-17 02:45:00,TEM_ESC_07,temperature,Escritorio_B,21.68
2025-09-17 03:00:00,TEM_ESC_07,temperature,Escritorio_B,21.38
2025-09-17 03:15:00,TEM_ESC_07,temperature,Escritorio_B,21.5
2025-09-17 03:30:00,TEM_ESC_07,temperature,Escritorio_B,21.75
2025-09-17 03:45:00,TEM_ESC_07,temperature,Escritorio_B,21.85
2025-09-17 04:00:00,TEM_ESC_07,temperature,Escritorio_B,21.62
2025-09-17 04:15:00,TEM_ESC_07,temperature,Escritorio_B,22.19
2025-09-17 04:30:00,TEM_ESC_07,temperature,Escritorio_B,22.05
2025-09-17 04:45:00,TEM_ESC_07,temperature,Escritorio_B,22.38
2025-09-17 05:00:00,TEM_ESC_07,temperature,Escritorio_B,22.88
2025-09-17 05:15:00,TEM_ESC_07,temperature,Escritorio_B,22.66
2025-09-17 05:30:00,TEM_ESC_07,temperature,Escritorio_B,23.15
2025-09-17 05:45:00,TEM_ESC_07,temperature,Escritorio_B,22.89
2025-09-17 06:00:00,TEM_ESC_07,temperature,Escritorio_B,23.21
2025-09-17 06:15:00,TEM_ESC_07,temperature,Escritorio_B,23.28
2025-09-17 06:30:00,TEM_ESC_07,temperature,Escritorio_B,23.21
2025-09-17 06:45:00,TEM_ESC_07,temperature,Escritorio_B,23.73
2025-09-17 07:00:00,TEM_ESC_07,temperature,Escritorio_B,23.76
2025-09-17 07:15:00,TEM_ESC_07,temperature,Escritorio_B,23.89
2025-09-17 07:30:00,TEM_ESC_07,temperature,Escritorio_B,23.99
2025-09-17 07:45:00,TEM_ESC_07,temperature,Escritorio_B,23.66
2025-09-17 08:00:00,TEM_ESC_07,temperature,Escritorio_B,24.15
2025-09-17 08:15:00,TEM_ESC_07,temperature,Escritorio_B,24.65
2025-09-17 08:30:00,TEM_ESC_07,temperature,Escritorio_B,24.29
2025-09-17 08:45:00,TEM_ESC_07,temperature,Escritorio_B,24.12
2025-09-17 09:00:00,TEM_ESC_07,temperature,Escritorio_B,24.03
2025-09-17 09:15:00,TEM_ESC_07,temperature,Escritorio_B,24.04
2025-09-17 09:30:00,TEM_ESC_07,temperature,Escritorio_B,24.56
2025-09-17 09:45:00,TEM_ESC_07,temperature,Escritorio_B,25.23
2025-09-17 10:00:00,TEM_ESC_07,temperature,Escritorio_B,24.09
2025-09-17 10:15:00,TEM_ESC_07,temperature,Escritorio_B,24.09
2025-09-17 10:30:00,TEM_ESC_07,temperature,Escritorio_B,24.31
2025-09-17 10:45:00,TEM_ESC_07,temperature,Escritorio_B,24.39
2025-09-17 11:00:00,TEM_ESC_07,temperature,Escritorio_B,24.3
2025-09-17 11:15:00,TEM_ESC_07,temperature,Escritorio_B,24.37
2025-09-17 11:30:00,TEM_ESC_07,temperature,Escritorio_B,24.56
2025-09-17 11:45:00,TEM_ESC_07,temperature,Escritorio_B,24.45
2025-09-17 12:00:00,TEM_ESC_07,temperature,Escritorio_B,24.36
2025-09-17 12:15:00,TEM_ESC_07,temperature,Escritorio_B,24.58
2025-09-17 12:30:00,TEM_ESC_07,temperature,Escritorio_B,24.03
2025-09-17 12:45:00,TEM_ESC_07,temperature,Escritorio_B,23.59
2025-09-17 13:00:00,TEM_ESC_07,temperature,Escritorio_B,23.54
2025-09-17 13:15:00,TEM_ESC_07,temperature,Escritorio_B,24.12
2025-09-17 13:30:00,TEM_ESC_07,temperature,Escritorio_B,23.49
2025-09-17 13:45:00,TEM_ESC_07,temperature,Escritorio_B,23.76
2025-09-17 14:00:00,TEM_ESC_07,temperature,Escritorio_B,23.32
2025-09-17 14:15:00,TEM_ESC_07,temperature,Escritorio_B,22.65
2025-09-17 14:30:00,TEM_ESC_07,temperature,Escritorio_B,23.16
2025-09-17 14:45:00,TEM_ESC_07,temperature,Escritorio_B,23.29
2025-09-17 15:00:00,TEM_ESC_07,temperature,Escritorio_B,22.3
2025-09-17 15:15:00,TEM_ESC_07,temperature,Escritorio_B,22.47
2025-09-17 15:30:00,TEM_ESC_07,temperature,Escritorio_B,22.46
2025-09-17 15:45:00,TEM_ESC_07,temperature,Escritorio_B,22.01
2025-09-17 16:00:00,TEM_ESC_07,temperature,Escritorio_B,21.97
2025-09-17 16:15:00,TEM_ESC_07,temperature,Escritorio_B,21.98
2025-09-17 16:30:00,TEM_ESC_07,temperature,Escritorio_B,21.49
2025-09-17 16:45:00,TEM_ESC_07,temperature,Escritorio_B,21.37
2025-09-17 17:00:00,TEM_ESC_07,temperature,Escritorio_B,21.53
2025-09-17 17:15:00,TEM_ESC_07,temperature,Escritorio_B,21.03
2025-09-17 17:30:00,TEM_ESC_07,temperature,Escritorio_B,20.65
2025-09-17 17:45:00,TEM_ESC_07,temperature,Escritorio_B,21.33
2025-09-17 18:00:00,TEM_ESC_07,temperature,Escritorio_B,20.38
2025-09-17 18:15:00,TEM_ESC_07,temperature,Escritorio_B,20.5
2025-09-17 18:30:00,TEM_ESC_07,temperature,Escritorio_B,20.34
2025-09-17 18:45:00,TEM_ESC_07,temperature,Escritorio_B,20.18
2025-09-17 19:00:00,TEM_ESC_07,temperature,Escritorio_B,20.59
2025-09-17 19:15:00,TEM_ESC_07,temperature,Escritorio_B,20.36
2025-09-17 19:30:00,TEM_ESC_07,temperature,Escritorio_B,20.24
2025-09-17 19:45:00,TEM_ESC_07,temperature,Escritorio_B,19.7
2025-09-17 20:00:00,TEM_ESC_07,temperature,Escritorio_B,19.96
2025-09-17 20:15:00,TEM_ESC_07,temperature,Escritorio_B,19.66
2025-09-17 20:30:00,TEM_ESC_07,temperature,Escritorio_B,19.21
2025-09-17 20:45:00,TEM_ESC_07,temperature,Escritorio_B,19.51
2025-09-17 21:00:00,TEM_ESC_07,temperature,Escritorio_B,19.5
2025-09-17 21:15:00,TEM_ESC_07,temperature,Escritorio_B,19.14
2025-09-17 21:30:00,TEM_ESC_07,temperature,Escritorio_B,19.36
2025-09-17 21:45:00,TEM_ESC_07,temperature,Escritorio_B,19.67
2025-09-17 22:00:00,TEM_ESC_07,temperature,Escritorio_B,19.7
2025-09-17 22:15:00,TEM_ESC_07,temperature,Escritorio_B,19.53
2025-09-17 22:30:00,TEM_ESC_07,temperature,Escritorio_B,20.1
2025-09-17 22:45:00,TEM_ESC_07,temperature,Escritorio_B,19.71
2025-09-17 23:00:00,TEM_ESC_07,temperature,Escritorio_B,19.75
2025-09-17 23:15:00,TEM_ESC_07,temperature,Escritorio_B,19.52
2025-09-17 23:30:00,TEM_ESC_07,temperature,Escritorio_B,19.16
2025-09-17 23:45:00,TEM_ESC_07,temperature,Escritorio_B,20.36
2025-09-18 00:00:00,TEM_ESC_07,temperature,Escritorio_B,19.92
2025-09-18 00:15:00,TEM_ESC_07,temperature,Escritorio_B,19.55
2025-09-18 00:30:00,TEM_ESC_07,temperature,Escritorio_B,20.72
2025-09-18 00:45:00,TEM_ESC_07,temperature,Escritorio_B,20.68
2025-09-18 01:00:00,TEM_ESC_07,temperature,Escritorio_B,20.39
2025-09-18 01:15:00,TEM_ESC_07,temperature,Escritorio_B,19.92
2025-09-18 01:30:00,TEM_ESC_07,temperature,Escritorio_B,20.63
2025-09-18 01:45:00,TEM_ESC_07,temperature,Escritorio_B,20.19
2025-09-18 02:00:00,TEM_ESC_07,temperature,Escritorio_B,20.33
2025-09-18 02:15:00,TEM_ESC_07,temperature,Escritorio_B,20.94
2025-09-18 02:30:00,TEM_ESC_07,temperature,Escritorio_B,21.36
2025-09-18 02:45:00,TEM_ESC_07,temperature,Escritorio_B,21.01
2025-09-18 03:00:00,TEM_ESC_07,temperature,Escritorio_B,21.51
2025-09-18 03:15:00,TEM_ESC_07,temperature,Escritorio_B,21.44
2025-09-18 03:30:00,TEM_ESC_07,temperature,Escritorio_B,21.4
2025-09-18 03:45:00,TEM_ESC_07,temperature,Escritorio_B,21.85
2025-09-18 04:00:00,TEM_ESC_07,temperature,Escritorio_B,22.19
2025-09-18 04:15:00,TEM_ESC_07,temperature,Escritorio_B,22.78
2025-09-18 04:30:00,TEM_ESC_07,temperature,Escritorio_B,22.41
2025-09-18 04:45:00,TEM_ESC_07,temperature,Escritorio_B,22.54
2025-09-18 05:00:00,TEM_ESC_07,temperature,Escritorio_B,23.13
2025-09-18 05:15:00,TEM_ESC_07,temperature,Escritorio_B,22.89
2025-09-18 05:30:00,TEM_ESC_07,temperature,Escritorio_B,23.63
2025-09-18 05:45:00,TEM_ESC_07,temperature,Escritorio_B,23.69
2025-09-18 06:00:00,TEM_ESC_07,temperature,Escritorio_B,23.45
2025-09-18 06:15:00,TEM_ESC_07,temperature,Escritorio_B,23.12
2025-09-18 06:30:00,TEM_ESC_07,temperature,Escritorio_B,23.35
2025-09-18 06:45:00,TEM_ESC_07,temperature,Escritorio_B,23.77
2025-09-18 07:00:00,TEM_ESC_07,temperature,Escritorio_B,23.92
2025-09-18 07:15:00,TEM_ESC_07,temperature,Escritorio_B,23.98
2025-09-18 07:30:00,TEM_ESC_07,temperature,Escritorio_B,24.14
2025-09-18 07:45:00,TEM_ESC_07,temperature,Escritorio_B,23.66
2025-09-18 08:00:00,TEM_ESC_07,temperature,Escritorio_B,23.81
2025-09-18 08:15:00,TEM_ESC_07,temperature,Escritorio_B,24.11
2025-09-18 08:30:00,TEM_ESC_07,temperature,Escritorio_B,24.63
2025-09-18 08:45:00,TEM_ESC_07,temperature,Escritorio_B,24.03
2025-09-18 09:00:00,TEM_ESC_07,temperature,Escritorio_B,24.25
2025-09-18 09:15:00,TEM_ESC_07,temperature,Escritorio_B,24.57
2025-09-18 09:30:00,TEM_ESC_07,temperature,Escritorio_B,24.31
2025-09-18 09:45:00,TEM_ESC_07,temperature,Escritorio_B,24.79
2025-09-18 10:00:00,TEM_ESC_07,temperature,Escritorio_B,24.28
2025-09-18 10:15:00,TEM_ESC_07,temperature,Escritorio_B,24.97
2025-09-18 10:30:00,TEM_ESC_07,temperature,Escritorio_B,24.33
2025-09-18 10:45:00,TEM_ESC_07,temperature,Escritorio_B,24.33
2025-09-18 11:00:00,TEM_ESC_07,temperature,Escritorio_B,24.4
2025-09-18 11:15:00,TEM_ESC_07,temperature,Escritorio_B,24.68
2025-09-18 11:30:00,TEM_ESC_07,temperature,Escritorio_B,24.8
2025-09-18 11:45:00,TEM_ESC_07,temperature,Escritorio_B,24.16
2025-09-18 12:00:00,TEM_ESC_07,temperature,Escritorio_B,24.31
2025-09-18 12:15:00,TEM_ESC_07,temperature,Escritorio_B,23.88
2025-09-18 12:30:00,TEM_ESC_07,temperature,Escritorio_B,24.16
2025-09-18 12:45:00,TEM_ESC_07,temperature,Escritorio_B,24.26
2025-09-18 13:00:00,TEM_ESC_07,temperature,Escritorio_B,23.76
2025-09-18 13:15:00,TEM_ESC_07,temperature,Escritorio_B,23.77
2025-09-18 13:30:00,TEM_ESC_07,temperature,Escritorio_B,23.24
2025-09-18 13:45:00,TEM_ESC_07,temperature,Escritorio_B,23.38
2025-09-18 14:00:00,TEM_ESC_07,temperature,Escritorio_B,23.84
2025-09-18 14:15:00,TEM_ESC_07,temperature,Escritorio_B,22.92
2025-09-18 14:30:00,TEM_ESC_07,temperature,Escritorio_B,22.82
2025-09-18 14:45:00,TEM_ESC_07,temperature,Escritorio_B,22.74
2025-09-18 15:00:00,TEM_ESC_07,temperature,Escritorio_B,22.66
2025-09-18 15:15:00,TEM_ESC_07,temperature,Escritorio_B,22.92
2025-09-18 15:30:00,TEM_ESC_07,temperature,Escritorio_B,22.25
2025-09-18 15:45:00,TEM_ESC_07,temperature,Escritorio_B,22.35
2025-09-18 16:00:00,TEM_ESC_07,temperature,Escritorio_B,21.89
2025-09-18 16:15:00,TEM_ESC_07,temperature,Escritorio_B,21.56
2025-09-18 16:30:00,TEM_ESC_07,temperature,Escritorio_B,21.96
2025-09-18 16:45:00,TEM_ESC_07,temperature,Escritorio_B,21.56
2025-09-18 17:00:00,TEM_ESC_07,temperature,Escritorio_B,21.15
2025-09-18 17:15:00,TEM_ESC_07,temperature,Escritorio_B,21.51
2025-09-18 17:30:00,TEM_ESC_07,temperature,Escritorio_B,21.19
2025-09-18 17:45:00,TEM_ESC_07,temperature,Escritorio_B,21.26
2025-09-18 18:00:00,TEM_ESC_07,temperature,Escritorio_B,20.8
2025-09-18 18:15:00,TEM_ESC_07,temperature,Escritorio_B,21.2
2025-09-18 18:30:00,TEM_ESC_07,temperature,Escritorio_B,20.22
2025-09-18 18:45:00,TEM_ESC_07,temperature,Escritorio_B,19.57
2025-09-18 19:00:00,TEM_ESC_07,temperature,Escritorio_B,20.39
2025-09-18 19:15:00,TEM_ESC_07,temperature,Escritorio_B,20.57
2025-09-18 19:30:00,TEM_ESC_07,temperature,Escritorio_B,19.91
2025-09-18 19:45:00,TEM_ESC_07,temperature,Escritorio_B,19.71
2025-09-18 20:00:00,TEM_ESC_07,temperature,Escritorio_B,20.15
2025-09-18 20:15:00,TEM_ESC_07,temperature,Escritorio_B,19.83
2025-09-18 20:30:00,TEM_ESC_07,temperature,Escritorio_B,19.54
2025-09-18 20:45:00,TEM_ESC_07,temperature,Escritorio_B,19.45
2025-09-18 21:00:00,TEM_ESC_07,temperature,Escritorio_B,19.78
2025-09-18 21:15:00,TEM_ESC_07,temperature,Escritorio_B,19.82
2025-09-18 21:30:00,TEM_ESC_07,temperature,Escritorio_B,19.84
2025-09-18 21:45:00,TEM_ESC_07,temperature,Escritorio_B,19.19
2025-09-18 22:00:00,TEM_ESC_07,temperature,Escritorio_B,19.44
2025-09-18 22:15:00,TEM_ESC_07,temperature,Escritorio_B,19.6
2025-09-18 22:30:00,TEM_ESC_07,temperature,Escritorio_B,19.52
2025-09-18 22:45:00,TEM_ESC_07,temperature,Escritorio_B,19.74
2025-09-18 23:00:00,TEM_ESC_07,temperature,Escritorio_B,19.37
2025-09-18 23:15:00,TEM_ESC_07,temperature,Escritorio_B,19.45
2025-09-18 23:30:00,TEM_ESC_07,temperature,Escritorio_B,19.37
2025-09-18 23:45:00,TEM_ESC_07,temperature,Escritorio_B,19.54
2025-09-19 00:00:00,TEM_ESC_07,temperature,Escritorio_B,20.11
2025-09-19 00:15:00,TEM_ESC_07,temperature,Escritorio_B,20.19
2025-09-19 00:30:00,TEM_ESC_07,temperature,Escritorio_B,19.72
2025-09-19 00:45:00,TEM_ESC_07,temperature,Escritorio_B,19.92
2025-09-19 01:00:00,TEM_ESC_07,temperature,Escritorio_B,20.2
2025-09-19 01:15:00,TEM_ESC_07,temperature,Escritorio_B,20.17
2025-09-19 01:30:00,TEM_ESC_07,temperature,Escritorio_B,20.13
2025-09-19 01:45:00,TEM_ESC_07,temperature,Escritorio_B,20.61
2025-09-19 02:00:00,TEM_ESC_07,temperature,Escritorio_B,20.61
2025-09-19 02:15:00,TEM_ESC_07,temperature,Escritorio_B,21.07
2025-09-19 02:30:00,TEM_ESC_07,temperature,Escritorio_B,20.84
2025-09-19 02:45:00,TEM_ESC_07,temperature,Escritorio_B,21.42
2025-09-19 03:00:00,TEM_ESC_07,temperature,Escritorio_B,21.28
2025-09-19 03:15:00,TEM_ESC_07,temperature,Escritorio_B,21.43
2025-09-19 03:30:00,TEM_ESC_07,temperature,Escritorio_B,21.57
2025-09-19 03:45:00,TEM_ESC_07,temperature,Escritorio_B,21.67
2025-09-19 04:00:00,TEM_ESC_07,temperature,Escritorio_B,21.98
2025-09-19 04:15:00,TEM_ESC_07,temperature,Escritorio_B,21.95
2025-09-19 04:30:00,TEM_ESC_07,temperature,Escritorio_B,22.29
2025-09-19 04:45:00,TEM_ESC_07,temperature,Escritorio_B,22.1
2025-09-19 05:00:00,TEM_ESC_07,temperature,Escritorio_B,22.61
2025-09-19 05:15:00,TEM_ESC_07,temperature,Escritorio_B,22.98
2025-09-19 05:30:00,TEM_ESC_07,temperature,Escritorio_B,23.02
2025-09-19 05:45:00,TEM_ESC_07,temperature,Escritorio_B,23.55
2025-09-19 06:00:00,TEM_ESC_07,temperature,Escritorio_B,23.69
2025-09-19 06:15:00,TEM_ESC_07,temperature,Escritorio_B,23.71
2025-09-19 06:30:00,TEM_ESC_07,temperature,Escritorio_B,23.21
2025-09-19 06:45:00,TEM_ESC_07,temperature,Escritorio_B,23.83
2025-09-19 07:00:00,TEM_ESC_07,temperature,Escritorio_B,23.52
2025-09-19 07:15:00,TEM_ESC_07,temperature,Escritorio_B,23.75
2025-09-19 07:30:00,TEM_ESC_07,temperature,Escritorio_B,23.87
2025-09-19 07:45:00,TEM_ESC_07,temperature,Escritorio_B,24.27
2025-09-19 08:00:00,TEM_ESC_07,temperature,Escritorio_B,23.76
2025-09-19 08:15:00,TEM_ESC_07,temperature,Escritorio_B,24.7
2025-09-19 08:30:00,TEM_ESC_07,temperature,Escritorio_B,23.8
2025-09-19 08:45:00,TEM_ESC_07,temperature,Escritorio_B,24.34
2025-09-19 09:00:00,TEM_ESC_07,temperature,Escritorio_B,24.38
2025-09-19 09:15:00,TEM_ESC_07,temperature,Escritorio_B,24.03
2025-09-19 09:30:00,TEM_ESC_07,temperature,Escritorio_B,24.34
2025-09-19 09:45:00,TEM_ESC_07,temperature,Escritorio_B,24.75
2025-09-19 10:00:00,TEM_ESC_07,temperature,Escritorio_B,24.97
2025-09-19 10:15:00,TEM_ESC_07,temperature,Escritorio_B,25.13
2025-09-19 10:30:00,TEM_ESC_07,temperature,Escritorio_B,24.83
2025-09-19 10:45:00,TEM_ESC_07,temperature,Escritorio_B,23.65
2025-09-19 11:00:00,TEM_ESC_07,temperature,Escritorio_B,24.28
2025-09-19 11:15:00,TEM_ESC_07,temperature,Escritorio_B,24.02
2025-09-19 11:30:00,TEM_ESC_07,temperature,Escritorio_B,24.59
2025-09-19 11:45:00,TEM_ESC_07,temperature,Escritorio_B,23.55
2025-09-19 12:00:00,TEM_ESC_07,temperature,Escritorio_B,23.82
2025-09-19 12:15:00,TEM_ESC_07,temperature,Escritorio_B,24.11
2025-09-19 12:30:00,TEM_ESC_07,temperature,Escritorio_B,24.15
2025-09-19 12:45:00,TEM_ESC_07,temperature,Escritorio_B,24.14
2025-09-19 13:00:00,TEM_ESC_07,temperature,Escritorio_B,23.29
2025-09-19 13:15:00,TEM_ESC_07,temperature,Escritorio_B,23.8
2025-09-19 13:30:00,TEM_ESC_07,temperature,Escritorio_B,23.37
2025-09-19 13:45:00,TEM_ESC_07,temperature,Escritorio_B,23.64
2025-09-19 14:00:00,TEM_ESC_07,temperature,Escritorio_B,23.65
2025-09-19 14:15:00,TEM_ESC_07,temperature,Escritorio_B,23.16
2025-09-19 14:30:00,TEM_ESC_07,temperature,Escritorio_B,22.83
2025-09-19 14:45:00,TEM_ESC_07,temperature,Escritorio_B,23.3
2025-09-19 15:00:00,TEM_ESC_07,temperature,Escritorio_B,22.38
2025-09-19 15:15:00,TEM_ESC_07,temperature,Escritorio_B,22.42
2025-09-19 15:30:00,TEM_ESC_07,temperature,Escritorio_B,22.55
2025-09-19 15:45:00,TEM_ESC_07,temperature,Escritorio_B,21.92
2025-09-19 16:00:00,TEM_ESC_07,temperature,Escritorio_B,22.62
2025-09-19 16:15:00,TEM_ESC_07,temperature,Escritorio_B,22.27
2025-09-19 16:30:00,TEM_ESC_07,temperature,Escritorio_B,22.13
2025-09-19 16:45:00,TEM_ESC_07,temperature,Escritorio_B,21.6
2025-09-19 17:00:00,TEM_ESC_07,temperature,Escritorio_B,21.12
2025-09-19 17:15:00,TEM_ESC_07,temperature,Escritorio_B,21.64
2025-09-19 17:30:00,TEM_ESC_07,temperature,Escritorio_B,20.63
2025-09-19 17:45:00,TEM_ESC_07,temperature,Escritorio_B,21.12
2025-09-19 18:00:00,TEM_ESC_07,temperature,Escritorio_B,20.4
2025-09-19 18:15:00,TEM_ESC_07,temperature,Escritorio_B,21.01
2025-09-19 18:30:00,TEM_ESC_07,temperature,Escritorio_B,20.62
2025-09-19 18:45:00,TEM_ESC_07,temperature,Escritorio_B,20.54
2025-09-19 19:00:00,TEM_ESC_07,temperature,Escritorio_B,20.3
2025-09-19 19:15:00,TEM_ESC_07,temperature,Escritorio_B,20.13
2025-09-19 19:30:00,TEM_ESC_07,temperature,Escritorio_B,19.53
2025-09-19 19:45:00,TEM_ESC_07,temperature,Escritorio_B,19.64
2025-09-19 20:00:00,TEM_ESC_07,temperature,Escritorio_B,19.58
2025-09-19 20:15:00,TEM_ESC_07,temperature,Escritorio_B,19.66
2025-09-19 20:30:00,TEM_ESC_07,temperature,Escritorio_B,19.51
2025-09-19 20:45:00,TEM_ESC_07,temperature,Escritorio_B,19.52
2025-09-19 21:00:00,TEM_ESC_07,temperature,Escritorio_B,20.04
2025-09-19 21:15:00,TEM_ESC_07,temperature,Escritorio_B,19.42
2025-09-19 21:30:00,TEM_ESC_07,temperature,Escritorio_B,19.51
2025-09-19 21:45:00,TEM_ESC_07,temperature,Escritorio_B,18.99
2025-09-19 22:00:00,TEM_ESC_07,temperature,Escritorio_B,19.48
2025-09-19 22:15:00,TEM_ESC_07,temperature,Escritorio_B,19.55
2025-09-19 22:30:00,TEM_ESC_07,temperature,Escritorio_B,19.48
2025-09-19 22:45:00,TEM_ESC_07,temperature,Escritorio_B,20.08
2025-09-19 23:00:00,TEM_ESC_07,temperature,Escritorio_B,19.34
2025-09-19 23:15:00,TEM_ESC_07,temperature,Escritorio_B,19.6
2025-09-19 23:30:00,TEM_ESC_07,temperature,Escritorio_B,19.73
2025-09-19 23:45:00,TEM_ESC_07,temperature,Escritorio_B,20.11
2025-09-20 00:00:00,TEM_ESC_07,temperature,Escritorio_B,19.28
2025-09-20 00:15:00,TEM_ESC_07,temperature,Escritorio_B,20.3
2025-09-20 00:30:00,TEM_ESC_07,temperature,Escritorio_B,19.9
2025-09-20 00:45:00,TEM_ESC_07,temperature,Escritorio_B,19.97
2025-09-20 01:00:00,TEM_ESC_07,temperature,Escritorio_B,20.22
2025-09-20 01:15:00,TEM_ESC_07,temperature,Escritorio_B,20.49
2025-09-20 01:30:00,TEM_ESC_07,temperature,Escritorio_B,20.83
2025-09-20 01:45:00,TEM_ESC_07,temperature,Escritorio_B,20.58
2025-09-20 02:00:00,TEM_ESC_07,temperature,Escritorio_B,20.63
2025-09-20 02:15:00,TEM_ESC_07,temperature,Escritorio_B,20.47
2025-09-20 02:30:00,TEM_ESC_07,temperature,Escritorio_B,20.96
2025-09-20 02:45:00,TEM_ESC_07,temperature,Escritorio_B,21.46
2025-09-20 03:00:00,TEM_ESC_07,temperature,Escritorio_B,21.34
2025-09-20 03:15:00,TEM_ESC_07,temperature,Escritorio_B,21.89
2025-09-20 03:30:00,TEM_ESC_07,temperature,Escritorio_B,20.63
2025-09-20 03:45:00,TEM_ESC_07,temperature,Escritorio_B,21.64
2025-09-20 04:00:00,TEM_ESC_07,temperature,Escritorio_B,22.25
2025-09-20 04:15:00,TEM_ESC_07,temperature,Escritorio_B,21.9
2025-09-20 04:30:00,TEM_ESC_07,temperature,Escritorio_B,22.04
2025-09-20 04:45:00,TEM_ESC_07,temperature,Escritorio_B,22.37
2025-09-20 05:00:00,TEM_ESC_07,temperature,Escritorio_B,22.9
2025-09-20 05:15:00,TEM_ESC_07,temperature,Escritorio_B,22.34
2025-09-20 05:30:00,TEM_ESC_07,temperature,Escritorio_B,23.75
2025-09-20 05:45:00,TEM_ESC_07,temperature,Escritorio_B,23.25
2025-09-20 06:00:00,TEM_ESC_07,temperature,Escritorio_B,22.88
2025-09-20 06:15:00,TEM_ESC_07,temperature,Escritorio_B,23.68
2025-09-20 06:30:00,TEM_ESC_07,temperature,Escritorio_B,24.02
2025-09-20 06:45:00,TEM_ESC_07,temperature,Escritorio_B,24.01
2025-09-20 07:00:00,TEM_ESC_07,temperature,Escritorio_B,24.09
2025-09-20 07:15:00,TEM_ESC_07,temperature,Escritorio_B,23.56
2025-09-20 07:30:00,TEM_ESC_07,temperature,Escritorio_B,24.17
2025-09-20 07:45:00,TEM_ESC_07,temperature,Escritorio_B,24.23
2025-09-20 08:00:00,TEM_ESC_07,temperature,Escritorio_B,24.16
2025-09-20 08:15:00,TEM_ESC_07,temperature,Escritorio_B,24.55
2025-09-20 08:30:00,TEM_ESC_07,temperature,Escritorio_B,24.99
2025-09-20 08:45:00,TEM_ESC_07,temperature,Escritorio_B,24.46
2025-09-20 09:00:00,TEM_ESC_07,temperature,Escritorio_B,24.09
2025-09-20 09:15:00,TEM_ESC_07,temperature,Escritorio_B,24.03
2025-09-20 09:30:00,TEM_ESC_07,temperature,Escritorio_B,24.63
2025-09-20 09:45:00,TEM_ESC_07,temperature,Escritorio_B,24.44
2025-09-20 10:00:00,TEM_ESC_07,temperature,Escritorio_B,24.42
2025-09-20 10:15:00,TEM_ESC_07,temperature,Escritorio_B,24.8
2025-09-20 10:30:00,TEM_ESC_07,temperature,Escritorio_B,24.67
2025-09-20 10:45:00,TEM_ESC_07,temperature,Escritorio_B,24.89
2025-09-20 11:00:00,TEM_ESC_07,temperature,Escritorio_B,24.21
2025-09-20 11:15:00,TEM_ESC_07,temperature,Escritorio_B,23.87
2025-09-20 11:30:00,TEM_ESC_07,temperature,Escritorio_B,24.18
2025-09-20 11:45:00,TEM_ESC_07,temperature,Escritorio_B,24.37
2025-09-20 12:00:00,TEM_ESC_07,temperature,Escritorio_B,24.14
2025-09-20 12:15:00,TEM_ESC_07,temperature,Escritorio_B,24.36
2025-09-20 12:30:00,TEM_ESC_07,temperature,Escritorio_B,24.06
2025-09-20 12:45:00,TEM_ESC_07,temperature,Escritorio_B,23.88
2025-09-20 13:00:00,TEM_ESC_07,temperature,Escritorio_B,23.78
2025-09-20 13:15:00,TEM_ESC_07,temperature,Escritorio_B,23.32
2025-09-20 13:30:00,TEM_ESC_07,temperature,Escritorio_B,22.97
2025-09-20 13:45:00,TEM_ESC_07,temperature,Escritorio_B,23.52
2025-09-20 14:00:00,TEM_ESC_07,temperature,Escritorio_B,23.27
2025-09-20 14:15:00,TEM_ESC_07,temperature,Escritorio_B,23.5
2025-09-20 14:30:00,TEM_ESC_07,temperature,Escritorio_B,22.86
2025-09-20 14:45:00,TEM_ESC_07,temperature,Escritorio_B,22.6
2025-09-20 15:00:00,TEM_ESC_07,temperature,Escritorio_B,22.57
2025-09-20 15:15:00,TEM_ESC_07,temperature,Escritorio_B,22.65
2025-09-20 15:30:00,TEM_ESC_07,temperature,Escritorio_B,22.46
2025-09-20 15:45:00,TEM_ESC_07,temperature,Escritorio_B,21.82
2025-09-20 16:00:00,TEM_ESC_07,temperature,Escritorio_B,22.34
2025-09-20 16:15:00,TEM_ESC_07,temperature,Escritorio_B,21.53
2025-09-20 16:30:00,TEM_ESC_07,temperature,Escritorio_B,21.32
2025-09-20 16:45:00,TEM_ESC_07,temperature,Escritorio_B,22.33
2025-09-20 17:00:00,TEM_ESC_07,temperature,Escritorio_B,21.4
2025-09-20 17:15:00,TEM_ESC_07,temperature,Escritorio_B,21.5
2025-09-20 17:30:00,TEM_ESC_07,temperature,Escritorio_B,20.71
2025-09-20 17:45:00,TEM_ESC_07,temperature,Escritorio_B,20.99
2025-09-20 18:00:00,TEM_ESC_07,temperature,Escritorio_B,20.72
2025-09-20 18:15:00,TEM_ESC_07,temperature,Escritorio_B,20.56
2025-09-20 18:30:00,TEM_ESC_07,temperature,Escritorio_B,20.64
2025-09-20 18:45:00,TEM_ESC_07,temperature,Escritorio_B,20.19
2025-09-20 19:00:00,TEM_ESC_07,temperature,Escritorio_B,20.42
2025-09-20 19:15:00,TEM_ESC_07,temperature,Escritorio_B,20.83
2025-09-20 19:30:00,TEM_ESC_07,temperature,Escritorio_B,19.99
2025-09-20 19:45:00,TEM_ESC_07,temperature,Escritorio_B,19.62
2025-09-20 20:00:00,TEM_ESC_07,temperature,Escritorio_B,20.42
2025-09-20 20:15:00,TEM_ESC_07,temperature,Escritorio_B,19.78
2025-09-20 20:30:00,TEM_ESC_07,temperature,Escritorio_B,19.22
2025-09-20 20:45:00,TEM_ESC_07,temperature,Escritorio_B,19.6
2025-09-20 21:00:00,TEM_ESC_07,temperature,Escritorio_B,18.93
2025-09-20 21:15:00,TEM_ESC_07,temperature,Escritorio_B,19.19
2025-09-20 21:30:00,TEM_ESC_07,temperature,Escritorio_B,20.07
2025-09-20 21:45:00,TEM_ESC_07,temperature,Escritorio_B,19.83
2025-09-20 22:00:00,TEM_ESC_07,temperature,Escritorio_B,19.5
2025-09-20 22:15:00,TEM_ESC_07,temperature,Escritorio_B,19.9
2025-09-20 22:30:00,TEM_ESC_07,temperature,Escritorio_B,19.47
2025-09-20 22:45:00,TEM_ESC_07,temperature,Escritorio_B,19.13
2025-09-20 23:00:00,TEM_ESC_07,temperature,Escritorio_B,19.22
2025-09-20 23:15:00,TEM_ESC_07,temperature,Escritorio_B,19.62
2025-09-20 23:30:00,TEM_ESC_07,temperature,Escritorio_B,19.96
2025-09-20 23:45:00,TEM_ESC_07,temperature,Escritorio_B,19.96
2025-09-21 00:00:00,TEM_ESC_07,temperature,Escritorio_B,19.9
2025-09-21 00:15:00,TEM_ESC_07,temperature,Escritorio_B,20.24
2025-09-21 00:30:00,TEM_ESC_07,temperature,Escritorio_B,19.93
2025-09-21 00:45:00,TEM_ESC_07,temperature,Escritorio_B,20.08
2025-09-21 01:00:00,TEM_ESC_07,temperature,Escritorio_B,20.7
2025-09-21 01:15:00,TEM_ESC_07,temperature,Escritorio_B,20.83
2025-09-21 01:30:00,TEM_ESC_07,temperature,Escritorio_B,20.1
2025-09-21 01:45:00,TEM_ESC_07,temperature,Escritorio_B,20.49
2025-09-21 02:00:00,TEM_ESC_07,temperature,Escritorio_B,20.88
2025-09-21 02:15:00,TEM_ESC_07,temperature,Escritorio_B,20.99
2025-09-21 02:30:00,TEM_ESC_07,temperature,Escritorio_B,21.16
2025-09-21 02:45:00,TEM_ESC_07,temperature,Escritorio_B,20.75
2025-09-21 03:00:00,TEM_ESC_07,temperature,Escritorio_B,21.64
2025-09-21 03:15:00,TEM_ESC_07,temperature,Escritorio_B,21.9
2025-09-21 03:30:00,TEM_ESC_07,temperature,Escritorio_B,21.68
2025-09-21 03:45:00,TEM_ESC_07,temperature,Escritorio_B,21.32
2025-09-21 04:00:00,TEM_ESC_07,temperature,Escritorio_B,22.37
2025-09-21 04:15:00,TEM_ESC_07,temperature,Escritorio_B,22.0
2025-09-21 04:30:00,TEM_ESC_07,temperature,Escritorio_B,22.44
2025-09-21 04:45:00,TEM_ESC_07,temperature,Escritorio_B,23.11
2025-09-21 05:00:00,TEM_ESC_07,temperature,Escritorio_B,22.37
2025-09-21 05:15:00,TEM_ESC_07,temperature,Escritorio_B,23.32
2025-09-21 05:30:00,TEM_ESC_07,temperature,Escritorio_B,22.87
2025-09-21 05:45:00,TEM_ESC_07,temperature,Escritorio_B,23.01
2025-09-21 06:00:00,TEM_ESC_07,temperature,Escritorio_B,23.05
2025-09-21 06:15:00,TEM_ESC_07,temperature,Escritorio_B,23.05
2025-09-21 06:30:00,TEM_ESC_07,temperature,Escritorio_B,23.65
2025-09-21 06:45:00,TEM_ESC_07,temperature,Escritorio_B,23.53
2025-09-21 07:00:00,TEM_ESC_07,temperature,Escritorio_B,23.42
2025-09-21 07:15:00,TEM_ESC_07,temperature,Escritorio_B,24.51
2025-09-21 07:30:00,TEM_ESC_07,temperature,Escritorio_B,24.18
2025-09-21 07:45:00,TEM_ESC_07,temperature,Escritorio_B,24.15
2025-09-21 08:00:00,TEM_ESC_07,temperature,Escritorio_B,23.96
2025-09-21 08:15:00,TEM_ESC_07,temperature,Escritorio_B,24.94
2025-09-21 08:30:00,TEM_ESC_07,temperature,Escritorio_B,24.22
2025-09-21 08:45:00,TEM_ESC_07,temperature,Escritorio_B,24.04
2025-09-21 09:00:00,TEM_ESC_07,temperature,Escritorio_B,24.42
2025-09-21 09:15:00,TEM_ESC_07,temperature,Escritorio_B,24.74
2025-09-21 09:30:00,TEM_ESC_07,temperature,Escritorio_B,23.93
2025-09-21 09:45:00,TEM_ESC_07,temperature,Escritorio_B,24.28
2025-09-21 10:00:00,TEM_ESC_07,temperature,Escritorio_B,24.12
2025-09-21 10:15:00,TEM_ESC_07,temperature,Escritorio_B,24.24
2025-09-21 10:30:00,TEM_ESC_07,temperature,Escritorio_B,24.49
2025-09-21 10:45:00,TEM_ESC_07,temperature,Escritorio_B,24.5
2025-09-21 11:00:00,TEM_ESC_07,temperature,Escritorio_B,24.17
2025-09-21 11:15:00,TEM_ESC_07,temperature,Escritorio_B,24.17
2025-09-21 11:30:00,TEM_ESC_07,temperature,Escritorio_B,24.35
2025-09-21 11:45:00,TEM_ESC_07,temperature,Escritorio_B,23.7
2025-09-21 12:00:00,TEM_ESC_07,temperature,Escritorio_B,23.91
2025-09-21 12:15:00,TEM_ESC_07,temperature,Escritorio_B,24.08
2025-09-21 12:30:00,TEM_ESC_07,temperature,Escritorio_B,24.42
2025-09-21 12:45:00,TEM_ESC_07,temperature,Escritorio_B,24.06
2025-09-21 13:00:00,TEM_ESC_07,temperature,Escritorio_B,23.89
2025-09-21 13:15:00,TEM_ESC_07,temperature,Escritorio_B,23.99
2025-09-21 13:30:00,TEM_ESC_07,temperature,Escritorio_B,23.48
2025-09-21 13:45:00,TEM_ESC_07,temperature,Escritorio_B,23.05
2025-09-21 14:00:00,TEM_ESC_07,temperature,Escritorio_B,23.26
2025-09-21 14:15:00,TEM_ESC_07,temperature,Escritorio_B,22.97
2025-09-21 14:30:00,TEM_ESC_07,temperature,Escritorio_B,22.94
2025-09-21 14:45:00,TEM_ESC_07,temperature,Escritorio_B,23.42
2025-09-21 15:00:00,TEM_ESC_07,temperature,Escritorio_B,22.6
2025-09-21 15:15:00,TEM_ESC_07,temperature,Escritorio_B,22.54
2025-09-21 15:30:00,TEM_ESC_07,temperature,Escritorio_B,22.12
2025-09-21 15:45:00,TEM_ESC_07,temperature,Escritorio_B,22.59
2025-09-21 16:00:00,TEM_ESC_07,temperature,Escritorio_B,22.27
2025-09-21 16:15:00,TEM_ESC_07,temperature,Escritorio_B,21.78
2025-09-21 16:30:00,TEM_ESC_07,temperature,Escritorio_B,21.62
2025-09-21 16:45:00,TEM_ESC_07,temperature,Escritorio_B,21.82
2025-09-21 17:00:00,TEM_ESC_07,temperature,Escritorio_B,21.61
2025-09-21 17:15:00,TEM_ESC_07,temperature,Escritorio_B,20.88
2025-09-21 17:30:00,TEM_ESC_07,temperature,Escritorio_B,20.76
2025-09-21 17:45:00,TEM_ESC_07,temperature,Escritorio_B,20.9
2025-09-21 18:00:00,TEM_ESC_07,temperature,Escritorio_B,20.34
2025-09-21 18:15:00,TEM_ESC_07,temperature,Escritorio_B,20.69
2025-09-21 18:30:00,TEM_ESC_07,temperature,Escritorio_B,20.25
2025-09-21 18:45:00,TEM_ESC_07,temperature,Escritorio_B,20.49
2025-09-21 19:00:00,TEM_ESC_07,temperature,Escritorio_B,19.76
2025-09-21 19:15:00,TEM_ESC_07,temperature,Escritorio_B,20.3
2025-09-21 19:30:00,TEM_ESC_07,temperature,Escritorio_B,20.28
2025-09-21 19:45:00,TEM_ESC_07,temperature,Escritorio_B,19.93
2025-09-21 20:00:00,TEM_ESC_07,temperature,Escritorio_B,19.47
2025-09-21 20:15:00,TEM_ESC_07,temperature,Escritorio_B,19.96
2025-09-21 20:30:00,TEM_ESC_07,temperature,Escritorio_B,19.55
2025-09-21 20:45:00,TEM_ESC_07,temperature,Escritorio_B,19.86
2025-09-21 21:00:00,TEM_ESC_07,temperature,Escritorio_B,19.69
2025-09-21 21:15:00,TEM_ESC_07,temperature,Escritorio_B,20.03
2025-09-21 21:30:00,TEM_ESC_07,temperature,Escritorio_B,19.22
2025-09-21 21:45:00,TEM_ESC_07,temperature,Escritorio_B,19.59
2025-09-21 22:00:00,TEM_ESC_07,temperature,Escritorio_B,19.54
2025-09-21 22:15:00,TEM_ESC_07,temperature,Escritorio_B,19.6
2025-09-21 22:30:00,TEM_ESC_07,temperature,Escritorio_B,19.77
2025-09-21 22:45:00,TEM_ESC_07,temperature,Escritorio_B,19.67
2025-09-21 23:00:00,TEM_ESC_07,temperature,Escritorio_B,19.82
2025-09-21 23:15:00,TEM_ESC_07,temperature,Escritorio_B,19.73
2025-09-21 23:30:00,TEM_ESC_07,temperature,Escritorio_B,19.1
2025-09-21 23:45:00,TEM_ESC_07,temperature,Escritorio_B,19.97
2025-09-15 00:00:00,LUM_ESC_08,luminosity,Escritorio_B,0.0
2025-09-15 00:15:00,LUM_ESC_08,luminosity,Escritorio_B,0.0
2025-09-15 00:30:00,LUM_ESC_08,luminosity,Escritorio_B,12.0
2025-09-15 00:45:00,LUM_ESC_08,luminosity,Escritorio_B,0.0
2025-09-15 01:00:00,LUM_ESC_08,luminosity,Escritorio_B,0.0
2025-09-15 01:15:00,LUM_ESC_08,luminosity,Escritorio_B,0.0
2025-09-15 01:30:00,LUM_ESC_08,luminosity,Escritorio_B,11.0
2025-09-15 01:45:00,LUM_ESC_08,luminosity,Escritorio_B,5.0
2025-09-15 02:00:00,LUM_ESC_08,luminosity,Escritorio_B,2.0
2025-09-15 02:15:00,LUM_ESC_08,luminosity,Escritorio_B,0.0
2025-09-15 02:30:00,LUM_ESC_08,luminosity,Escritorio_B,0.0
2025-09-15 02:45:00,LUM_ESC_08,luminosity,Escritorio_B,0.0
2025-09-15 03:00:00,LUM_ESC_08,luminosity,Escritorio_B,0.0
2025-09-15 03:15:00,LUM_ESC_08,luminosity,Escritorio_B,5.0
2025-09-15 03:30:00,LUM_ESC_08,luminosity,Escritorio_B,0.0
2025-09-15 03:45:00,LUM_ESC_08,luminosity,Escritorio_B,7.0
2025-09-15 04:00:00,LUM_ESC_08,luminosity,Escritorio_B,0.0
2025-09-15 04:15:00,LUM_ESC_08,luminosity,Escritorio_B,2.0
2025-09-15 04:30:00,LUM_ESC_08,luminosity,Escritorio_B,1.0
2025-09-15 04:45:00,LUM_ESC_08,luminosity,Escritorio_B,8.0
2025-09-15 05:00:00,LUM_ESC_08,luminosity,Escritorio_B,0.0
2025-09-15 05:15:00,LUM_ESC_08,luminosity,Escritorio_B,7.0
2025-09-15 05:30:00,LUM_ESC_08,luminosity,Escritorio_B,0.0
2025-09-15 05:45:00,LUM_ESC_08,luminosity,Escritorio_B,0.0
2025-09-15 06:00:00,LUM_ESC_08,luminosity,Escritorio_B,313.0
2025-09-15 06:15:00,LUM_ESC_08,luminosity,Escritorio_B,349.0
2025-09-15 06:30:00,LUM_ESC_08,luminosity,Escritorio_B,460.0
2025-09-15 06:45:00,LUM_ESC_08,luminosity,Escritorio_B,483.0
2025-09-15 07:00:00,LUM_ESC_08,luminosity,Escritorio_B,543.0
2025-09-15 07:15:00,LUM_ESC_08,luminosity,Escritorio_B,611.0
2025-09-15 07:30:00,LUM_ESC_08,luminosity,Escritorio_B,645.0
2025-09-15 07:45:00,LUM_ESC_08,luminosity,Escritorio_B,707.0
2025-09-15 08:00:00,LUM_ESC_08,luminosity,Escritorio_B,666.0
2025-09-15 08:15:00,LUM_ESC_08,luminosity,Escritorio_B,828.0
2025-09-15 08:30:00,LUM_ESC_08,luminosity,Escritorio_B,763.0
2025-09-15 08:45:00,LUM_ESC_08,luminosity,Escritorio_B,929.0
2025-09-15 09:00:00,LUM_ESC_08,luminosity,Escritorio_B,942.0
2025-09-15 09:15:00,LUM_ESC_08,luminosity,Escritorio_B,845.0
2025-09-15 09:30:00,LUM_ESC_08,luminosity,Escritorio_B,973.0
2025-09-15 09:45:00,LUM_ESC_08,luminosity,Escritorio_B,1025.0
2025-09-15 10:00:00,LUM_ESC_08,luminosity,Escritorio_B,1066.0
2025-09-15 10:15:00,LUM_ESC_08,luminosity,Escritorio_B,968.0
2025-09-15 10:30:00,LUM_ESC_08,luminosity,Escritorio_B,1037.0
2025-09-15 10:45:00,LUM_ESC_08,luminosity,Escritorio_B,1012.0
2025-09-15 11:00:00,LUM_ESC_08,luminosity,Escritorio_B,1161.0
2025-09-15 11:15:00,LUM_ESC_08,luminosity,Escritorio_B,1133.0
2025-09-15 11:30:00,LUM_ESC_08,luminosity,Escritorio_B,1122.0
2025-09-15 11:45:00,LUM_ESC_08,luminosity,Escritorio_B,1040.0
2025-09-15 12:00:00,LUM_ESC_08,luminosity,Escritorio_B,1221.0
2025-09-15 12:15:00,LUM_ESC_08,luminosity,Escritorio_B,1173.0
2025-09-15 12:30:00,LUM_ESC_08,luminosity,Escritorio_B,1002.0
2025-09-15 12:45:00,LUM_ESC_08,luminosity,Escritorio_B,1154.0
2025-09-15 13:00:00,LUM_ESC_08,luminosity,Escritorio_B,1000.0
2025-09-15 13:15:00,LUM_ESC_08,luminosity,Escritorio_B,1023.0
2025-09-15 13:30:00,LUM_ESC_08,luminosity,Escritorio_B,1122.0
2025-09-15 13:45:00,LUM_ESC_08,luminosity,Escritorio_B,1083.0
2025-09-15 14:00:00,LUM_ESC_08,luminosity,Escritorio_B,990.0
2025-09-15 14:15:00,LUM_ESC_08,luminosity,Escritorio_B,1050.0
2025-09-15 14:30:00,LUM_ESC_08,luminosity,Escritorio_B,1013.0
2025-09-15 14:45:00,LUM_ESC_08,luminosity,Escritorio_B,1008.0
2025-09-15 15:00:00,LUM_ESC_08,luminosity,Escritorio_B,814.0
2025-09-15 15:15:00,LUM_ESC_08,luminosity,Escritorio_B,901.0
2025-09-15 15:30:00,LUM_ESC_08,luminosity,Escritorio_B,772.0
2025-09-15 15:45:00,LUM_ESC_08,luminosity,Escritorio_B,817.0
2025-09-15 16:00:00,LUM_ESC_08,luminosity,Escritorio_B,698.0
2025-09-15 16:15:00,LUM_ESC_08,luminosity,Escritorio_B,747.0
2025-09-15 16:30:00,LUM_ESC_08,luminosity,Escritorio_B,626.0
2025-09-15 16:45:00,LUM_ESC_08,luminosity,Escritorio_B,546.0
2025-09-15 17:00:00,LUM_ESC_08,luminosity,Escritorio_B,545.0
2025-09-15 17:15:00,LUM_ESC_08,luminosity,Escritorio_B,533.0
2025-09-15 17:30:00,LUM_ESC_08,luminosity,Escritorio_B,354.0
2025-09-15 17:45:00,LUM_ESC_08,luminosity,Escritorio_B,396.0
2025-09-15 18:00:00,LUM_ESC_08,luminosity,Escritorio_B,7.0
2025-09-15 18:15:00,LUM_ESC_08,luminosity,Escritorio_B,0.0
2025-09-15 18:30:00,LUM_ESC_08,luminosity,Escritorio_B,4.0
2025-09-15 18:45:00,LUM_ESC_08,luminosity,Escritorio_B,3.0
2025-09-15 19:00:00,LUM_ESC_08,luminosity,Escritorio_B,0.0
2025-09-15 19:15:00,LUM_ESC_08,luminosity,Escritorio_B,7.0
2025-09-15 19:30:00,LUM_ESC_08,luminosity,Escritorio_B,0.0
2025-09-15 19:45:00,LUM_ESC_08,luminosity,Escritorio_B,2.0
2025-09-15 20:00:00,LUM_ESC_08,luminosity,Escritorio_B,0.0
2025-09-15 20:15:00,LUM_ESC_08,luminosity,Escritorio_B,1.0
2025-09-15 20:30:00,LUM_ESC_08,luminosity,Escritorio_B,0.0
2025-09-15 20:45:00,LUM_ESC_08,luminosity,Escritorio_B,4.0
2025-09-15 21:00:00,LUM_ESC_08,luminosity,Escritorio_B,9.0
2025-09-15 21:15:00,LUM_ESC_08,luminosity,Escritorio_B,1.0
2025-09-15 21:30:00,LUM_ESC_08,luminosity,Escritorio_B,0.0
2025-09-15 21:45:00,LUM_ESC_08,luminosity,Escritorio_B,0.0
2025-09-15 22:00:00,LUM_ESC_08,luminosity,Escritorio_B,1.0
2025-09-15 22:15:00,LUM_ESC_08,luminosity,Escritorio_B,0.0
2025-09-15 22:30:00,LUM_ESC_08,luminosity,Escritorio_B,0.0
2025-09-15 22:45:00,LUM_ESC_08,luminosity,Escritorio_B,0.0
2025-09-15 23:00:00,LUM_ESC_08,luminosity,Escritorio_B,0.0
2025-09-15 23:15:00,LUM_ESC_08,luminosity,Escritorio_B,0.0
2025-09-15 23:30:00,LUM_ESC_08,luminosity,Escritorio_B,0.0
2025-09-15 23:45:00,LUM_ESC_08,luminosity,Escritorio_B,1.0
2025-09-16 00:00:00,LUM_ESC_08,luminosity,Escritorio_B,0.0
2025-09-16 00:15:00,LUM_ESC_08,luminosity,Escritorio_B,10.0
2025-09-16 00:30:00,LUM_ESC_08,luminosity,Escritorio_B,0.0
2025-09-16 00:45:00,LUM_ESC_08,luminosity,Escritorio_B,0.0
2025-09-16 01:00:00,LUM_ESC_08,luminosity,Escritorio_B,2.0
2025-09-16 01:15:00,LUM_ESC_08,luminosity,Escritorio_B,0.0
2025-09-16 01:30:00,LUM_ESC_08,luminosity,Escritorio_B,2.0
2025-09-16 01:45:00,LUM_ESC_08,luminosity,Escritorio_B,0.0
2025-09-16 02:00:00,LUM_ESC_08,luminosity,Escritorio_B,0.0
2025-09-16 02:15:00,LUM_ESC_08,luminosity,Escritorio_B,2.0
2025-09-16 02:30:00,LUM_ESC_08,luminosity,Escritorio_B,0.0
2025-09-16 02:45:00,LUM_ESC_08,luminosity,Escritorio_B,0.0
2025-09-16 03:00:00,LUM_ESC_08,luminosity,Escritorio_B,0.0
2025-09-16 03:15:00,LUM_ESC_08,luminosity,Escritorio_B,0.0
2025-09-16 03:30:00,LUM_ESC_08,luminosity,Escritorio_B,5.0
2025-09-16 03:45:00,LUM_ESC_08,luminosity,Escritorio_B,1.0
2025-09-16 04:00:00,LUM_ESC_08,luminosity,Escritorio_B,1.0
2025-09-16 04:15:00,LUM_ESC_08,luminosity,Escritorio_B,0.0
2025-09-16 04:30:00,LUM_ESC_08,luminosity,Escritorio_B,6.0
2025-09-16 04:45:00,LUM_ESC_08,luminosity,Escritorio_B,0.0
2025-09-16 05:00:00,LUM_ESC_08,luminosity,Escritorio_B,2.0
2025-09-16 05:15:00,LUM_ESC_08,luminosity,Escritorio_B,4.0
2025-09-16 05:30:00,LUM_ESC_08,luminosity,Escritorio_B,9.0
2025-09-16 05:45:00,LUM_ESC_08,luminosity,Escritorio_B,2.0
2025-09-16 06:00:00,LUM_ESC_08,luminosity,Escritorio_B,365.0
2025-09-16 06:15:00,LUM_ESC_08,luminosity,Escritorio_B,435.0
2025-09-16 06:30:00,LUM_ESC_08,luminosity,Escritorio_B,440.0
2025-09-16 06:45:00,LUM_ESC_08,luminosity,Escritorio_B,461.0
2025-09-16 07:00:00,LUM_ESC_08,luminosity,Escritorio_B,494.0
2025-09-16 07:15:00,LUM_ESC_08,luminosity,Escritorio_B,558.0
2025-09-16 07:30:00,LUM_ESC_08,luminosity,Escritorio_B,703.0
2025-09-16 07:45:00,LUM_ESC_08,luminosity,Escritorio_B,612.0
2025-09-16 08:00:00,LUM_ESC_08,luminosity,Escritorio_B,660.0
2025-09-16 08:15:00,LUM_ESC_08,luminosity,Escritorio_B,772.0
2025-09-16 08:30:00,LUM_ESC_08,luminosity,Escritorio_B,809.0
2025-09-16 08:45:00,LUM_ESC_08,luminosity,Escritorio_B,885.0
2025-09-16 09:00:00,LUM_ESC_08,luminosity,Escritorio_B,947.0
2025-09-16 09:15:00,LUM_ESC_08,luminosity,Escritorio_B,878.0
2025-09-16 09:30:00,LUM_ESC_08,luminosity,Escritorio_B,941.0
2025-09-16 09:45:00,LUM_ESC_08,luminosity,Escritorio_B,951.0
2025-09-16 10:00:00,LUM_ESC_08,luminosity,Escritorio_B,1003.0
2025-09-16 10:15:00,LUM_ESC_08,luminosity,Escritorio_B,987.0
2025-09-16 10:30:00,LUM_ESC_08,luminosity,Escritorio_B,1007.0
2025-09-16 10:45:00,LUM_ESC_08,luminosity,Escritorio_B,1155.0
2025-09-16 11:00:00,LUM_ESC_08,luminosity,Escritorio_B,1078.0
2025-09-16 11:15:00,LUM_ESC_08,luminosity,Escritorio_B,1182.0
2025-09-16 11:30:00,LUM_ESC_08,luminosity,Escritorio_B,1065.0
2025-09-16 11:45:00,LUM_ESC_08,luminosity,Escritorio_B,1086.0
2025-09-16 12:00:00,LUM_ESC_08,luminosity,Escritorio_B,1033.0
2025-09-16 12:15:00,LUM_ESC_08,luminosity,Escritorio_B,1142.0
2025-09-16 12:30:00,LUM_ESC_08,luminosity,Escritorio_B,1110.0
2025-09-16 12:45:00,LUM_ESC_08,luminosity,Escritorio_B,1185.0
2025-09-16 13:00:00,LUM_ESC_08,luminosity,Escritorio_B,1079.0
2025-09-16 13:15:00,LUM_ESC_08,luminosity,Escritorio_B,1075.0
2025-09-16 13:30:00,LUM_ESC_08,luminosity,Escritorio_B,1138.0
2025-09-16 13:45:00,LUM_ESC_08,luminosity,Escritorio_B,996.0
2025-09-16 14:00:00,LUM_ESC_08,luminosity,Escritorio_B,1006.0
2025-09-16 14:15:00,LUM_ESC_08,luminosity,Escritorio_B,968.0
2025-09-16 14:30:00,LUM_ESC_08,luminosity,Escritorio_B,889.0
2025-09-16 14:45:00,LUM_ESC_08,luminosity,Escritorio_B,849.0
2025-09-16 15:00:00,LUM_ESC_08,luminosity,Escritorio_B,898.0
2025-09-16 15:15:00,LUM_ESC_08,luminosity,Escritorio_B,836.0
2025-09-16 15:30:00,LUM_ESC_08,luminosity,Escritorio_B,855.0
2025-09-16 15:45:00,LUM_ESC_08,luminosity,Escritorio_B,811.0
2025-09-16 16:00:00,LUM_ESC_08,luminosity,Escritorio_B,792.0
2025-09-16 16:15:00,LUM_ESC_08,luminosity,Escritorio_B,678.0
2025-09-16 16:30:00,LUM_ESC_08,luminosity,Escritorio_B,681.0
2025-09-16 16:45:00,LUM_ESC_08,luminosity,Escritorio_B,487.0
2025-09-16 17:00:00,LUM_ESC_08,luminosity,Escritorio_B,559.0
2025-09-16 17:15:00,LUM_ESC_08,luminosity,Escritorio_B,507.0
2025-09-16 17:30:00,LUM_ESC_08,luminosity,Escritorio_B,374.0
2025-09-16 17:45:00,LUM_ESC_08,luminosity,Escritorio_B,383.0
2025-09-16 18:00:00,LUM_ESC_08,luminosity,Escritorio_B,0.0
2025-09-16 18:15:00,LUM_ESC_08,luminosity,Escritorio_B,0.0
2025-09-16 18:30:00,LUM_ESC_08,luminosity,Escritorio_B,0.0
2025-09-16 18:45:00,LUM_ESC_08,luminosity,Escritorio_B,0.0
2025-09-16 19:00:00,LUM_ESC_08,luminosity,Escritorio_B,0.0
2025-09-16 19:15:00,LUM_ESC_08,luminosity,Escritorio_B,3.0
2025-09-16 19:30:00,LUM_ESC_08,luminosity,Escritorio_B,0.0
2025-09-16 19:45:00,LUM_ESC_08,luminosity,Escritorio_B,0.0
2025-09-16 20:00:00,LUM_ESC_08,luminosity,Escritorio_B,4.0
2025-09-16 20:15:00,LUM_ESC_08,luminosity,Escritorio_B,4.0
2025-09-16 20:30:00,LUM_ESC_08,luminosity,Escritorio_B,0.0
2025-09-16 20:45:00,LUM_ESC_08,luminosity,Escritorio_B,8.0
2025-09-16 21:00:00,LUM_ESC_08,luminosity,Escritorio_B,2.0
2025-09-16 21:15:00,LUM_ESC_08,luminosity,Escritorio_B,3.0
2025-09-16 21:30:00,LUM_ESC_08,luminosity,Escritorio_B,0.0
2025-09-16 21:45:00,LUM_ESC_08,luminosity,Escritorio_B,0.0
2025-09-16 22:00:00,LUM_ESC_08,luminosity,Escritorio_B,0.0
2025-09-16 22:15:00,LUM_ESC_08,luminosity,Escritorio_B,0.0
2025-09-16 22:30:00,LUM_ESC_08,luminosity,Escritorio_B,0.0
2025-09-16 22:45:00,LUM_ESC_08,luminosity,Escritorio_B,0.0
2025-09-16 23:00:00,LUM_ESC_08,luminosity,Escritorio_B,3.0
2025-09-16 23:15:00,LUM_ESC_08,luminosity,Escritorio_B,1.0
2025-09-16 23:30:00,LUM_ESC_08,luminosity,Escritorio_B,3.0
2025-09-16 23:45:00,LUM_ESC_08,luminosity,Escritorio_B,1.0
2025-09-17 00:00:00,LUM_ESC_08,luminosity,Escritorio_B,0.0
2025-09-17 00:15:00,LUM_ESC_08,luminosity,Escritorio_B,0.0
2025-09-17 00:30:00,LUM_ESC_08,luminosity,Escritorio_B,0.0
2025-09-17 00:45:00,LUM_ESC_08,luminosity,Escritorio_B,0.0
2025-09-17 01:00:00,LUM_ESC_08,luminosity,Escritorio_B,0.0
2025-09-17 01:15:00,LUM_ESC_08,luminosity,Escritorio_B,9.0
2025-09-17 01:30:00,LUM_ESC_08,luminosity,Escritorio_B,0.0
2025-09-17 01:45:00,LUM_ESC_08,luminosity,Escritorio_B,0.0
2025-09-17 02:00:00,LUM_ESC_08,luminosity,Escritorio_B,1.0
2025-09-17 02:15:00,LUM_ESC_08,luminosity,Escritorio_B,4.0
2025-09-17 02:30:00,LUM_ESC_08,luminosity,Escritorio_B,0.0
2025-09-17 02:45:00,LUM_ESC_08,luminosity,Escritorio_B,0.0
2025-09-17 03:00:00,LUM_ESC_08,luminosity,Escritorio_B,12.0
2025-09-17 03:15:00,LUM_ESC_08,luminosity,Escritorio_B,3.0
2025-09-17 03:30:00,LUM_ESC_08,luminosity,Escritorio_B,8.0
2025-09-17 03:45:00,LUM_ESC_08,luminosity,Escritorio_B,10.0
2025-09-17 04:00:00,LUM_ESC_08,luminosity,Escritorio_B,4.0
2025-09-17 04:15:00,LUM_ESC_08,luminosity,Escritorio_B,1.0
2025-09-17 04:30:00,LUM_ESC_08,luminosity,Escritorio_B,4.0
2025-09-17 04:45:00,LUM_ESC_08,luminosity,Escritorio_B,5.0
2025-09-17 05:00:00,LUM_ESC_08,luminosity,Escritorio_B,0.0
2025-09-17 05:15:00,LUM_ESC_08,luminosity,Escritorio_B,0.0
2025-09-17 05:30:00,LUM_ESC_08,luminosity,Escritorio_B,0.0
2025-09-17 05:45:00,LUM_ESC_08,luminosity,Escritorio_B,0.0
2025-09-17 06:00:00,LUM_ESC_08,luminosity,Escritorio_B,314.0
2025-09-17 06:15:00,LUM_ESC_08,luminosity,Escritorio_B,310.0
2025-09-17 06:30:00,LUM_ESC_08,luminosity,Escritorio_B,466.0
2025-09-17 06:45:00,LUM_ESC_08,luminosity,Escritorio_B,483.0
2025-09-17 07:00:00,LUM_ESC_08,luminosity,Escritorio_B,579.0
2025-09-17 07:15:00,LUM_ESC_08,luminosity,Escritorio_B,575.0
2025-09-17 07:30:00,LUM_ESC_08,luminosity,Escritorio_B,634.0
2025-09-17 07:45:00,LUM_ESC_08,luminosity,Escritorio_B,646.0
2025-09-17 08:00:00,LUM_ESC_08,luminosity,Escritorio_B,672.0
2025-09-17 08:15:00,LUM_ESC_08,luminosity,Escritorio_B,705.0
2025-09-17 08:30:00,LUM_ESC_08,luminosity,Escritorio_B,762.0
2025-09-17 08:45:00,LUM_ESC_08,luminosity,Escritorio_B,806.0
2025-09-17 09:00:00,LUM_ESC_08,luminosity,Escritorio_B,889.0
2025-09-17 09:15:00,LUM_ESC_08,luminosity,Escritorio_B,900.0
2025-09-17 09:30:00,LUM_ESC_08,luminosity,Escritorio_B,972.0
2025-09-17 09:45:00,LUM_ESC_08,luminosity,Escritorio_B,1053.0
2025-09-17 10:00:00,LUM_ESC_08,luminosity,Escritorio_B,990.0
2025-09-17 10:15:00,LUM_ESC_08,luminosity,Escritorio_B,1018.0
2025-09-17 10:30:00,LUM_ESC_08,luminosity,Escritorio_B,1051.0
2025-09-17 10:45:00,LUM_ESC_08,luminosity,Escritorio_B,1085.0
2025-09-17 11:00:00,LUM_ESC_08,luminosity,Escritorio_B,1134.0
2025-09-17 11:15:00,LUM_ESC_08,luminosity,Escritorio_B,1040.0
2025-09-17 11:30:00,LUM_ESC_08,luminosity,Escritorio_B,1173.0
2025-09-17 11:45:00,LUM_ESC_08,luminosity,Escritorio_B,1148.0
2025-09-17 12:00:00,LUM_ESC_08,luminosity,Escritorio_B,1131.0
2025-09-17 12:15:00,LUM_ESC_08,luminosity,Escritorio_B,1062.0
2025-09-17 12:30:00,LUM_ESC_08,luminosity,Escritorio_B,1142.0
2025-09-17 12:45:00,LUM_ESC_08,luminosity,Escritorio_B,1090.0
2025-09-17 13:00:00,LUM_ESC_08,luminosity,Escritorio_B,1191.0
2025-09-17 13:15:00,LUM_ESC_08,luminosity,Escritorio_B,1068.0
2025-09-17 13:30:00,LUM_ESC_08,luminosity,Escritorio_B,1060.0
2025-09-17 13:45:00,LUM_ESC_08,luminosity,Escritorio_B,1088.0
2025-09-17 14:00:00,LUM_ESC_08,luminosity,Escritorio_B,1083.0
2025-09-17 14:15:00,LUM_ESC_08,luminosity,Escritorio_B,967.0
2025-09-17 14:30:00,LUM_ESC_08,luminosity,Escritorio_B,1021.0
2025-09-17 14:45:00,LUM_ESC_08,luminosity,Escritorio_B,949.0
2025-09-17 15:00:00,LUM_ESC_08,luminosity,Escritorio_B,832.0
2025-09-17 15:15:00,LUM_ESC_08,luminosity,Escritorio_B,849.0
2025-09-17 15:30:00,LUM_ESC_08,luminosity,Escritorio_B,799.0
2025-09-17 15:45:00,LUM_ESC_08,luminosity,Escritorio_B,784.0
2025-09-17 16:00:00,LUM_ESC_08,luminosity,Escritorio_B,777.0
2025-09-17 16:15:00,LUM_ESC_08,luminosity,Escritorio_B,735.0
2025-09-17 16:30:00,LUM_ESC_08,luminosity,Escritorio_B,632.0
2025-09-17 16:45:00,LUM_ESC_08,luminosity,Escritorio_B,665.0
2025-09-17 17:00:00,LUM_ESC_08,luminosity,Escritorio_B,550.0
2025-09-17 17:15:00,LUM_ESC_08,luminosity,Escritorio_B,546.0
2025-09-17 17:30:00,LUM_ESC_08,luminosity,Escritorio_B,433.0
2025-09-17 17:45:00,LUM_ESC_08,luminosity,Escritorio_B,341.0
2025-09-17 18:00:00,LUM_ESC_08,luminosity,Escritorio_B,0.0
2025-09-17 18:15:00,LUM_ESC_08,luminosity,Escritorio_B,0.0
2025-09-17 18:30:00,LUM_ESC_08,luminosity,Escritorio_B,2.0
2025-09-17 18:45:00,LUM_ESC_08,luminosity,Escritorio_B,11.0
2025-09-17 19:00:00,LUM_ESC_08,luminosity,Escritorio_B,3.0
2025-09-17 19:15:00,LUM_ESC_08,luminosity,Escritorio_B,0.0
2025-09-17 19:30:00,LUM_ESC_08,luminosity,Escritorio_B,1.0
2025-09-17 19:45:00,LUM_ESC_08,luminosity,Escritorio_B,0.0
2025-09-17 20:00:00,LUM_ESC_08,luminosity,Escritorio_B,0.0
2025-09-17 20:15:00,LUM_ESC_08,luminosity,Escritorio_B,3.0
2025-09-17 20:30:00,LUM_ESC_08,luminosity,Escritorio_B,0.0
2025-09-17 20:45:00,LUM_ESC_08,luminosity,Escritorio_B,0.0
2025-09-17 21:00:00,LUM_ESC_08,luminosity,Escritorio_B,3.0
2025-09-17 21:15:00,LUM_ESC_08,luminosity,Escritorio_B,3.0
2025-09-17 21:30:00,LUM_ESC_08,luminosity,Escritorio_B,1.0
2025-09-17 21:45:00,LUM_ESC_08,luminosity,Escritorio_B,0.0
2025-09-17 22:00:00,LUM_ESC_08,luminosity,Escritorio_B,5.0
2025-09-17 22:15:00,LUM_ESC_08,luminosity,Escritorio_B,0.0
2025-09-17 22:30:00,LUM_ESC_08,luminosity,Escritorio_B,5.0
2025-09-17 22:45:00,LUM_ESC_08,luminosity,Escritorio_B,6.0
2025-09-17 23:00:00,LUM_ESC_08,luminosity,Escritorio_B,0.0
2025-09-17 23:15:00,LUM_ESC_08,luminosity,Escritorio_B,0.0
2025-09-17 23:30:00,LUM_ESC_08,luminosity,Escritorio_B,3.0
2025-09-17 23:45:00,LUM_ESC_08,luminosity,Escritorio_B,11.0
2025-09-18 00:00:00,LUM_ESC_08,luminosity,Escritorio_B,3.0
2025-09-18 00:15:00,LUM_ESC_08,luminosity,Escritorio_B,8.0
2025-09-18 00:30:00,LUM_ESC_08,luminosity,Escritorio_B,0.0
2025-09-18 00:45:00,LUM_ESC_08,luminosity,Escritorio_B,0.0
2025-09-18 01:00:00,LUM_ESC_08,luminosity,Escritorio_B,3.0
2025-09-18 01:15:00,LUM_ESC_08,luminosity,Escritorio_B,0.0
2025-09-18 01:30:00,LUM_ESC_08,luminosity,Escritorio_B,0.0
2025-09-18 01:45:00,LUM_ESC_08,luminosity,Escritorio_B,0.0
2025-09-18 02:00:00,LUM_ESC_08,luminosity,Escritorio_B,0.0
2025-09-18 02:15:00,LUM_ESC_08,luminosity,Escritorio_B,6.0
2025-09-18 02:30:00,LUM_ESC_08,luminosity,Escritorio_B,0.0
2025-09-18 02:45:00,LUM_ESC_08,luminosity,Escritorio_B,0.0
2025-09-18 03:00:00,LUM_ESC_08,luminosity,Escritorio_B,1.0
2025-09-18 03:15:00,LUM_ESC_08,luminosity,Escritorio_B,0.0
2025-09-18 03:30:00,LUM_ESC_08,luminosity,Escritorio_B,3.0
2025-09-18 03:45:00,LUM_ESC_08,luminosity,Escritorio_B,0.0
2025-09-18 04:00:00,LUM_ESC_08,luminosity,Escritorio_B,0.0
2025-09-18 04:15:00,LUM_ESC_08,luminosity,Escritorio_B,7.0
2025-09-18 04:30:00,LUM_ESC_08,luminosity,Escritorio_B,0.0
2025-09-18 04:45:00,LUM_ESC_08,luminosity,Escritorio_B,0.0
2025-09-18 05:00:00,LUM_ESC_08,luminosity,Escritorio_B,0.0
2025-09-18 05:15:00,LUM_ESC_08,luminosity,Escritorio_B,5.0
2025-09-18 05:30:00,LUM_ESC_08,luminosity,Escritorio_B,3.0
2025-09-18 05:45:00,LUM_ESC_08,luminosity,Escritorio_B,0.0
2025-09-18 06:00:00,LUM_ESC_08,luminosity,Escritorio_B,362.0
2025-09-18 06:15:00,LUM_ESC_08,luminosity,Escritorio_B,329.0
2025-09-18 06:30:00,LUM_ESC_08,luminosity,Escritorio_B,455.0
2025-09-18 06:45:00,LUM_ESC_08,luminosity,Escritorio_B,462.0
2025-09-18 07:00:00,LUM_ESC_08,luminosity,Escritorio_B,568.0
2025-09-18 07:15:00,LUM_ESC_08,luminosity,Escritorio_B,635.0
2025-09-18 07:30:00,LUM_ESC_08,luminosity,Escritorio_B,715.0
2025-09-18 07:45:00,LUM_ESC_08,luminosity,Escritorio_B,740.0
2025-09-18 08:00:00,LUM_ESC_08,luminosity,Escritorio_B,775.0
2025-09-18 08:15:00,LUM_ESC_08,luminosity,Escritorio_B,720.0
2025-09-18 08:30:00,LUM_ESC_08,luminosity,Escritorio_B,752.0
2025-09-18 08:45:00,LUM_ESC_08,luminosity,Escritorio_B,758.0
2025-09-18 09:00:00,LUM_ESC_08,luminosity,Escritorio_B,877.0
2025-09-18 09:15:00,LUM_ESC_08,luminosity,Escritorio_B,983.0
2025-09-18 09:30:00,LUM_ESC_08,luminosity,Escritorio_B,946.0
2025-09-18 09:45:00,LUM_ESC_08,luminosity,Escritorio_B,1025.0
2025-09-18 10:00:00,LUM_ESC_08,luminosity,Escritorio_B,1084.0
2025-09-18 10:15:00,LUM_ESC_08,luminosity,Escritorio_B,1014.0
2025-09-18 10:30:00,LUM_ESC_08,luminosity,Escritorio_B,995.0
2025-09-18 10:45:00,LUM_ESC_08,luminosity,Escritorio_B,1000.0
2025-09-18 11:00:00,LUM_ESC_08,luminosity,Escritorio_B,1065.0
2025-09-18 11:15:00,LUM_ESC_08,luminosity,Escritorio_B,1140.0
2025-09-18 11:30:00,LUM_ESC_08,luminosity,Escritorio_B,1113.0
2025-09-18 11:45:00,LUM_ESC_08,luminosity,Escritorio_B,1043.0
2025-09-18 12:00:00,LUM_ESC_08,luminosity,Escritorio_B,1088.0
2025-09-18 12:15:00,LUM_ESC_08,luminosity,Escritorio_B,1185.0
2025-09-18 12:30:00,LUM_ESC_08,luminosity,Escritorio_B,1131.0
2025-09-18 12:45:00,LUM_ESC_08,luminosity,Escritorio_B,1014.0
2025-09-18 13:00:00,LUM_ESC_08,luminosity,Escritorio_B,1050.0
2025-09-18 13:15:00,LUM_ESC_08,luminosity,Escritorio_B,1104.0
2025-09-18 13:30:00,LUM_ESC_08,luminosity,Escritorio_B,1122.0
2025-09-18 13:45:00,LUM_ESC_08,luminosity,Escritorio_B,988.0
2025-09-18 14:00:00,LUM_ESC_08,luminosity,Escritorio_B,988.0
2025-09-18 14:15:00,LUM_ESC_08,luminosity,Escritorio_B,980.0
2025-09-18 14:30:00,LUM_ESC_08,luminosity,Escritorio_B,973.0
2025-09-18 14:45:00,LUM_ESC_08,luminosity,Escritorio_B,938.0
2025-09-18 15:00:00,LUM_ESC_08,luminosity,Escritorio_B,826.0
2025-09-18 15:15:00,LUM_ESC_08,luminosity,Escritorio_B,828.0
2025-09-18 15:30:00,LUM_ESC_08,luminosity,Escritorio_B,886.0
2025-09-18 15:45:00,LUM_ESC_08,luminosity,Escritorio_B,752.0
2025-09-18 16:00:00,LUM_ESC_08,luminosity,Escritorio_B,716.0
2025-09-18 16:15:00,LUM_ESC_08,luminosity,Escritorio_B,650.0
2025-09-18 16:30:00,LUM_ESC_08,luminosity,Escritorio_B,657.0
2025-09-18 16:45:00,LUM_ESC_08,luminosity,Escritorio_B,540.0
2025-09-18 17:00:00,LUM_ESC_08,luminosity,Escritorio_B,448.0
2025-09-18 17:15:00,LUM_ESC_08,luminosity,Escritorio_B,507.0
2025-09-18 17:30:00,LUM_ESC_08,luminosity,Escritorio_B,517.0
2025-09-18 17:45:00,LUM_ESC_08,luminosity,Escritorio_B,376.0
2025-09-18 18:00:00,LUM_ESC_08,luminosity,Escritorio_B,0.0
2025-09-18 18:15:00,LUM_ESC_08,luminosity,Escritorio_B,0.0
2025-09-18 18:30:00,LUM_ESC_08,luminosity,Escritorio_B,1.0
2025-09-18 18:45:00,LUM_ESC_08,luminosity,Escritorio_B,2.0
2025-09-18 19:00:00,LUM_ESC_08,luminosity,Escritorio_B,3.0
2025-09-18 19:15:00,LUM_ESC_08,luminosity,Escritorio_B,0.0
2025-09-18 19:30:00,LUM_ESC_08,luminosity,Escritorio_B,5.0
2025-09-18 19:45:00,LUM_ESC_08,luminosity,Escritorio_B,0.0
2025-09-18 20:00:00,LUM_ESC_08,luminosity,Escritorio_B,5.0
2025-09-18 20:15:00,LUM_ESC_08,luminosity,Escritorio_B,2.0
2025-09-18 20:30:00,LUM_ESC_08,luminosity,Escritorio_B,0.0
2025-09-18 20:45:00,LUM_ESC_08,luminosity,Escritorio_B,3.0
2025-09-18 21:00:00,LUM_ESC_08,luminosity,Escritorio_B,0.0
2025-09-18 21:15:00,LUM_ESC_08,luminosity,Escritorio_B,6.0
2025-09-18 21:30:00,LUM_ESC_08,luminosity,Escritorio_B,3.0
2025-09-18 21:45:00,LUM_ESC_08,luminosity,Escritorio_B,12.0
2025-09-18 22:00:00,LUM_ESC_08,luminosity,Escritorio_B,1.0
2025-09-18 22:15:00,LUM_ESC_08,luminosity,Escritorio_B,0.0
2025-09-18 22:30:00,LUM_ESC_08,luminosity,Escritorio_B,6.0
2025-09-18 22:45:00,LUM_ESC_08,luminosity,Escritorio_B,1.0
2025-09-18 23:00:00,LUM_ESC_08,luminosity,Escritorio_B,0.0
2025-09-18 23:15:00,LUM_ESC_08,luminosity,Escritorio_B,2.0
2025-09-18 23:30:00,LUM_ESC_08,luminosity,Escritorio_B,0.0
2025-09-18 23:45:00,LUM_ESC_08,luminosity,Escritorio_B,3.0
2025-09-19 00:00:00,LUM_ESC_08,luminosity,Escritorio_B,0.0
2025-09-19 00:15:00,LUM_ESC_08,luminosity,Escritorio_B,0.0
2025-09-19 00:30:00,LUM_ESC_08,luminosity,Escritorio_B,0.0
2025-09-19 00:45:00,LUM_ESC_08,luminosity,Escritorio_B,0.0
2025-09-19 01:00:00,LUM_ESC_08,luminosity,Escritorio_B,0.0
2025-09-19 01:15:00,LUM_ESC_08,luminosity,Escritorio_B,0.0
2025-09-19 01:30:00,LUM_ESC_08,luminosity,Escritorio_B,0.0
2025-09-19 01:45:00,LUM_ESC_08,luminosity,Escritorio_B,0.0
2025-09-19 02:00:00,LUM_ESC_08,luminosity,Escritorio_B,0.0
2025-09-19 02:15:00,LUM_ESC_08,luminosity,Escritorio_B,0.0
2025-09-19 02:30:00,LUM_ESC_08,luminosity,Escritorio_B,2.0
2025-09-19 02:45:00,LUM_ESC_08,luminosity,Escritorio_B,0.0
2025-09-19 03:00:00,LUM_ESC_08,luminosity,Escritorio_B,0.0
2025-09-19 03:15:00,LUM_ESC_08,luminosity,Escritorio_B,0.0
2025-09-19 03:30:00,LUM_ESC_08,luminosity,Escritorio_B,0.0
2025-09-19 03:45:00,LUM_ESC_08,luminosity,Escritorio_B,0.0
2025-09-19 04:00:00,LUM_ESC_08,luminosity,Escritorio_B,0.0
2025-09-19 04:15:00,LUM_ESC_08,luminosity,Escritorio_B,0.0
2025-09-19 04:30:00,LUM_ESC_08,luminosity,Escritorio_B,0.0
2025-09-19 04:45:00,LUM_ESC_08,luminosity,Escritorio_B,5.0
2025-09-19 05:00:00,LUM_ESC_08,luminosity,Escritorio_B,0.0
2025-09-19 05:15:00,LUM_ESC_08,luminosity,Escritorio_B,0.0
2025-09-19 05:30:00,LUM_ESC_08,luminosity,Escritorio_B,0.0
2025-09-19 05:45:00,LUM_ESC_08,luminosity,Escritorio_B,0.0
2025-09-19 06:00:00,LUM_ESC_08,luminosity,Escritorio_B,278.0
2025-09-19 06:15:00,LUM_ESC_08,luminosity,Escritorio_B,421.0
2025-09-19 06:30:00,LUM_ESC_08,luminosity,Escritorio_B,405.0
2025-09-19 06:45:00,LUM_ESC_08,luminosity,Escritorio_B,491.0
2025-09-19 07:00:00,LUM_ESC_08,luminosity,Escritorio_B,548.0
2025-09-19 07:15:00,LUM_ESC_08,luminosity,Escritorio_B,549.0
2025-09-19 07:30:00,LUM_ESC_08,luminosity,Escritorio_B,686.0
2025-09-19 07:45:00,LUM_ESC_08,luminosity,Escritorio_B,605.0
2025-09-19 08:00:00,LUM_ESC_08,luminosity,Escritorio_B,709.0
2025-09-19 08:15:00,LUM_ESC_08,luminosity,Escritorio_B,755.0
2025-09-19 08:30:00,LUM_ESC_08,luminosity,Escritorio_B,835.0
2025-09-19 08:45:00,LUM_ESC_08,luminosity,Escritorio_B,867.0
2025-09-19 09:00:00,LUM_ESC_08,luminosity,Escritorio_B,814.0
2025-09-19 09:15:00,LUM_ESC_08,luminosity,Escritorio_B,935.0
2025-09-19 09:30:00,LUM_ESC_08,luminosity,Escritorio_B,984.0
2025-09-19 09:45:00,LUM_ESC_08,luminosity,Escritorio_B,1087.0
2025-09-19 10:00:00,LUM_ESC_08,luminosity,Escritorio_B,1099.0
2025-09-19 10:15:00,LUM_ESC_08,luminosity,Escritorio_B,1061.0
2025-09-19 10:30:00,LUM_ESC_08,luminosity,Escritorio_B,1052.0
2025-09-19 10:45:00,LUM_ESC_08,luminosity,Escritorio_B,1031.0
2025-09-19 11:00:00,LUM_ESC_08,luminosity,Escritorio_B,1045.0
2025-09-19 11:15:00,LUM_ESC_08,luminosity,Escritorio_B,1149.0
2025-09-19 11:30:00,LUM_ESC_08,luminosity,Escritorio_B,1063.0
2025-09-19 11:45:00,LUM_ESC_08,luminosity,Escritorio_B,1184.0
2025-09-19 12:00:00,LUM_ESC_08,luminosity,Escritorio_B,1144.0
2025-09-19 12:15:00,LUM_ESC_08,luminosity,Escritorio_B,1148.0
2025-09-19 12:30:00,LUM_ESC_08,luminosity,Escritorio_B,1158.0
2025-09-19 12:45:00,LUM_ESC_08,luminosity,Escritorio_B,1137.0
2025-09-19 13:00:00,LUM_ESC_08,luminosity,Escritorio_B,1168.0
2025-09-19 13:15:00,LUM_ESC_08,luminosity,Escritorio_B,1147.0
2025-09-19 13:30:00,LUM_ESC_08,luminosity,Escritorio_B,1088.0
2025-09-19 13:45:00,LUM_ESC_08,luminosity,Escritorio_B,1003.0
2025-09-19 14:00:00,LUM_ESC_08,luminosity,Escritorio_B,1039.0
2025-09-19 14:15:00,LUM_ESC_08,luminosity,Escritorio_B,982.0
2025-09-19 14:30:00,LUM_ESC_08,luminosity,Escritorio_B,930.0
2025-09-19 14:45:00,LUM_ESC_08,luminosity,Escritorio_B,982.0
2025-09-19 15:00:00,LUM_ESC_08,luminosity,Escritorio_B,903.0
2025-09-19 15:15:00,LUM_ESC_08,luminosity,Escritorio_B,759.0
2025-09-19 15:30:00,LUM_ESC_08,luminosity,Escritorio_B,846.0
2025-09-19 15:45:00,LUM_ESC_08,luminosity,Escritorio_B,751.0
2025-09-19 16:00:00,LUM_ESC_08,luminosity,Escritorio_B,640.0
2025-09-19 16:15:00,LUM_ESC_08,luminosity,Escritorio_B,701.0
2025-09-19 16:30:00,LUM_ESC_08,luminosity,Escritorio_B,650.0
2025-09-19 16:45:00,LUM_ESC_08,luminosity,Escritorio_B,605.0
2025-09-19 17:00:00,LUM_ESC_08,luminosity,Escritorio_B,557.0
2025-09-19 17:15:00,LUM_ESC_08,luminosity,Escritorio_B,536.0
2025-09-19 17:30:00,LUM_ESC_08,luminosity,Escritorio_B,439.0
2025-09-19 17:45:00,LUM_ESC_08,luminosity,Escritorio_B,397.0
2025-09-19 18:00:00,LUM_ESC_08,luminosity,Escritorio_B,1.0
2025-09-19 18:15:00,LUM_ESC_08,luminosity,Escritorio_B,0.0
2025-09-19 18:30:00,LUM_ESC_08,luminosity,Escritorio_B,7.0
2025-09-19 18:45:00,LUM_ESC_08,luminosity,Escritorio_B,0.0
2025-09-19 19:00:00,LUM_ESC_08,luminosity,Escritorio_B,0.0
2025-09-19 19:15:00,LUM_ESC_08,luminosity,Escritorio_B,0.0
2025-09-19 19:30:00,LUM_ESC_08,luminosity,Escritorio_B,0.0
2025-09-19 19:45:00,LUM_ESC_08,luminosity,Escritorio_B,7.0
2025-09-19 20:00:00,LUM_ESC_08,luminosity,Escritorio_B,4.0
2025-09-19 20:15:00,LUM_ESC_08,luminosity,Escritorio_B,0.0
2025-09-19 20:30:00,LUM_ESC_08,luminosity,Escritorio_B,0.0
2025-09-19 20:45:00,LUM_ESC_08,luminosity,Escritorio_B,0.0
2025-09-19 21:00:00,LUM_ESC_08,luminosity,Escritorio_B,0.0
2025-09-19 21:15:00,LUM_ESC_08,luminosity,Escritorio_B,3.0
2025-09-19 21:30:00,LUM_ESC_08,luminosity,Escritorio_B,0.0
2025-09-19 21:45:00,LUM_ESC_08,luminosity,Escritorio_B,9.0
2025-09-19 22:00:00,LUM_ESC_08,luminosity,Escritorio_B,0.0
2025-09-19 22:15:00,LUM_ESC_08,luminosity,Escritorio_B,2.0
2025-09-19 22:30:00,LUM_ESC_08,luminosity,Escritorio_B,0.0
2025-09-19 22:45:00,LUM_ESC_08,luminosity,Escritorio_B,0.0
2025-09-19 23:00:00,LUM_ESC_08,luminosity,Escritorio_B,0.0
2025-09-19 23:15:00,LUM_ESC_08,luminosity,Escritorio_B,0.0
2025-09-19 23:30:00,LUM_ESC_08,luminosity,Escritorio_B,7.0
2025-09-19 23:45:00,LUM_ESC_08,luminosity,Escritorio_B,0.0
2025-09-20 00:00:00,LUM_ESC_08,luminosity,Escritorio_B,0.0
2025-09-20 00:15:00,LUM_ESC_08,luminosity,Escritorio_B,7.0
2025-09-20 00:30:00,LUM_ESC_08,luminosity,Escritorio_B,3.0
2025-09-20 00:45:00,LUM_ESC_08,luminosity,Escritorio_B,0.0
2025-09-20 01:00:00,LUM_ESC_08,luminosity,Escritorio_B,3.0
2025-09-20 01:15:00,LUM_ESC_08,luminosity,Escritorio_B,0.0
2025-09-20 01:30:00,LUM_ESC_08,luminosity,Escritorio_B,0.0
2025-09-20 01:45:00,LUM_ESC_08,luminosity,Escritorio_B,4.0
2025-09-20 02:00:00,LUM_ESC_08,luminosity,Escritorio_B,2.0
2025-09-20 02:15:00,LUM_ESC_08,luminosity,Escritorio_B,0.0
2025-09-20 02:30:00,LUM_ESC_08,luminosity,Escritorio_B,0.0
2025-09-20 02:45:00,LUM_ESC_08,luminosity,Escritorio_B,1.0
2025-09-20 03:00:00,LUM_ESC_08,luminosity,Escritorio_B,3.0
2025-09-20 03:15:00,LUM_ESC_08,luminosity,Escritorio_B,6.0
2025-09-20 03:30:00,LUM_ESC_08,luminosity,Escritorio_B,0.0
2025-09-20 03:45:00,LUM_ESC_08,luminosity,Escritorio_B,1.0
2025-09-20 04:00:00,LUM_ESC_08,luminosity,Escritorio_B,0.0
2025-09-20 04:15:00,LUM_ESC_08,luminosity,Escritorio_B,4.0
2025-09-20 04:30:00,LUM_ESC_08,luminosity,Escritorio_B,10.0
2025-09-20 04:45:00,LUM_ESC_08,luminosity,Escritorio_B,0.0
2025-09-20 05:00:00,LUM_ESC_08,luminosity,Escritorio_B,0.0
2025-09-20 05:15:00,LUM_ESC_08,luminosity,Escritorio_B,0.0
2025-09-20 05:30:00,LUM_ESC_08,luminosity,Escritorio_B,0.0
2025-09-20 05:45:00,LUM_ESC_08,luminosity,Escritorio_B,0.0
2025-09-20 06:00:00,LUM_ESC_08,luminosity,Escritorio_B,271.0
2025-09-20 06:15:00,LUM_ESC_08,luminosity,Escritorio_B,375.0
2025-09-20 06:30:00,LUM_ESC_08,luminosity,Escritorio_B,420.0
2025-09-20 06:45:00,LUM_ESC_08,luminosity,Escritorio_B,505.0
2025-09-20 07:00:00,LUM_ESC_08,luminosity,Escritorio_B,545.0
2025-09-20 07:15:00,LUM_ESC_08,luminosity,Escritorio_B,476.0
2025-09-20 07:30:00,LUM_ESC_08,luminosity,Escritorio_B,677.0
2025-09-20 07:45:00,LUM_ESC_08,luminosity,Escritorio_B,683.0
2025-09-20 08:00:00,LUM_ESC_08,luminosity,Escritorio_B,711.0
2025-09-20 08:15:00,LUM_ESC_08,luminosity,Escritorio_B,706.0
2025-09-20 08:30:00,LUM_ESC_08,luminosity,Escritorio_B,861.0
2025-09-20 08:45:00,LUM_ESC_08,luminosity,Escritorio_B,840.0
2025-09-20 09:00:00,LUM_ESC_08,luminosity,Escritorio_B,862.0
2025-09-20 09:15:00,LUM_ESC_08,luminosity,Escritorio_B,864.0
2025-09-20 09:30:00,LUM_ESC_08,luminosity,Escritorio_B,944.0
2025-09-20 09:45:00,LUM_ESC_08,luminosity,Escritorio_B,959.0
2025-09-20 10:00:00,LUM_ESC_08,luminosity,Escritorio_B,989.0
2025-09-20 10:15:00,LUM_ESC_08,luminosity,Escritorio_B,1118.0
2025-09-20 10:30:00,LUM_ESC_08,luminosity,Escritorio_B,1044.0
2025-09-20 10:45:00,LUM_ESC_08,luminosity,Escritorio_B,1026.0
2025-09-20 11:00:00,LUM_ESC_08,luminosity,Escritorio_B,1141.0
2025-09-20 11:15:00,LUM_ESC_08,luminosity,Escritorio_B,1060.0
2025-09-20 11:30:00,LUM_ESC_08,luminosity,Escritorio_B,1131.0
2025-09-20 11:45:00,LUM_ESC_08,luminosity,Escritorio_B,1192.0
2025-09-20 12:00:00,LUM_ESC_08,luminosity,Escritorio_B,1151.0
2025-09-20 12:15:00,LUM_ESC_08,luminosity,Escritorio_B,1146.0
2025-09-20 12:30:00,LUM_ESC_08,luminosity,Escritorio_B,1193.0
2025-09-20 12:45:00,LUM_ESC_08,luminosity,Escritorio_B,1111.0
2025-09-20 13:00:00,LUM_ESC_08,luminosity,Escritorio_B,1055.0
2025-09-20 13:15:00,LUM_ESC_08,luminosity,Escritorio_B,1014.0
2025-09-20 13:30:00,LUM_ESC_08,luminosity,Escritorio_B,1064.0
2025-09-20 13:45:00,LUM_ESC_08,luminosity,Escritorio_B,1153.0
2025-09-20 14:00:00,LUM_ESC_08,luminosity,Escritorio_B,923.0
2025-09-20 14:15:00,LUM_ESC_08,luminosity,Escritorio_B,986.0
2025-09-20 14:30:00,LUM_ESC_08,luminosity,Escritorio_B,920.0
2025-09-20 14:45:00,LUM_ESC_08,luminosity,Escritorio_B,945.0
2025-09-20 15:00:00,LUM_ESC_08,luminosity,Escritorio_B,900.0
2025-09-20 15:15:00,LUM_ESC_08,luminosity,Escritorio_B,914.0
2025-09-20 15:30:00,LUM_ESC_08,luminosity,Escritorio_B,821.0
2025-09-20 15:45:00,LUM_ESC_08,luminosity,Escritorio_B,787.0
2025-09-20 16:00:00,LUM_ESC_08,luminosity,Escritorio_B,722.0
2025-09-20 16:15:00,LUM_ESC_08,luminosity,Escritorio_B,758.0
2025-09-20 16:30:00,LUM_ESC_08,luminosity,Escritorio_B,596.0
2025-09-20 16:45:00,LUM_ESC_08,luminosity,Escritorio_B,507.0
2025-09-20 17:00:00,LUM_ESC_08,luminosity,Escritorio_B,599.0
2025-09-20 17:15:00,LUM_ESC_08,luminosity,Escritorio_B,480.0
2025-09-20 17:30:00,LUM_ESC_08,luminosity,Escritorio_B,393.0
2025-09-20 17:45:00,LUM_ESC_08,luminosity,Escritorio_B,444.0
2025-09-20 18:00:00,LUM_ESC_08,luminosity,Escritorio_B,1.0
2025-09-20 18:15:00,LUM_ESC_08,luminosity,Escritorio_B,0.0
2025-09-20 18:30:00,LUM_ESC_08,luminosity,Escritorio_B,0.0
2025-09-20 18:45:00,LUM_ESC_08,luminosity,Escritorio_B,0.0
2025-09-20 19:00:00,LUM_ESC_08,luminosity,Escritorio_B,7.0
2025-09-20 19:15:00,LUM_ESC_08,luminosity,Escritorio_B,0.0
2025-09-20 19:30:00,LUM_ESC_08,luminosity,Escritorio_B,9.0
2025-09-20 19:45:00,LUM_ESC_08,luminosity,Escritorio_B,0.0
2025-09-20 20:00:00,LUM_ESC_08,luminosity,Escritorio_B,0.0
2025-09-20 20:15:00,LUM_ESC_08,luminosity,Escritorio_B,2.0
2025-09-20 20:30:00,LUM_ESC_08,luminosity,Escritorio_B,3.0
2025-09-20 20:45:00,LUM_ESC_08,luminosity,Escritorio_B,10.0
2025-09-20 21:00:00,LUM_ESC_08,luminosity,Escritorio_B,0.0
2025-09-20 21:15:00,LUM_ESC_08,luminosity,Escritorio_B,0.0
2025-09-20 21:30:00,LUM_ESC_08,luminosity,Escritorio_B,7.0
2025-09-20 21:45:00,LUM_ESC_08,luminosity,Escritorio_B,0.0
2025-09-20 22:00:00,LUM_ESC_08,luminosity,Escritorio_B,2.0
2025-09-20 22:15:00,LUM_ESC_08,luminosity,Escritorio_B,2.0
2025-09-20 22:30:00,LUM_ESC_08,luminosity,Escritorio_B,4.0
2025-09-20 22:45:00,LUM_ESC_08,luminosity,Escritorio_B,15.0
2025-09-20 23:00:00,LUM_ESC_08,luminosity,Escritorio_B,0.0
2025-09-20 23:15:00,LUM_ESC_08,luminosity,Escritorio_B,0.0
2025-09-20 23:30:00,LUM_ESC_08,luminosity,Escritorio_B,0.0
2025-09-20 23:45:00,LUM_ESC_08,luminosity,Escritorio_B,4.0
2025-09-21 00:00:00,LUM_ESC_08,luminosity,Escritorio_B,2.0
2025-09-21 00:15:00,LUM_ESC_08,luminosity,Escritorio_B,6.0
2025-09-21 00:30:00,LUM_ESC_08,luminosity,Escritorio_B,0.0
2025-09-21 00:45:00,LUM_ESC_08,luminosity,Escritorio_B,1.0
2025-09-21 01:00:00,LUM_ESC_08,luminosity,Escritorio_B,1.0
2025-09-21 01:15:00,LUM_ESC_08,luminosity,Escritorio_B,0.0
2025-09-21 01:30:00,LUM_ESC_08,luminosity,Escritorio_B,0.0
2025-09-21 01:45:00,LUM_ESC_08,luminosity,Escritorio_B,0.0
2025-09-21 02:00:00,LUM_ESC_08,luminosity,Escritorio_B,6.0
2025-09-21 02:15:00,LUM_ESC_08,luminosity,Escritorio_B,0.0
2025-09-21 02:30:00,LUM_ESC_08,luminosity,Escritorio_B,0.0
2025-09-21 02:45:00,LUM_ESC_08,luminosity,Escritorio_B,5.0
2025-09-21 03:00:00,LUM_ESC_08,luminosity,Escritorio_B,8.0
2025-09-21 03:15:00,LUM_ESC_08,luminosity,Escritorio_B,4.0
2025-09-21 03:30:00,LUM_ESC_08,luminosity,Escritorio_B,0.0
2025-09-21 03:45:00,LUM_ESC_08,luminosity,Escritorio_B,2.0
2025-09-21 04:00:00,LUM_ESC_08,luminosity,Escritorio_B,1.0
2025-09-21 04:15:00,LUM_ESC_08,luminosity,Escritorio_B,0.0
2025-09-21 04:30:00,LUM_ESC_08,luminosity,Escritorio_B,1.0
2025-09-21 04:45:00,LUM_ESC_08,luminosity,Escritorio_B,0.0
2025-09-21 05:00:00,LUM_ESC_08,luminosity,Escritorio_B,10.0
2025-09-21 05:15:00,LUM_ESC_08,luminosity,Escritorio_B,0.0
2025-09-21 05:30:00,LUM_ESC_08,luminosity,Escritorio_B,0.0
2025-09-21 05:45:00,LUM_ESC_08,luminosity,Escritorio_B,9.0
2025-09-21 06:00:00,LUM_ESC_08,luminosity,Escritorio_B,379.0
2025-09-21 06:15:00,LUM_ESC_08,luminosity,Escritorio_B,367.0
2025-09-21 06:30:00,LUM_ESC_08,luminosity,Escritorio_B,454.0
2025-09-21 06:45:00,LUM_ESC_08,luminosity,Escritorio_B,572.0
2025-09-21 07:00:00,LUM_ESC_08,luminosity,Escritorio_B,488.0
2025-09-21 07:15:00,LUM_ESC_08,luminosity,Escritorio_B,523.0
2025-09-21 07:30:00,LUM_ESC_08,luminosity,Escritorio_B,665.0
2025-09-21 07:45:00,LUM_ESC_08,luminosity,Escritorio_B,623.0
2025-09-21 08:00:00,LUM_ESC_08,luminosity,Escritorio_B,768.0
2025-09-21 08:15:00,LUM_ESC_08,luminosity,Escritorio_B,767.0
2025-09-21 08:30:00,LUM_ESC_08,luminosity,Escritorio_B,802.0
2025-09-21 08:45:00,LUM_ESC_08,luminosity,Escritorio_B,769.0
2025-09-21 09:00:00,LUM_ESC_08,luminosity,Escritorio_B,939.0
2025-09-21 09:15:00,LUM_ESC_08,luminosity,Escritorio_B,918.0
2025-09-21 09:30:00,LUM_ESC_08,luminosity,Escritorio_B,975.0
2025-09-21 09:45:00,LUM_ESC_08,luminosity,Escritorio_B,956.0
2025-09-21 10:00:00,LUM_ESC_08,luminosity,Escritorio_B,1019.0
2025-09-21 10:15:00,LUM_ESC_08,luminosity,Escritorio_B,1111.0
2025-09-21 10:30:00,LUM_ESC_08,luminosity,Escritorio_B,1054.0
2025-09-21 10:45:00,LUM_ESC_08,luminosity,Escritorio_B,1110.0
2025-09-21 11:00:00,LUM_ESC_08,luminosity,Escritorio_B,1114.0
2025-09-21 11:15:00,LUM_ESC_08,luminosity,Escritorio_B,1124.0
2025-09-21 11:30:00,LUM_ESC_08,luminosity,Escritorio_B,1138.0
2025-09-21 11:45:00,LUM_ESC_08,luminosity,Escritorio_B,1170.0
2025-09-21 12:00:00,LUM_ESC_08,luminosity,Escritorio_B,1206.0
2025-09-21 12:15:00,LUM_ESC_08,luminosity,Escritorio_B,1132.0
2025-09-21 12:30:00,LUM_ESC_08,luminosity,Escritorio_B,1123.0
2025-09-21 12:45:00,LUM_ESC_08,luminosity,Escritorio_B,1124.0
2025-09-21 13:00:00,LUM_ESC_08,luminosity,Escritorio_B,1046.0
2025-09-21 13:15:00,LUM_ESC_08,luminosity,Escritorio_B,1121.0
2025-09-21 13:30:00,LUM_ESC_08,luminosity,Escritorio_B,991.0
2025-09-21 13:45:00,LUM_ESC_08,luminosity,Escritorio_B,951.0
2025-09-21 14:00:00,LUM_ESC_08,luminosity,Escritorio_B,1041.0
2025-09-21 14:15:00,LUM_ESC_08,luminosity,Escritorio_B,951.0
2025-09-21 14:30:00,LUM_ESC_08,luminosity,Escritorio_B,969.0
2025-09-21 14:45:00,LUM_ESC_08,luminosity,Escritorio_B,880.0
2025-09-21 15:00:00,LUM_ESC_08,luminosity,Escritorio_B,793.0
2025-09-21 15:15:00,LUM_ESC_08,luminosity,Escritorio_B,801.0
2025-09-21 15:30:00,LUM_ESC_08,luminosity,Escritorio_B,848.0
2025-09-21 15:45:00,LUM_ESC_08,luminosity,Escritorio_B,769.0
2025-09-21 16:00:00,LUM_ESC_08,luminosity,Escritorio_B,664.0
2025-09-21 16:15:00,LUM_ESC_08,luminosity,Escritorio_B,691.0
2025-09-21 16:30:00,LUM_ESC_08,luminosity,Escritorio_B,708.0
2025-09-21 16:45:00,LUM_ESC_08,luminosity,Escritorio_B,555.0
2025-09-21 17:00:00,LUM_ESC_08,luminosity,Escritorio_B,472.0
2025-09-21 17:15:00,LUM_ESC_08,luminosity,Escritorio_B,442.0
2025-09-21 17:30:00,LUM_ESC_08,luminosity,Escritorio_B,401.0
2025-09-21 17:45:00,LUM_ESC_08,luminosity,Escritorio_B,364.0
2025-09-21 18:00:00,LUM_ESC_08,luminosity,Escritorio_B,3.0
2025-09-21 18:15:00,LUM_ESC_08,luminosity,Escritorio_B,0.0
2025-09-21 18:30:00,LUM_ESC_08,luminosity,Escritorio_B,7.0
2025-09-21 18:45:00,LUM_ESC_08,luminosity,Escritorio_B,5.0
2025-09-21 19:00:00,LUM_ESC_08,luminosity,Escritorio_B,5.0
2025-09-21 19:15:00,LUM_ESC_08,luminosity,Escritorio_B,3.0
2025-09-21 19:30:00,LUM_ESC_08,luminosity,Escritorio_B,4.0
2025-09-21 19:45:00,LUM_ESC_08,luminosity,Escritorio_B,0.0
2025-09-21 20:00:00,LUM_ESC_08,luminosity,Escritorio_B,0.0
2025-09-21 20:15:00,LUM_ESC_08,luminosity,Escritorio_B,3.0
2025-09-21 20:30:00,LUM_ESC_08,luminosity,Escritorio_B,0.0
2025-09-21 20:45:00,LUM_ESC_08,luminosity,Escritorio_B,0.0
2025-09-21 21:00:00,LUM_ESC_08,luminosity,Escritorio_B,3.0
2025-09-21 21:15:00,LUM_ESC_08,luminosity,Escritorio_B,6.0
2025-09-21 21:30:00,LUM_ESC_08,luminosity,Escritorio_B,0.0
2025-09-21 21:45:00,LUM_ESC_08,luminosity,Escritorio_B,7.0
2025-09-21 22:00:00,LUM_ESC_08,luminosity,Escritorio_B,0.0
2025-09-21 22:15:00,LUM_ESC_08,luminosity,Escritorio_B,0.0
2025-09-21 22:30:00,LUM_ESC_08,luminosity,Escritorio_B,0.0
2025-09-21 22:45:00,LUM_ESC_08,luminosity,Escritorio_B,0.0
2025-09-21 23:00:00,LUM_ESC_08,luminosity,Escritorio_B,0.0
2025-09-21 23:15:00,LUM_ESC_08,luminosity,Escritorio_B,2.0
2025-09-21 23:30:00,LUM_ESC_08,luminosity,Escritorio_B,0.0
2025-09-21 23:45:00,LUM_ESC_08,luminosity,Escritorio_B,4.0
2025-09-15 00:00:00,OCC_ESC_09,occupancy,Escritorio_B,0.0
2025-09-15 00:15:00,OCC_ESC_09,occupancy,Escritorio_B,0.0
2025-09-15 00:30:00,OCC_ESC_09,occupancy,Escritorio_B,0.0
2025-09-15 00:45:00,OCC_ESC_09,occupancy,Escritorio_B,0.0
2025-09-15 01:00:00,OCC_ESC_09,occupancy,Escritorio_B,0.0
2025-09-15 01:15:00,OCC_ESC_09,occupancy,Escritorio_B,0.0
2025-09-15 01:30:00,OCC_ESC_09,occupancy,Escritorio_B,0.0
2025-09-15 01:45:00,OCC_ESC_09,occupancy,Escritorio_B,0.0
2025-09-15 02:00:00,OCC_ESC_09,occupancy,Escritorio_B,0.0
2025-09-15 02:15:00,OCC_ESC_09,occupancy,Escritorio_B,0.0
2025-09-15 02:30:00,OCC_ESC_09,occupancy,Escritorio_B,0.0
2025-09-15 02:45:00,OCC_ESC_09,occupancy,Escritorio_B,0.0
2025-09-15 03:00:00,OCC_ESC_09,occupancy,Escritorio_B,0.0
2025-09-15 03:15:00,OCC_ESC_09,occupancy,Escritorio_B,0.0
2025-09-15 03:30:00,OCC_ESC_09,occupancy,Escritorio_B,0.0
2025-09-15 03:45:00,OCC_ESC_09,occupancy,Escritorio_B,0.0
2025-09-15 04:00:00,OCC_ESC_09,occupancy,Escritorio_B,0.0
2025-09-15 04:15:00,OCC_ESC_09,occupancy,Escritorio_B,0.0
2025-09-15 04:30:00,OCC_ESC_09,occupancy,Escritorio_B,0.0
2025-09-15 04:45:00,OCC_ESC_09,occupancy,Escritorio_B,1.0
2025-09-15 05:00:00,OCC_ESC_09,occupancy,Escritorio_B,0.0
2025-09-15 05:15:00,OCC_ESC_09,occupancy,Escritorio_B,0.0
2025-09-15 05:30:00,OCC_ESC_09,occupancy,Escritorio_B,0.0
2025-09-15 05:45:00,OCC_ESC_09,occupancy,Escritorio_B,0.0
2025-09-15 06:00:00,OCC_ESC_09,occupancy,Escritorio_B,0.0
2025-09-15 06:15:00,OCC_ESC_09,occupancy,Escritorio_B,0.0
2025-09-15 06:30:00,OCC_ESC_09,occupancy,Escritorio_B,0.0
2025-09-15 06:45:00,OCC_ESC_09,occupancy,Escritorio_B,0.0
2025-09-15 07:00:00,OCC_ESC_09,occupancy,Escritorio_B,0.0
2025-09-15 07:15:00,OCC_ESC_09,occupancy,Escritorio_B,0.0
2025-09-15 07:30:00,OCC_ESC_09,occupancy,Escritorio_B,0.0
2025-09-15 07:45:00,OCC_ESC_09,occupancy,Escritorio_B,0.0
2025-09-15 08:00:00,OCC_ESC_09,occupancy,Escritorio_B,1.0
2025-09-15 08:15:00,OCC_ESC_09,occupancy,Escritorio_B,1.0
2025-09-15 08:30:00,OCC_ESC_09,occupancy,Escritorio_B,1.0
2025-09-15 08:45:00,OCC_ESC_09,occupancy,Escritorio_B,1.0
2025-09-15 09:00:00,OCC_ESC_09,occupancy,Escritorio_B,0.0
2025-09-15 09:15:00,OCC_ESC_09,occupancy,Escritorio_B,0.0
2025-09-15 09:30:00,OCC_ESC_09,occupancy,Escritorio_B,0.0
2025-09-15 09:45:00,OCC_ESC_09,occupancy,Escritorio_B,0.0
2025-09-15 10:00:00,OCC_ESC_09,occupancy,Escritorio_B,1.0
2025-09-15 10:15:00,OCC_ESC_09,occupancy,Escritorio_B,1.0
2025-09-15 10:30:00,OCC_ESC_09,occupancy,Escritorio_B,1.0
2025-09-15 10:45:00,OCC_ESC_09,occupancy,Escritorio_B,1.0
2025-09-15 11:00:00,OCC_ESC_09,occupancy,Escritorio_B,0.0
2025-09-15 11:15:00,OCC_ESC_09,occupancy,Escritorio_B,1.0
2025-09-15 11:30:00,OCC_ESC_09,occupancy,Escritorio_B,0.0
2025-09-15 11:45:00,OCC_ESC_09,occupancy,Escritorio_B,0.0
2025-09-15 12:00:00,OCC_ESC_09,occupancy,Escritorio_B,1.0
2025-09-15 12:15:00,OCC_ESC_09,occupancy,Escritorio_B,0.0
2025-09-15 12:30:00,OCC_ESC_09,occupancy,Escritorio_B,1.0
2025-09-15 12:45:00,OCC_ESC_09,occupancy,Escritorio_B,1.0
2025-09-15 13:00:00,OCC_ESC_09,occupancy,Escritorio_B,0.0
2025-09-15 13:15:00,OCC_ESC_09,occupancy,Escritorio_B,1.0
2025-09-15 13:30:00,OCC_ESC_09,occupancy,Escritorio_B,1.0
2025-09-15 13:45:00,OCC_ESC_09,occupancy,Escritorio_B,0.0
2025-09-15 14:00:00,OCC_ESC_09,occupancy,Escritorio_B,1.0
2025-09-15 14:15:00,OCC_ESC_09,occupancy,Escritorio_B,0.0
2025-09-15 14:30:00,OCC_ESC_09,occupancy,Escritorio_B,1.0
2025-09-15 14:45:00,OCC_ESC_09,occupancy,Escritorio_B,0.0
2025-09-15 15:00:00,OCC_ESC_09,occupancy,Escritorio_B,1.0
2025-09-15 15:15:00,OCC_ESC_09,occupancy,Escritorio_B,1.0
2025-09-15 15:30:00,OCC_ESC_09,occupancy,Escritorio_B,0.0
2025-09-15 15:45:00,OCC_ESC_09,occupancy,Escritorio_B,0.0
2025-09-15 16:00:00,OCC_ESC_09,occupancy,Escritorio_B,1.0
2025-09-15 16:15:00,OCC_ESC_09,occupancy,Escritorio_B,1.0
2025-09-15 16:30:00,OCC_ESC_09,occupancy,Escritorio_B,0.0
2025-09-15 16:45:00,OCC_ESC_09,occupancy,Escritorio_B,1.0
2025-09-15 17:00:00,OCC_ESC_09,occupancy,Escritorio_B,1.0
2025-09-15 17:15:00,OCC_ESC_09,occupancy,Escritorio_B,1.0
2025-09-15 17:30:00,OCC_ESC_09,occupancy,Escritorio_B,1.0
2025-09-15 17:45:00,OCC_ESC_09,occupancy,Escritorio_B,0.0
2025-09-15 18:00:00,OCC_ESC_09,occupancy,Escritorio_B,0.0
2025-09-15 18:15:00,OCC_ESC_09,occupancy,Escritorio_B,0.0
2025-09-15 18:30:00,OCC_ESC_09,occupancy,Escritorio_B,0.0
2025-09-15 18:45:00,OCC_ESC_09,occupancy,Escritorio_B,0.0
2025-09-15 19:00:00,OCC_ESC_09,occupancy,Escritorio_B,0.0
2025-09-15 19:15:00,OCC_ESC_09,occupancy,Escritorio_B,0.0
2025-09-15 19:30:00,OCC_ESC_09,occupancy,Escritorio_B,0.0
2025-09-15 19:45:00,OCC_ESC_09,occupancy,Escritorio_B,0.0
2025-09-15 20:00:00,OCC_ESC_09,occupancy,Escritorio_B,0.0
2025-09-15 20:15:00,OCC_ESC_09,occupancy,Escritorio_B,0.0
2025-09-15 20:30:00,OCC_ESC_09,occupancy,Escritorio_B,0.0
2025-09-15 20:45:00,OCC_ESC_09,occupancy,Escritorio_B,0.0
2025-09-15 21:00:00,OCC_ESC_09,occupancy,Escritorio_B,0.0
2025-09-15 21:15:00,OCC_ESC_09,occupancy,Escritorio_B,0.0
2025-09-15 21:30:00,OCC_ESC_09,occupancy,Escritorio_B,1.0
2025-09-15 21:45:00,OCC_ESC_09,occupancy,Escritorio_B,0.0
2025-09-15 22:00:00,OCC_ESC_09,occupancy,Escritorio_B,0.0
2025-09-15 22:15:00,OCC_ESC_09,occupancy,Escritorio_B,0.0
2025-09-15 22:30:00,OCC_ESC_09,occupancy,Escritorio_B,1.0
2025-09-15 22:45:00,OCC_ESC_09,occupancy,Escritorio_B,0.0
2025-09-15 23:00:00,OCC_ESC_09,occupancy,Escritorio_B,0.0
2025-09-15 23:15:00,OCC_ESC_09,occupancy,Escritorio_B,0.0
2025-09-15 23:30:00,OCC_ESC_09,occupancy,Escritorio_B,0.0
2025-09-15 23:45:00,OCC_ESC_09,occupancy,Escritorio_B,0.0
2025-09-16 00:00:00,OCC_ESC_09,occupancy,Escritorio_B,1.0
2025-09-16 00:15:00,OCC_ESC_09,occupancy,Escritorio_B,0.0
2025-09-16 00:30:00,OCC_ESC_09,occupancy,Escritorio_B,0.0
2025-09-16 00:45:00,OCC_ESC_09,occupancy,Escritorio_B,0.0
2025-09-16 01:00:00,OCC_ESC_09,occupancy,Escritorio_B,0.0
2025-09-16 01:15:00,OCC_ESC_09,occupancy,Escritorio_B,0.0
2025-09-16 01:30:00,OCC_ESC_09,occupancy,Escritorio_B,0.0
2025-09-16 01:45:00,OCC_ESC_09,occupancy,Escritorio_B,1.0
2025-09-16 02:00:00,OCC_ESC_09,occupancy,Escritorio_B,1.0
2025-09-16 02:15:00,OCC_ESC_09,occupancy,Escritorio_B,1.0
2025-09-16 02:30:00,OCC_ESC_09,occupancy,Escritorio_B,0.0
2025-09-16 02:45:00,OCC_ESC_09,occupancy,Escritorio_B,0.0
2025-09-16 03:00:00,OCC_ESC_09,occupancy,Escritorio_B,0.0
2025-09-16 03:15:00,OCC_ESC_09,occupancy,Escritorio_B,0.0
2025-09-16 03:30:00,OCC_ESC_09,occupancy,Escritorio_B,0.0
2025-09-16 03:45:00,OCC_ESC_09,occupancy,Escritorio_B,0.0
2025-09-16 04:00:00,OCC_ESC_09,occupancy,Escritorio_B,0.0
2025-09-16 04:15:00,OCC_ESC_09,occupancy,Escritorio_B,0.0
2025-09-16 04:30:00,OCC_ESC_09,occupancy,Escritorio_B,0.0
2025-09-16 04:45:00,OCC_ESC_09,occupancy,Escritorio_B,0.0
2025-09-16 05:00:00,OCC_ESC_09,occupancy,Escritorio_B,0.0
2025-09-16 05:15:00,OCC_ESC_09,occupancy,Escritorio_B,1.0
2025-09-16 05:30:00,OCC_ESC_09,occupancy,Escritorio_B,0.0
2025-09-16 05:45:00,OCC_ESC_09,occupancy,Escritorio_B,0.0
2025-09-16 06:00:00,OCC_ESC_09,occupancy,Escritorio_B,1.0
2025-09-16 06:15:00,OCC_ESC_09,occupancy,Escritorio_B,0.0
2025-09-16 06:30:00,OCC_ESC_09,occupancy,Escritorio_B,0.0
2025-09-16 06:45:00,OCC_ESC_09,occupancy,Escritorio_B,1.0
2025-09-16 07:00:00,OCC_ESC_09,occupancy,Escritorio_B,0.0
2025-09-16 07:15:00,OCC_ESC_09,occupancy,Escritorio_B,0.0
2025-09-16 07:30:00,OCC_ESC_09,occupancy,Escritorio_B,1.0
2025-09-16 07:45:00,OCC_ESC_09,occupancy,Escritorio_B,0.0
2025-09-16 08:00:00,OCC_ESC_09,occupancy,Escritorio_B,1.0
2025-09-16 08:15:00,OCC_ESC_09,occupancy,Escritorio_B,1.0
2025-09-16 08:30:00,OCC_ESC_09,occupancy,Escritorio_B,1.0
2025-09-16 08:45:00,OCC_ESC_09,occupancy,Escritorio_B,1.0
2025-09-16 09:00:00,OCC_ESC_09,occupancy,Escritorio_B,1.0
2025-09-16 09:15:00,OCC_ESC_09,occupancy,Escritorio_B,0.0
2025-09-16 09:30:00,OCC_ESC_09,occupancy,Escritorio_B,0.0
2025-09-16 09:45:00,OCC_ESC_09,occupancy,Escritorio_B,0.0
2025-09-16 10:00:00,OCC_ESC_09,occupancy,Escritorio_B,0.0
2025-09-16 10:15:00,OCC_ESC_09,occupancy,Escritorio_B,1.0
2025-09-16 10:30:00,OCC_ESC_09,occupancy,Escritorio_B,1.0
2025-09-16 10:45:00,OCC_ESC_09,occupancy,Escritorio_B,1.0
2025-09-16 11:00:00,OCC_ESC_09,occupancy,Escritorio_B,0.0
2025-09-16 11:15:00,OCC_ESC_09,occupancy,Escritorio_B,0.0
2025-09-16 11:30:00,OCC_ESC_09,occupancy,Escritorio_B,1.0
2025-09-16 11:45:00,OCC_ESC_09,occupancy,Escritorio_B,1.0
2025-09-16 12:00:00,OCC_ESC_09,occupancy,Escritorio_B,0.0
2025-09-16 12:15:00,OCC_ESC_09,occupancy,Escritorio_B,0.0
2025-09-16 12:30:00,OCC_ESC_09,occupancy,Escritorio_B,0.0
2025-09-16 12:45:00,OCC_ESC_09,occupancy,Escritorio_B,1.0
2025-09-16 13:00:00,OCC_ESC_09,occupancy,Escritorio_B,0.0
2025-09-16 13:15:00,OCC_ESC_09,occupancy,Escritorio_B,0.0
2025-09-16 13:30:00,OCC_ESC_09,occupancy,Escritorio_B,1.0
2025-09-16 13:45:00,OCC_ESC_09,occupancy,Escritorio_B,0.0
2025-09-16 14:00:00,OCC_ESC_09,occupancy,Escritorio_B,0.0
2025-09-16 14:15:00,OCC_ESC_09,occupancy,Escritorio_B,0.0
2025-09-16 14:30:00,OCC_ESC_09,occupancy,Escritorio_B,1.0
2025-09-16 14:45:00,OCC_ESC_09,occupancy,Escritorio_B,1.0
2025-09-16 15:00:00,OCC_ESC_09,occupancy,Escritorio_B,1.0
2025-09-16 15:15:00,OCC_ESC_09,occupancy,Escritorio_B,1.0
2025-09-16 15:30:00,OCC_ESC_09,occupancy,Escritorio_B,0.0
2025-09-16 15:45:00,OCC_ESC_09,occupancy,Escritorio_B,1.0
2025-09-16 16:00:00,OCC_ESC_09,occupancy,Escritorio_B,1.0
2025-09-16 16:15:00,OCC_ESC_09,occupancy,Escritorio_B,1.0
2025-09-16 16:30:00,OCC_ESC_09,occupancy,Escritorio_B,1.0
2025-09-16 16:45:00,OCC_ESC_09,occupancy,Escritorio_B,1.0
2025-09-16 17:00:00,OCC_ESC_09,occupancy,Escritorio_B,0.0
2025-09-16 17:15:00,OCC_ESC_09,occupancy,Escritorio_B,1.0
2025-09-16 17:30:00,OCC_ESC_09,occupancy,Escritorio_B,1.0
2025-09-16 17:45:00,OCC_ESC_09,occupancy,Escritorio_B,1.0
2025-09-16 18:00:00,OCC_ESC_09,occupancy,Escritorio_B,0.0
2025-09-16 18:15:00,OCC_ESC_09,occupancy,Escritorio_B,0.0
2025-09-16 18:30:00,OCC_ESC_09,occupancy,Escritorio_B,0.0
2025-09-16 18:45:00,OCC_ESC_09,occupancy,Escritorio_B,0.0
2025-09-16 19:00:00,OCC_ESC_09,occupancy,Escritorio_B,0.0
2025-09-16 19:15:00,OCC_ESC_09,occupancy,Escritorio_B,0.0
2025-09-16 19:30:00,OCC_ESC_09,occupancy,Escritorio_B,0.0
2025-09-16 19:45:00,OCC_ESC_09,occupancy,Escritorio_B,1.0
2025-09-16 20:00:00,OCC_ESC_09,occupancy,Escritorio_B,0.0
2025-09-16 20:15:00,OCC_ESC_09,occupancy,Escritorio_B,0.0
2025-09-16 20:30:00,OCC_ESC_09,occupancy,Escritorio_B,0.0
2025-09-16 20:45:00,OCC_ESC_09,occupancy,Escritorio_B,0.0
2025-09-16 21:00:00,OCC_ESC_09,occupancy,Escritorio_B,0.0
2025-09-16 21:15:00,OCC_ESC_09,occupancy,Escritorio_B,0.0
2025-09-16 21:30:00,OCC_ESC_09,occupancy,Escritorio_B,0.0
2025-09-16 21:45:00,OCC_ESC_09,occupancy,Escritorio_B,1.0
2025-09-16 22:00:00,OCC_ESC_09,occupancy,Escritorio_B,0.0
2025-09-16 22:15:00,OCC_ESC_09,occupancy,Escritorio_B,0.0
2025-09-16 22:30:00,OCC_ESC_09,occupancy,Escritorio_B,1.0
2025-09-16 22:45:00,OCC_ESC_09,occupancy,Escritorio_B,0.0
2025-09-16 23:00:00,OCC_ESC_09,occupancy,Escritorio_B,0.0
2025-09-16 23:15:00,OCC_ESC_09,occupancy,Escritorio_B,0.0
2025-09-16 23:30:00,OCC_ESC_09,occupancy,Escritorio_B,0.0
2025-09-16 23:45:00,OCC_ESC_09,occupancy,Escritorio_B,1.0
2025-09-17 00:00:00,OCC_ESC_09,occupancy,Escritorio_B,0.0
2025-09-17 00:15:00,OCC_ESC_09,occupancy,Escritorio_B,1.0
2025-09-17 00:30:00,OCC_ESC_09,occupancy,Escritorio_B,0.0
2025-09-17 00:45:00,OCC_ESC_09,occupancy,Escritorio_B,0.0
2025-09-17 01:00:00,OCC_ESC_09,occupancy,Escritorio_B,1.0
2025-09-17 01:15:00,OCC_ESC_09,occupancy,Escritorio_B,0.0
2025-09-17 01:30:00,OCC_ESC_09,occupancy,Escritorio_B,0.0
2025-09-17 01:45:00,OCC_ESC_09,occupancy,Escritorio_B,0.0
2025-09-17 02:00:00,OCC_ESC_09,occupancy,Escritorio_B,0.0
2025-09-17 02:15:00,OCC_ESC_09,occupancy,Escritorio_B,0.0
2025-09-17 02:30:00,OCC_ESC_09,occupancy,Escritorio_B,0.0
2025-09-17 02:45:00,OCC_ESC_09,occupancy,Escritorio_B,0.0
2025-09-17 03:00:00,OCC_ESC_09,occupancy,Escritorio_B,0.0
2025-09-17 03:15:00,OCC_ESC_09,occupancy,Escritorio_B,0.0
2025-09-17 03:30:00,OCC_ESC_09,occupancy,Escritorio_B,0.0
2025-09-17 03:45:00,OCC_ESC_09,occupancy,Escritorio_B,0.0
2025-09-17 04:00:00,OCC_ESC_09,occupancy,Escritorio_B,0.0
2025-09-17 04:15:00,OCC_ESC_09,occupancy,Escritorio_B,0.0
2025-09-17 04:30:00,OCC_ESC_09,occupancy,Escritorio_B,0.0
2025-09-17 04:45:00,OCC_ESC_09,occupancy,Escritorio_B,0.0
2025-09-17 05:00:00,OCC_ESC_09,occupancy,Escritorio_B,1.0
2025-09-17 05:15:00,OCC_ESC_09,occupancy,Escritorio_B,0.0
2025-09-17 05:30:00,OCC_ESC_09,occupancy,Escritorio_B,0.0
2025-09-17 05:45:00,OCC_ESC_09,occupancy,Escritorio_B,0.0
2025-09-17 06:00:00,OCC_ESC_09,occupancy,Escritorio_B,0.0
2025-09-17 06:15:00,OCC_ESC_09,occupancy,Escritorio_B,0.0
2025-09-17 06:30:00,OCC_ESC_09,occupancy,Escritorio_B,0.0
2025-09-17 06:45:00,OCC_ESC_09,occupancy,Escritorio_B,0.0
2025-09-17 07:00:00,OCC_ESC_09,occupancy,Escritorio_B,0.0
2025-09-17 07:15:00,OCC_ESC_09,occupancy,Escritorio_B,0.0
2025-09-17 07:30:00,OCC_ESC_09,occupancy,Escritorio_B,0.0
2025-09-17 07:45:00,OCC_ESC_09,occupancy,Escritorio_B,0.0
2025-09-17 08:00:00,OCC_ESC_09,occupancy,Escritorio_B,1.0
2025-09-17 08:15:00,OCC_ESC_09,occupancy,Escritorio_B,1.0
2025-09-17 08:30:00,OCC_ESC_09,occupancy,Escritorio_B,1.0
2025-09-17 08:45:00,OCC_ESC_09,occupancy,Escritorio_B,1.0
2025-09-17 09:00:00,OCC_ESC_09,occupancy,Escritorio_B,0.0
2025-09-17 09:15:00,OCC_ESC_09,occupancy,Escritorio_B,1.0
2025-09-17 09:30:00,OCC_ESC_09,occupancy,Escritorio_B,1.0
2025-09-17 09:45:00,OCC_ESC_09,occupancy,Escritorio_B,0.0
2025-09-17 10:00:00,OCC_ESC_09,occupancy,Escritorio_B,0.0
2025-09-17 10:15:00,OCC_ESC_09,occupancy,Escritorio_B,0.0
2025-09-17 10:30:00,OCC_ESC_09,occupancy,Escritorio_B,1.0
2025-09-17 10:45:00,OCC_ESC_09,occupancy,Escritorio_B,1.0
2025-09-17 11:00:00,OCC_ESC_09,occupancy,Escritorio_B,0.0
2025-09-17 11:15:00,OCC_ESC_09,occupancy,Escritorio_B,0.0
2025-09-17 11:30:00,OCC_ESC_09,occupancy,Escritorio_B,0.0
2025-09-17 11:45:00,OCC_ESC_09,occupancy,Escritorio_B,1.0
2025-09-17 12:00:00,OCC_ESC_09,occupancy,Escritorio_B,1.0
2025-09-17 12:15:00,OCC_ESC_09,occupancy,Escritorio_B,1.0
2025-09-17 12:30:00,OCC_ESC_09,occupancy,Escritorio_B,1.0
2025-09-17 12:45:00,OCC_ESC_09,occupancy,Escritorio_B,1.0
2025-09-17 13:00:00,OCC_ESC_09,occupancy,Escritorio_B,0.0
2025-09-17 13:15:00,OCC_ESC_09,occupancy,Escritorio_B,1.0
2025-09-17 13:30:00,OCC_ESC_09,occupancy,Escritorio_B,1.0
2025-09-17 13:45:00,OCC_ESC_09,occupancy,Escritorio_B,1.0
2025-09-17 14:00:00,OCC_ESC_09,occupancy,Escritorio_B,0.0
2025-09-17 14:15:00,OCC_ESC_09,occupancy,Escritorio_B,1.0
2025-09-17 14:30:00,OCC_ESC_09,occupancy,Escritorio_B,0.0
2025-09-17 14:45:00,OCC_ESC_09,occupancy,Escritorio_B,1.0
2025-09-17 15:00:00,OCC_ESC_09,occupancy,Escritorio_B,0.0
2025-09-17 15:15:00,OCC_ESC_09,occupancy,Escritorio_B,1.0
2025-09-17 15:30:00,OCC_ESC_09,occupancy,Escritorio_B,0.0
2025-09-17 15:45:00,OCC_ESC_09,occupancy,Escritorio_B,1.0
2025-09-17 16:00:00,OCC_ESC_09,occupancy,Escritorio_B,0.0
2025-09-17 16:15:00,OCC_ESC_09,occupancy,Escritorio_B,0.0
2025-09-17 16:30:00,OCC_ESC_09,occupancy,Escritorio_B,1.0
2025-09-17 16:45:00,OCC_ESC_09,occupancy,Escritorio_B,1.0
2025-09-17 17:00:00,OCC_ESC_09,occupancy,Escritorio_B,0.0
2025-09-17 17:15:00,OCC_ESC_09,occupancy,Escritorio_B,0.0
2025-09-17 17:30:00,OCC_ESC_09,occupancy,Escritorio_B,0.0
2025-09-17 17:45:00,OCC_ESC_09,occupancy,Escritorio_B,0.0
2025-09-17 18:00:00,OCC_ESC_09,occupancy,Escritorio_B,0.0
2025-09-17 18:15:00,OCC_ESC_09,occupancy,Escritorio_B,0.0
2025-09-17 18:30:00,OCC_ESC_09,occupancy,Escritorio_B,0.0
2025-09-17 18:45:00,OCC_ESC_09,occupancy,Escritorio_B,0.0
2025-09-17 19:00:00,OCC_ESC_09,occupancy,Escritorio_B,0.0
2025-09-17 19:15:00,OCC_ESC_09,occupancy,Escritorio_B,1.0
2025-09-17 19:30:00,OCC_ESC_09,occupancy,Escritorio_B,1.0
2025-09-17 19:45:00,OCC_ESC_09,occupancy,Escritorio_B,0.0
2025-09-17 20:00:00,OCC_ESC_09,occupancy,Escritorio_B,1.0
2025-09-17 20:15:00,OCC_ESC_09,occupancy,Escritorio_B,0.0
2025-09-17 20:30:00,OCC_ESC_09,occupancy,Escritorio_B,0.0
2025-09-17 20:45:00,OCC_ESC_09,occupancy,Escritorio_B,0.0
2025-09-17 21:00:00,OCC_ESC_09,occupancy,Escritorio_B,0.0
2025-09-17 21:15:00,OCC_ESC_09,occupancy,Escritorio_B,0.0
2025-09-17 21:30:00,OCC_ESC_09,occupancy,Escritorio_B,0.0
2025-09-17 21:45:00,OCC_ESC_09,occupancy,Escritorio_B,0.0
2025-09-17 22:00:00,OCC_ESC_09,occupancy,Escritorio_B,1.0
2025-09-17 22:15:00,OCC_ESC_09,occupancy,Escritorio_B,0.0
2025-09-17 22:30:00,OCC_ESC_09,occupancy,Escritorio_B,0.0
2025-09-17 22:45:00,OCC_ESC_09,occupancy,Escritorio_B,0.0
2025-09-17 23:00:00,OCC_ESC_09,occupancy,Escritorio_B,0.0
2025-09-17 23:15:00,OCC_ESC_09,occupancy,Escritorio_B,0.0
2025-09-17 23:30:00,OCC_ESC_09,occupancy,Escritorio_B,0.0
2025-09-17 23:45:00,OCC_ESC_09,occupancy,Escritorio_B,0.0
2025-09-18 00:00:00,OCC_ESC_09,occupancy,Escritorio_B,0.0
2025-09-18 00:15:00,OCC_ESC_09,occupancy,Escritorio_B,0.0
2025-09-18 00:30:00,OCC_ESC_09,occupancy,Escritorio_B,0.0
2025-09-18 00:45:00,OCC_ESC_09,occupancy,Escritorio_B,0.0
2025-09-18 01:00:00,OCC_ESC_09,occupancy,Escritorio_B,0.0
2025-09-18 01:15:00,OCC_ESC_09,occupancy,Escritorio_B,0.0
2025-09-18 01:30:00,OCC_ESC_09,occupancy,Escritorio_B,0.0
2025-09-18 01:45:00,OCC_ESC_09,occupancy,Escritorio_B,0.0
2025-09-18 02:00:00,OCC_ESC_09,occupancy,Escritorio_B,0.0
2025-09-18 02:15:00,OCC_ESC_09,occupancy,Escritorio_B,0.0
2025-09-18 02:30:00,OCC_ESC_09,occupancy,Escritorio_B,0.0
2025-09-18 02:45:00,OCC_ESC_09,occupancy,Escritorio_B,0.0
2025-09-18 03:00:00,OCC_ESC_09,occupancy,Escritorio_B,0.0
2025-09-18 03:15:00,OCC_ESC_09,occupancy,Escritorio_B,0.0
2025-09-18 03:30:00,OCC_ESC_09,occupancy,Escritorio_B,0.0
2025-09-18 03:45:00,OCC_ESC_09,occupancy,Escritorio_B,1.0
2025-09-18 04:00:00,OCC_ESC_09,occupancy,Escritorio_B,0.0
2025-09-18 04:15:00,OCC_ESC_09,occupancy,Escritorio_B,0.0
2025-09-18 04:30:00,OCC_ESC_09,occupancy,Escritorio_B,0.0
2025-09-18 04:45:00,OCC_ESC_09,occupancy,Escritorio_B,0.0
2025-09-18 05:00:00,OCC_ESC_09,occupancy,Escritorio_B,0.0
2025-09-18 05:15:00,OCC_ESC_09,occupancy,Escritorio_B,0.0
2025-09-18 05:30:00,OCC_ESC_09,occupancy,Escritorio_B,0.0
2025-09-18 05:45:00,OCC_ESC_09,occupancy,Escritorio_B,1.0
2025-09-18 06:00:00,OCC_ESC_09,occupancy,Escritorio_B,0.0
2025-09-18 06:15:00,OCC_ESC_09,occupancy,Escritorio_B,0.0
2025-09-18 06:30:00,OCC_ESC_09,occupancy,Escritorio_B,0.0
2025-09-18 06:45:00,OCC_ESC_09,occupancy,Escritorio_B,1.0
2025-09-18 07:00:00,OCC_ESC_09,occupancy,Escritorio_B,0.0
2025-09-18 07:15:00,OCC_ESC_09,occupancy,Escritorio_B,0.0
2025-09-18 07:30:00,OCC_ESC_09,occupancy,Escritorio_B,0.0
2025-09-18 07:45:00,OCC_ESC_09,occupancy,Escritorio_B,0.0
2025-09-18 08:00:00,OCC_ESC_09,occupancy,Escritorio_B,1.0
2025-09-18 08:15:00,OCC_ESC_09,occupancy,Escritorio_B,0.0
2025-09-18 08:30:00,OCC_ESC_09,occupancy,Escritorio_B,1.0
2025-09-18 08:45:00,OCC_ESC_09,occupancy,Escritorio_B,0.0
2025-09-18 09:00:00,OCC_ESC_09,occupancy,Escritorio_B,1.0
2025-09-18 09:15:00,OCC_ESC_09,occupancy,Escritorio_B,0.0
2025-09-18 09:30:00,OCC_ESC_09,occupancy,Escritorio_B,1.0
2025-09-18 09:45:00,OCC_ESC_09,occupancy,Escritorio_B,0.0
2025-09-18 10:00:00,OCC_ESC_09,occupancy,Escritorio_B,0.0
2025-09-18 10:15:00,OCC_ESC_09,occupancy,Escritorio_B,1.0
2025-09-18 10:30:00,OCC_ESC_09,occupancy,Escritorio_B,0.0
2025-09-18 10:45:00,OCC_ESC_09,occupancy,Escritorio_B,1.0
2025-09-18 11:00:00,OCC_ESC_09,occupancy,Escritorio_B,1.0
2025-09-18 11:15:00,OCC_ESC_09,occupancy,Escritorio_B,1.0
2025-09-18 11:30:00,OCC_ESC_09,occupancy,Escritorio_B,1.0
2025-09-18 11:45:00,OCC_ESC_09,occupancy,Escritorio_B,0.0
2025-09-18 12:00:00,OCC_ESC_09,occupancy,Escritorio_B,0.0
2025-09-18 12:15:00,OCC_ESC_09,occupancy,Escritorio_B,1.0
2025-09-18 12:30:00,OCC_ESC_09,occupancy,Escritorio_B,1.0
2025-09-18 12:45:00,OCC_ESC_09,occupancy,Escritorio_B,1.0
2025-09-18 13:00:00,OCC_ESC_09,occupancy,Escritorio_B,1.0
2025-09-18 13:15:00,OCC_ESC_09,occupancy,Escritorio_B,1.0
2025-09-18 13:30:00,OCC_ESC_09,occupancy,Escritorio_B,0.0
2025-09-18 13:45:00,OCC_ESC_09,occupancy,Escritorio_B,1.0
2025-09-18 14:00:00,OCC_ESC_09,occupancy,Escritorio_B,1.0
2025-09-18 14:15:00,OCC_ESC_09,occupancy,Escritorio_B,1.0
2025-09-18 14:30:00,OCC_ESC_09,occupancy,Escritorio_B,1.0
2025-09-18 14:45:00,OCC_ESC_09,occupancy,Escritorio_B,1.0
2025-09-18 15:00:00,OCC_ESC_09,occupancy,Escritorio_B,1.0
2025-09-18 15:15:00,OCC_ESC_09,occupancy,Escritorio_B,1.0
2025-09-18 15:30:00,OCC_ESC_09,occupancy,Escritorio_B,0.0
2025-09-18 15:45:00,OCC_ESC_09,occupancy,Escritorio_B,0.0
2025-09-18 16:00:00,OCC_ESC_09,occupancy,Escritorio_B,1.0
2025-09-18 16:15:00,OCC_ESC_09,occupancy,Escritorio_B,1.0
2025-09-18 16:30:00,OCC_ESC_09,occupancy,Escritorio_B,0.0
2025-09-18 16:45:00,OCC_ESC_09,occupancy,Escritorio_B,0.0
2025-09-18 17:00:00,OCC_ESC_09,occupancy,Escritorio_B,0.0
2025-09-18 17:15:00,OCC_ESC_09,occupancy,Escritorio_B,1.0
2025-09-18 17:30:00,OCC_ESC_09,occupancy,Escritorio_B,1.0
2025-09-18 17:45:00,OCC_ESC_09,occupancy,Escritorio_B,0.0
2025-09-18 18:00:00,OCC_ESC_09,occupancy,Escritorio_B,0.0
2025-09-18 18:15:00,OCC_ESC_09,occupancy,Escritorio_B,0.0
2025-09-18 18:30:00,OCC_ESC_09,occupancy,Escritorio_B,0.0
2025-09-18 18:45:00,OCC_ESC_09,occupancy,Escritorio_B,0.0
2025-09-18 19:00:00,OCC_ESC_09,occupancy,Escritorio_B,0.0
2025-09-18 19:15:00,OCC_ESC_09,occupancy,Escritorio_B,0.0
2025-09-18 19:30:00,OCC_ESC_09,occupancy,Escritorio_B,0.0
2025-09-18 19:45:00,OCC_ESC_09,occupancy,Escritorio_B,0.0
2025-09-18 20:00:00,OCC_ESC_09,occupancy,Escritorio_B,0.0
2025-09-18 20:15:00,OCC_ESC_09,occupancy,Escritorio_B,0.0
2025-09-18 20:30:00,OCC_ESC_09,occupancy,Escritorio_B,0.0
2025-09-18 20:45:00,OCC_ESC_09,occupancy,Escritorio_B,0.0
2025-09-18 21:00:00,OCC_ESC_09,occupancy,Escritorio_B,0.0
2025-09-18 21:15:00,OCC_ESC_09,occupancy,Escritorio_B,0.0
2025-09-18 21:30:00,OCC_ESC_09,occupancy,Escritorio_B,0.0
2025-09-18 21:45:00,OCC_ESC_09,occupancy,Escritorio_B,0.0
2025-09-18 22:00:00,OCC_ESC_09,occupancy,Escritorio_B,0.0
2025-09-18 22:15:00,OCC_ESC_09,occupancy,Escritorio_B,0.0
2025-09-18 22:30:00,OCC_ESC_09,occupancy,Escritorio_B,1.0
2025-09-18 22:45:00,OCC_ESC_09,occupancy,Escritorio_B,0.0
2025-09-18 23:00:00,OCC_ESC_09,occupancy,Escritorio_B,0.0
2025-09-18 23:15:00,OCC_ESC_09,occupancy,Escritorio_B,0.0
2025-09-18 23:30:00,OCC_ESC_09,occupancy,Escritorio_B,0.0
2025-09-18 23:45:00,OCC_ESC_09,occupancy,Escritorio_B,1.0
2025-09-19 00:00:00,OCC_ESC_09,occupancy,Escritorio_B,0.0
2025-09-19 00:15:00,OCC_ESC_09,occupancy,Escritorio_B,0.0
2025-09-19 00:30:00,OCC_ESC_09,occupancy,Escritorio_B,0.0
2025-09-19 00:45:00,OCC_ESC_09,occupancy,Escritorio_B,0.0
2025-09-19 01:00:00,OCC_ESC_09,occupancy,Escritorio_B,0.0
2025-09-19 01:15:00,OCC_ESC_09,occupancy,Escritorio_B,1.0
2025-09-19 01:30:00,OCC_ESC_09,occupancy,Escritorio_B,0.0
2025-09-19 01:45:00,OCC_ESC_09,occupancy,Escritorio_B,1.0
2025-09-19 02:00:00,OCC_ESC_09,occupancy,Escritorio_B,0.0
2025-09-19 02:15:00,OCC_ESC_09,occupancy,Escritorio_B,0.0
2025-09-19 02:30:00,OCC_ESC_09,occupancy,Escritorio_B,0.0
2025-09-19 02:45:00,OCC_ESC_09,occupancy,Escritorio_B,0.0
2025-09-19 03:00:00,OCC_ESC_09,occupancy,Escritorio_B,1.0
2025-09-19 03:15:00,OCC_ESC_09,occupancy,Escritorio_B,0.0
2025-09-19 03:30:00,OCC_ESC_09,occupancy,Escritorio_B,0.0
2025-09-19 03:45:00,OCC_ESC_09,occupancy,Escritorio_B,0.0
2025-09-19 04:00:00,OCC_ESC_09,occupancy,Escritorio_B,0.0
2025-09-19 04:15:00,OCC_ESC_09,occupancy,Escritorio_B,0.0
2025-09-19 04:30:00,OCC_ESC_09,occupancy,Escritorio_B,0.0
2025-09-19 04:45:00,OCC_ESC_09,occupancy,Escritorio_B,0.0
2025-09-19 05:00:00,OCC_ESC_09,occupancy,Escritorio_B,1.0
2025-09-19 05:15:00,OCC_ESC_09,occupancy,Escritorio_B,0.0
2025-09-19 05:30:00,OCC_ESC_09,occupancy,Escritorio_B,0.0
2025-09-19 05:45:00,OCC_ESC_09,occupancy,Escritorio_B,0.0
2025-09-19 06:00:00,OCC_ESC_09,occupancy,Escritorio_B,0.0
2025-09-19 06:15:00,OCC_ESC_09,occupancy,Escritorio_B,0.0
2025-09-19 06:30:00,OCC_ESC_09,occupancy,Escritorio_B,1.0
2025-09-19 06:45:00,OCC_ESC_09,occupancy,Escritorio_B,0.0
2025-09-19 07:00:00,OCC_ESC_09,occupancy,Escritorio_B,0.0
2025-09-19 07:15:00,OCC_ESC_09,occupancy,Escritorio_B,0.0
2025-09-19 07:30:00,OCC_ESC_09,occupancy,Escritorio_B,0.0
2025-09-19 07:45:00,OCC_ESC_09,occupancy,Escritorio_B,1.0
2025-09-19 08:00:00,OCC_ESC_09,occupancy,Escritorio_B,1.0
2025-09-19 08:15:00,OCC_ESC_09,occupancy,Escritorio_B,1.0
2025-09-19 08:30:00,OCC_ESC_09,occupancy,Escritorio_B,1.0
2025-09-19 08:45:00,OCC_ESC_09,occupancy,Escritorio_B,0.0
2025-09-19 09:00:00,OCC_ESC_09,occupancy,Escritorio_B,1.0
2025-09-19 09:15:00,OCC_ESC_09,occupancy,Escritorio_B,1.0
2025-09-19 09:30:00,OCC_ESC_09,occupancy,Escritorio_B,0.0
2025-09-19 09:45:00,OCC_ESC_09,occupancy,Escritorio_B,0.0
2025-09-19 10:00:00,OCC_ESC_09,occupancy,Escritorio_B,1.0
2025-09-19 10:15:00,OCC_ESC_09,occupancy,Escritorio_B,1.0
2025-09-19 10:30:00,OCC_ESC_09,occupancy,Escritorio_B,1.0
2025-09-19 10:45:00,OCC_ESC_09,occupancy,Escritorio_B,0.0
2025-09-19 11:00:00,OCC_ESC_09,occupancy,Escritorio_B,1.0
2025-09-19 11:15:00,OCC_ESC_09,occupancy,Escritorio_B,1.0
2025-09-19 11:30:00,OCC_ESC_09,occupancy,Escritorio_B,1.0
2025-09-19 11:45:00,OCC_ESC_09,occupancy,Escritorio_B,1.0
2025-09-19 12:00:00,OCC_ESC_09,occupancy,Escritorio_B,0.0
2025-09-19 12:15:00,OCC_ESC_09,occupancy,Escritorio_B,1.0
2025-09-19 12:30:00,OCC_ESC_09,occupancy,Escritorio_B,0.0
2025-09-19 12:45:00,OCC_ESC_09,occupancy,Escritorio_B,1.0
2025-09-19 13:00:00,OCC_ESC_09,occupancy,Escritorio_B,1.0
2025-09-19 13:15:00,OCC_ESC_09,occupancy,Escritorio_B,1.0
2025-09-19 13:30:00,OCC_ESC_09,occupancy,Escritorio_B,1.0
2025-09-19 13:45:00,OCC_ESC_09,occupancy,Escritorio_B,1.0
2025-09-19 14:00:00,OCC_ESC_09,occupancy,Escritorio_B,1.0
2025-09-19 14:15:00,OCC_ESC_09,occupancy,Escritorio_B,1.0
2025-09-19 14:30:00,OCC_ESC_09,occupancy,Escritorio_B,1.0
2025-09-19 14:45:00,OCC_ESC_09,occupancy,Escritorio_B,1.0
2025-09-19 15:00:00,OCC_ESC_09,occupancy,Escritorio_B,1.0
2025-09-19 15:15:00,OCC_ESC_09,occupancy,Escritorio_B,1.0
2025-09-19 15:30:00,OCC_ESC_09,occupancy,Escritorio_B,1.0
2025-09-19 15:45:00,OCC_ESC_09,occupancy,Escritorio_B,1.0
2025-09-19 16:00:00,OCC_ESC_09,occupancy,Escritorio_B,1.0
2025-09-19 16:15:00,OCC_ESC_09,occupancy,Escritorio_B,0.0
2025-09-19 16:30:00,OCC_ESC_09,occupancy,Escritorio_B,0.0
2025-09-19 16:45:00,OCC_ESC_09,occupancy,Escritorio_B,0.0
2025-09-19 17:00:00,OCC_ESC_09,occupancy,Escritorio_B,0.0
2025-09-19 17:15:00,OCC_ESC_09,occupancy,Escritorio_B,1.0
2025-09-19 17:30:00,OCC_ESC_09,occupancy,Escritorio_B,1.0
2025-09-19 17:45:00,OCC_ESC_09,occupancy,Escritorio_B,0.0
2025-09-19 18:00:00,OCC_ESC_09,occupancy,Escritorio_B,0.0
2025-09-19 18:15:00,OCC_ESC_09,occupancy,Escritorio_B,0.0
2025-09-19 18:30:00,OCC_ESC_09,occupancy,Escritorio_B,0.0
2025-09-19 18:45:00,OCC_ESC_09,occupancy,Escritorio_B,0.0
2025-09-19 19:00:00,OCC_ESC_09,occupancy,Escritorio_B,1.0
2025-09-19 19:15:00,OCC_ESC_09,occupancy,Escritorio_B,0.0
2025-09-19 19:30:00,OCC_ESC_09,occupancy,Escritorio_B,0.0
2025-09-19 19:45:00,OCC_ESC_09,occupancy,Escritorio_B,0.0
2025-09-19 20:00:00,OCC_ESC_09,occupancy,Escritorio_B,0.0
2025-09-19 20:15:00,OCC_ESC_09,occupancy,Escritorio_B,0.0
2025-09-19 20:30:00,OCC_ESC_09,occupancy,Escritorio_B,0.0
2025-09-19 20:45:00,OCC_ESC_09,occupancy,Escritorio_B,0.0
2025-09-19 21:00:00,OCC_ESC_09,occupancy,Escritorio_B,0.0
2025-09-19 21:15:00,OCC_ESC_09,occupancy,Escritorio_B,0.0
2025-09-19 21:30:00,OCC_ESC_09,occupancy,Escritorio_B,0.0
2025-09-19 21:45:00,OCC_ESC_09,occupancy,Escritorio_B,0.0
2025-09-19 22:00:00,OCC_ESC_09,occupancy,Escritorio_B,0.0
2025-09-19 22:15:00,OCC_ESC_09,occupancy,Escritorio_B,0.0
2025-09-19 22:30:00,OCC_ESC_09,occupancy,Escritorio_B,0.0
2025-09-19 22:45:00,OCC_ESC_09,occupancy,Escritorio_B,0.0
2025-09-19 23:00:00,OCC_ESC_09,occupancy,Escritorio_B,0.0
2025-09-19 23:15:00,OCC_ESC_09,occupancy,Escritorio_B,0.0
2025-09-19 23:30:00,OCC_ESC_09,occupancy,Escritorio_B,0.0
2025-09-19 23:45:00,OCC_ESC_09,occupancy,Escritorio_B,0.0
2025-09-20 00:00:00,OCC_ESC_09,occupancy,Escritorio_B,1.0
2025-09-20 00:15:00,OCC_ESC_09,occupancy,Escritorio_B,0.0
2025-09-20 00:30:00,OCC_ESC_09,occupancy,Escritorio_B,0.0
2025-09-20 00:45:00,OCC_ESC_09,occupancy,Escritorio_B,0.0
2025-09-20 01:00:00,OCC_ESC_09,occupancy,Escritorio_B,0.0
2025-09-20 01:15:00,OCC_ESC_09,occupancy,Escritorio_B,1.0
2025-09-20 01:30:00,OCC_ESC_09,occupancy,Escritorio_B,0.0
2025-09-20 01:45:00,OCC_ESC_09,occupancy,Escritorio_B,0.0
2025-09-20 02:00:00,OCC_ESC_09,occupancy,Escritorio_B,0.0
2025-09-20 02:15:00,OCC_ESC_09,occupancy,Escritorio_B,0.0
2025-09-20 02:30:00,OCC_ESC_09,occupancy,Escritorio_B,0.0
2025-09-20 02:45:00,OCC_ESC_09,occupancy,Escritorio_B,0.0
2025-09-20 03:00:00,OCC_ESC_09,occupancy,Escritorio_B,0.0
2025-09-20 03:15:00,OCC_ESC_09,occupancy,Escritorio_B,0.0
2025-09-20 03:30:00,OCC_ESC_09,occupancy,Escritorio_B,0.0
2025-09-20 03:45:00,OCC_ESC_09,occupancy,Escritorio_B,0.0
2025-09-20 04:00:00,OCC_ESC_09,occupancy,Escritorio_B,0.0
2025-09-20 04:15:00,OCC_ESC_09,occupancy,Escritorio_B,0.0
2025-09-20 04:30:00,OCC_ESC_09,occupancy,Escritorio_B,0.0
2025-09-20 04:45:00,OCC_ESC_09,occupancy,Escritorio_B,0.0
2025-09-20 05:00:00,OCC_ESC_09,occupancy,Escritorio_B,0.0
2025-09-20 05:15:00,OCC_ESC_09,occupancy,Escritorio_B,0.0
2025-09-20 05:30:00,OCC_ESC_09,occupancy,Escritorio_B,0.0
2025-09-20 05:45:00,OCC_ESC_09,occupancy,Escritorio_B,0.0
2025-09-20 06:00:00,OCC_ESC_09,occupancy,Escritorio_B,0.0
2025-09-20 06:15:00,OCC_ESC_09,occupancy,Escritorio_B,0.0
2025-09-20 06:30:00,OCC_ESC_09,occupancy,Escritorio_B,0.0
2025-09-20 06:45:00,OCC_ESC_09,occupancy,Escritorio_B,0.0
2025-09-20 07:00:00,OCC_ESC_09,occupancy,Escritorio_B,0.0
2025-09-20 07:15:00,OCC_ESC_09,occupancy,Escritorio_B,0.0
2025-09-20 07:30:00,OCC_ESC_09,occupancy,Escritorio_B,0.0
2025-09-20 07:45:00,OCC_ESC_09,occupancy,Escritorio_B,0.0
2025-09-20 08:00:00,OCC_ESC_09,occupancy,Escritorio_B,0.0
2025-09-20 08:15:00,OCC_ESC_09,occupancy,Escritorio_B,0.0
2025-09-20 08:30:00,OCC_ESC_09,occupancy,Escritorio_B,0.0
2025-09-20 08:45:00,OCC_ESC_09,occupancy,Escritorio_B,0.0
2025-09-20 09:00:00,OCC_ESC_09,occupancy,Escritorio_B,0.0
2025-09-20 09:15:00,OCC_ESC_09,occupancy,Escritorio_B,0.0
2025-09-20 09:30:00,OCC_ESC_09,occupancy,Escritorio_B,0.0
2025-09-20 09:45:00,OCC_ESC_09,occupancy,Escritorio_B,0.0
2025-09-20 10:00:00,OCC_ESC_09,occupancy,Escritorio_B,1.0
2025-09-20 10:15:00,OCC_ESC_09,occupancy,Escritorio_B,0.0
2025-09-20 10:30:00,OCC_ESC_09,occupancy,Escritorio_B,0.0
2025-09-20 10:45:00,OCC_ESC_09,occupancy,Escritorio_B,0.0
2025-09-20 11:00:00,OCC_ESC_09,occupancy,Escritorio_B,0.0
2025-09-20 11:15:00,OCC_ESC_09,occupancy,Escritorio_B,0.0
2025-09-20 11:30:00,OCC_ESC_09,occupancy,Escritorio_B,0.0
2025-09-20 11:45:00,OCC_ESC_09,occupancy,Escritorio_B,0.0
2025-09-20 12:00:00,OCC_ESC_09,occupancy,Escritorio_B,0.0
2025-09-20 12:15:00,OCC_ESC_09,occupancy,Escritorio_B,0.0
2025-09-20 12:30:00,OCC_ESC_09,occupancy,Escritorio_B,0.0
2025-09-20 12:45:00,OCC_ESC_09,occupancy,Escritorio_B,1.0
2025-09-20 13:00:00,OCC_ESC_09,occupancy,Escritorio_B,0.0
2025-09-20 13:15:00,OCC_ESC_09,occupancy,Escritorio_B,0.0
2025-09-20 13:30:00,OCC_ESC_09,occupancy,Escritorio_B,0.0
2025-09-20 13:45:00,OCC_ESC_09,occupancy,Escritorio_B,0.0
2025-09-20 14:00:00,OCC_ESC_09,occupancy,Escritorio_B,0.0
2025-09-20 14:15:00,OCC_ESC_09,occupancy,Escritorio_B,0.0
2025-09-20 14:30:00,OCC_ESC_09,occupancy,Escritorio_B,0.0
2025-09-20 14:45:00,OCC_ESC_09,occupancy,Escritorio_B,0.0
2025-09-20 15:00:00,OCC_ESC_09,occupancy,Escritorio_B,0.0
2025-09-20 15:15:00,OCC_ESC_09,occupancy,Escritorio_B,0.0
2025-09-20 15:30:00,OCC_ESC_09,occupancy,Escritorio_B,0.0
2025-09-20 15:45:00,OCC_ESC_09,occupancy,Escritorio_B,0.0
2025-09-20 16:00:00,OCC_ESC_09,occupancy,Escritorio_B,0.0
2025-09-20 16:15:00,OCC_ESC_09,occupancy,Escritorio_B,0.0
2025-09-20 16:30:00,OCC_ESC_09,occupancy,Escritorio_B,0.0
2025-09-20 16:45:00,OCC_ESC_09,occupancy,Escritorio_B,0.0
2025-09-20 17:00:00,OCC_ESC_09,occupancy,Escritorio_B,0.0
2025-09-20 17:15:00,OCC_ESC_09,occupancy,Escritorio_B,1.0
2025-09-20 17:30:00,OCC_ESC_09,occupancy,Escritorio_B,0.0
2025-09-20 17:45:00,OCC_ESC_09,occupancy,Escritorio_B,0.0
2025-09-20 18:00:00,OCC_ESC_09,occupancy,Escritorio_B,0.0
2025-09-20 18:15:00,OCC_ESC_09,occupancy,Escritorio_B,0.0
2025-09-20 18:30:00,OCC_ESC_09,occupancy,Escritorio_B,0.0
2025-09-20 18:45:00,OCC_ESC_09,occupancy,Escritorio_B,0.0
2025-09-20 19:00:00,OCC_ESC_09,occupancy,Escritorio_B,0.0
2025-09-20 19:15:00,OCC_ESC_09,occupancy,Escritorio_B,0.0
2025-09-20 19:30:00,OCC_ESC_09,occupancy,Escritorio_B,0.0
2025-09-20 19:45:00,OCC_ESC_09,occupancy,Escritorio_B,0.0
2025-09-20 20:00:00,OCC_ESC_09,occupancy,Escritorio_B,0.0
2025-09-20 20:15:00,OCC_ESC_09,occupancy,Escritorio_B,0.0
2025-09-20 20:30:00,OCC_ESC_09,occupancy,Escritorio_B,0.0
2025-09-20 20:45:00,OCC_ESC_09,occupancy,Escritorio_B,0.0
2025-09-20 21:00:00,OCC_ESC_09,occupancy,Escritorio_B,0.0
2025-09-20 21:15:00,OCC_ESC_09,occupancy,Escritorio_B,0.0
2025-09-20 21:30:00,OCC_ESC_09,occupancy,Escritorio_B,0.0
2025-09-20 21:45:00,OCC_ESC_09,occupancy,Escritorio_B,0.0
2025-09-20 22:00:00,OCC_ESC_09,occupancy,Escritorio_B,0.0
2025-09-20 22:15:00,OCC_ESC_09,occupancy,Escritorio_B,0.0
2025-09-20 22:30:00,OCC_ESC_09,occupancy,Escritorio_B,0.0
2025-09-20 22:45:00,OCC_ESC_09,occupancy,Escritorio_B,1.0
2025-09-20 23:00:00,OCC_ESC_09,occupancy,Escritorio_B,0.0
2025-09-20 23:15:00,OCC_ESC_09,occupancy,Escritorio_B,0.0
2025-09-20 23:30:00,OCC_ESC_09,occupancy,Escritorio_B,0.0
2025-09-20 23:45:00,OCC_ESC_09,occupancy,Escritorio_B,0.0
2025-09-21 00:00:00,OCC_ESC_09,occupancy,Escritorio_B,0.0
2025-09-21 00:15:00,OCC_ESC_09,occupancy,Escritorio_B,0.0
2025-09-21 00:30:00,OCC_ESC_09,occupancy,Escritorio_B,0.0
2025-09-21 00:45:00,OCC_ESC_09,occupancy,Escritorio_B,0.0
2025-09-21 01:00:00,OCC_ESC_09,occupancy,Escritorio_B,0.0
2025-09-21 01:15:00,OCC_ESC_09,occupancy,Escritorio_B,0.0
2025-09-21 01:30:00,OCC_ESC_09,occupancy,Escritorio_B,0.0
2025-09-21 01:45:00,OCC_ESC_09,occupancy,Escritorio_B,0.0
2025-09-21 02:00:00,OCC_ESC_09,occupancy,Escritorio_B,0.0
2025-09-21 02:15:00,OCC_ESC_09,occupancy,Escritorio_B,0.0
2025-09-21 02:30:00,OCC_ESC_09,occupancy,Escritorio_B,0.0
2025-09-21 02:45:00,OCC_ESC_09,occupancy,Escritorio_B,0.0
2025-09-21 03:00:00,OCC_ESC_09,occupancy,Escritorio_B,0.0
2025-09-21 03:15:00,OCC_ESC_09,occupancy,Escritorio_B,0.0
2025-09-21 03:30:00,OCC_ESC_09,occupancy,Escritorio_B,0.0
2025-09-21 03:45:00,OCC_ESC_09,occupancy,Escritorio_B,0.0
2025-09-21 04:00:00,OCC_ESC_09,occupancy,Escritorio_B,0.0
2025-09-21 04:15:00,OCC_ESC_09,occupancy,Escritorio_B,0.0
2025-09-21 04:30:00,OCC_ESC_09,occupancy,Escritorio_B,0.0
2025-09-21 04:45:00,OCC_ESC_09,occupancy,Escritorio_B,0.0
2025-09-21 05:00:00,OCC_ESC_09,occupancy,Escritorio_B,0.0
2025-09-21 05:15:00,OCC_ESC_09,occupancy,Escritorio_B,0.0
2025-09-21 05:30:00,OCC_ESC_09,occupancy,Escritorio_B,0.0
2025-09-21 05:45:00,OCC_ESC_09,occupancy,Escritorio_B,0.0
2025-09-21 06:00:00,OCC_ESC_09,occupancy,Escritorio_B,0.0
2025-09-21 06:15:00,OCC_ESC_09,occupancy,Escritorio_B,0.0
2025-09-21 06:30:00,OCC_ESC_09,occupancy,Escritorio_B,0.0
2025-09-21 06:45:00,OCC_ESC_09,occupancy,Escritorio_B,0.0
2025-09-21 07:00:00,OCC_ESC_09,occupancy,Escritorio_B,0.0
2025-09-21 07:15:00,OCC_ESC_09,occupancy,Escritorio_B,0.0
2025-09-21 07:30:00,OCC_ESC_09,occupancy,Escritorio_B,0.0
2025-09-21 07:45:00,OCC_ESC_09,occupancy,Escritorio_B,0.0
2025-09-21 08:00:00,OCC_ESC_09,occupancy,Escritorio_B,0.0
2025-09-21 08:15:00,OCC_ESC_09,occupancy,Escritorio_B,0.0
2025-09-21 08:30:00,OCC_ESC_09,occupancy,Escritorio_B,0.0
2025-09-21 08:45:00,OCC_ESC_09,occupancy,Escritorio_B,0.0
2025-09-21 09:00:00,OCC_ESC_09,occupancy,Escritorio_B,0.0
2025-09-21 09:15:00,OCC_ESC_09,occupancy,Escritorio_B,0.0
2025-09-21 09:30:00,OCC_ESC_09,occupancy,Escritorio_B,0.0
2025-09-21 09:45:00,OCC_ESC_09,occupancy,Escritorio_B,0.0
2025-09-21 10:00:00,OCC_ESC_09,occupancy,Escritorio_B,0.0
2025-09-21 10:15:00,OCC_ESC_09,occupancy,Escritorio_B,0.0
2025-09-21 10:30:00,OCC_ESC_09,occupancy,Escritorio_B,0.0
2025-09-21 10:45:00,OCC_ESC_09,occupancy,Escritorio_B,0.0
2025-09-21 11:00:00,OCC_ESC_09,occupancy,Escritorio_B,0.0
2025-09-21 11:15:00,OCC_ESC_09,occupancy,Escritorio_B,0.0
2025-09-21 11:30:00,OCC_ESC_09,occupancy,Escritorio_B,0.0
2025-09-21 11:45:00,OCC_ESC_09,occupancy,Escritorio_B,0.0
2025-09-21 12:00:00,OCC_ESC_09,occupancy,Escritorio_B,0.0
2025-09-21 12:15:00,OCC_ESC_09,occupancy,Escritorio_B,0.0
2025-09-21 12:30:00,OCC_ESC_09,occupancy,Escritorio_B,0.0
2025-09-21 12:45:00,OCC_ESC_09,occupancy,Escritorio_B,0.0
2025-09-21 13:00:00,OCC_ESC_09,occupancy,Escritorio_B,0.0
2025-09-21 13:15:00,OCC_ESC_09,occupancy,Escritorio_B,0.0
2025-09-21 13:30:00,OCC_ESC_09,occupancy,Escritorio_B,0.0
2025-09-21 13:45:00,OCC_ESC_09,occupancy,Escritorio_B,0.0
2025-09-21 14:00:00,OCC_ESC_09,occupancy,Escritorio_B,0.0
2025-09-21 14:15:00,OCC_ESC_09,occupancy,Escritorio_B,0.0
2025-09-21 14:30:00,OCC_ESC_09,occupancy,Escritorio_B,1.0
2025-09-21 14:45:00,OCC_ESC_09,occupancy,Escritorio_B,0.0
2025-09-21 15:00:00,OCC_ESC_09,occupancy,Escritorio_B,0.0
2025-09-21 15:15:00,OCC_ESC_09,occupancy,Escritorio_B,0.0
2025-09-21 15:30:00,OCC_ESC_09,occupancy,Escritorio_B,0.0
2025-09-21 15:45:00,OCC_ESC_09,occupancy,Escritorio_B,1.0
2025-09-21 16:00:00,OCC_ESC_09,occupancy,Escritorio_B,0.0
2025-09-21 16:15:00,OCC_ESC_09,occupancy,Escritorio_B,0.0
2025-09-21 16:30:00,OCC_ESC_09,occupancy,Escritorio_B,0.0
2025-09-21 16:45:00,OCC_ESC_09,occupancy,Escritorio_B,0.0
2025-09-21 17:00:00,OCC_ESC_09,occupancy,Escritorio_B,0.0
2025-09-21 17:15:00,OCC_ESC_09,occupancy,Escritorio_B,0.0
2025-09-21 17:30:00,OCC_ESC_09,occupancy,Escritorio_B,0.0
2025-09-21 17:45:00,OCC_ESC_09,occupancy,Escritorio_B,0.0
2025-09-21 18:00:00,OCC_ESC_09,occupancy,Escritorio_B,0.0
2025-09-21 18:15:00,OCC_ESC_09,occupancy,Escritorio_B,0.0
2025-09-21 18:30:00,OCC_ESC_09,occupancy,Escritorio_B,0.0
2025-09-21 18:45:00,OCC_ESC_09,occupancy,Escritorio_B,0.0
2025-09-21 19:00:00,OCC_ESC_09,occupancy,Escritorio_B,0.0
2025-09-21 19:15:00,OCC_ESC_09,occupancy,Escritorio_B,0.0
2025-09-21 19:30:00,OCC_ESC_09,occupancy,Escritorio_B,0.0
2025-09-21 19:45:00,OCC_ESC_09,occupancy,Escritorio_B,0.0
2025-09-21 20:00:00,OCC_ESC_09,occupancy,Escritorio_B,0.0
2025-09-21 20:15:00,OCC_ESC_09,occupancy,Escritorio_B,0.0
2025-09-21 20:30:00,OCC_ESC_09,occupancy,Escritorio_B,0.0
2025-09-21 20:45:00,OCC_ESC_09,occupancy,Escritorio_B,0.0
2025-09-21 21:00:00,OCC_ESC_09,occupancy,Escritorio_B,0.0
2025-09-21 21:15:00,OCC_ESC_09,occupancy,Escritorio_B,1.0
2025-09-21 21:30:00,OCC_ESC_09,occupancy,Escritorio_B,0.0
2025-09-21 21:45:00,OCC_ESC_09,occupancy,Escritorio_B,0.0
2025-09-21 22:00:00,OCC_ESC_09,occupancy,Escritorio_B,0.0
2025-09-21 22:15:00,OCC_ESC_09,occupancy,Escritorio_B,0.0
2025-09-21 22:30:00,OCC_ESC_09,occupancy,Escritorio_B,0.0
2025-09-21 22:45:00,OCC_ESC_09,occupancy,Escritorio_B,0.0
2025-09-21 23:00:00,OCC_ESC_09,occupancy,Escritorio_B,1.0
2025-09-21 23:15:00,OCC_ESC_09,occupancy,Escritorio_B,0.0
2025-09-21 23:30:00,OCC_ESC_09,occupancy,Escritorio_B,0.0
2025-09-21 23:45:00,OCC_ESC_09,occupancy,Escritorio_B,0.0
2025-09-15 00:00:00,TEM_COP_10,temperature,Copa,19.71
2025-09-15 00:15:00,TEM_COP_10,temperature,Copa,19.96
2025-09-15 00:30:00,TEM_COP_10,temperature,Copa,19.64
2025-09-15 00:45:00,TEM_COP_10,temperature,Copa,19.68
2025-09-15 01:00:00,TEM_COP_10,temperature,Copa,19.64
2025-09-15 01:15:00,TEM_COP_10,temperature,Copa,19.57
2025-09-15 01:30:00,TEM_COP_10,temperature,Copa,19.94
2025-09-15 01:45:00,TEM_COP_10,temperature,Copa,20.06
2025-09-15 02:00:00,TEM_COP_10,temperature,Copa,20.15
2025-09-15 02:15:00,TEM_COP_10,temperature,Copa,20.25
2025-09-15 02:30:00,TEM_COP_10,temperature,Copa,20.48
2025-09-15 02:45:00,TEM_COP_10,temperature,Copa,20.23
2025-09-15 03:00:00,TEM_COP_10,temperature,Copa,20.96
2025-09-15 03:15:00,TEM_COP_10,temperature,Copa,21.6
2025-09-15 03:30:00,TEM_COP_10,temperature,Copa,21.36
2025-09-15 03:45:00,TEM_COP_10,temperature,Copa,21.27
2025-09-15 04:00:00,TEM_COP_10,temperature,Copa,22.2
2025-09-15 04:15:00,TEM_COP_10,temperature,Copa,21.7
2025-09-15 04:30:00,TEM_COP_10,temperature,Copa,21.6
2025-09-15 04:45:00,TEM_COP_10,temperature,Copa,21.74
2025-09-15 05:00:00,TEM_COP_10,temperature,Copa,22.27
2025-09-15 05:15:00,TEM_COP_10,temperature,Copa,22.41
2025-09-15 05:30:00,TEM_COP_10,temperature,Copa,22.37
2025-09-15 05:45:00,TEM_COP_10,temperature,Copa,22.88
2025-09-15 06:00:00,TEM_COP_10,temperature,Copa,22.56
2025-09-15 06:15:00,TEM_COP_10,temperature,Copa,22.87
2025-09-15 06:30:00,TEM_COP_10,temperature,Copa,23.0
2025-09-15 06:45:00,TEM_COP_10,temperature,Copa,23.27
2025-09-15 07:00:00,TEM_COP_10,temperature,Copa,23.43
2025-09-15 07:15:00,TEM_COP_10,temperature,Copa,23.45
2025-09-15 07:30:00,TEM_COP_10,temperature,Copa,23.5
2025-09-15 07:45:00,TEM_COP_10,temperature,Copa,23.46
2025-09-15 08:00:00,TEM_COP_10,temperature,Copa,23.54
2025-09-15 08:15:00,TEM_COP_10,temperature,Copa,23.88
2025-09-15 08:30:00,TEM_COP_10,temperature,Copa,23.72
2025-09-15 08:45:00,TEM_COP_10,temperature,Copa,23.47
2025-09-15 09:00:00,TEM_COP_10,temperature,Copa,23.71
2025-09-15 09:15:00,TEM_COP_10,temperature,Copa,23.73
2025-09-15 09:30:00,TEM_COP_10,temperature,Copa,23.99
2025-09-15 09:45:00,TEM_COP_10,temperature,Copa,24.35
2025-09-15 10:00:00,TEM_COP_10,temperature,Copa,24.13
2025-09-15 10:15:00,TEM_COP_10,temperature,Copa,23.76
2025-09-15 10:30:00,TEM_COP_10,temperature,Copa,23.77
2025-09-15 10:45:00,TEM_COP_10,temperature,Copa,23.83
2025-09-15 11:00:00,TEM_COP_10,temperature,Copa,24.26
2025-09-15 11:15:00,TEM_COP_10,temperature,Copa,24.0
2025-09-15 11:30:00,TEM_COP_10,temperature,Copa,24.28
2025-09-15 11:45:00,TEM_COP_10,temperature,Copa,23.38
2025-09-15 12:00:00,TEM_COP_10,temperature,Copa,23.89
2025-09-15 12:15:00,TEM_COP_10,temperature,Copa,23.33
2025-09-15 12:30:00,TEM_COP_10,temperature,Copa,23.51
2025-09-15 12:45:00,TEM_COP_10,temperature,Copa,23.9
2025-09-15 13:00:00,TEM_COP_10,temperature,Copa,23.04
2025-09-15 13:15:00,TEM_COP_10,temperature,Copa,22.81
2025-09-15 13:30:00,TEM_COP_10,temperature,Copa,23.07
2025-09-15 13:45:00,TEM_COP_10,temperature,Copa,22.98
2025-09-15 14:00:00,TEM_COP_10,temperature,Copa,22.93
2025-09-15 14:15:00,TEM_COP_10,temperature,Copa,22.64
2025-09-15 14:30:00,TEM_COP_10,temperature,Copa,22.56
2025-09-15 14:45:00,TEM_COP_10,temperature,Copa,22.03
2025-09-15 15:00:00,TEM_COP_10,temperature,Copa,22.36
2025-09-15 15:15:00,TEM_COP_10,temperature,Copa,22.09
2025-09-15 15:30:00,TEM_COP_10,temperature,Copa,21.51
2025-09-15 15:45:00,TEM_COP_10,temperature,Copa,21.9
2025-09-15 16:00:00,TEM_COP_10,temperature,Copa,21.89
2025-09-15 16:15:00,TEM_COP_10,temperature,Copa,21.11
2025-09-15 16:30:00,TEM_COP_10,temperature,Copa,21.41
2025-09-15 16:45:00,TEM_COP_10,temperature,Copa,20.76
2025-09-15 17:00:00,TEM_COP_10,temperature,Copa,21.28
2025-09-15 17:15:00,TEM_COP_10,temperature,Copa,20.53
2025-09-15 17:30:00,TEM_COP_10,temperature,Copa,20.29
2025-09-15 17:45:00,TEM_COP_10,temperature,Copa,20.6
2025-09-15 18:00:00,TEM_COP_10,temperature,Copa,20.44
2025-09-15 18:15:00,TEM_COP_10,temperature,Copa,20.42
2025-09-15 18:30:00,TEM_COP_10,temperature,Copa,19.78
2025-09-15 18:45:00,TEM_COP_10,temperature,Copa,19.6
2025-09-15 19:00:00,TEM_COP_10,temperature,Copa,20.28
2025-09-15 19:15:00,TEM_COP_10,temperature,Copa,20.09
2025-09-15 19:30:00,TEM_COP_10,temperature,Copa,19.59
2025-09-15 19:45:00,TEM_COP_10,temperature,Copa,19.92
2025-09-15 20:00:00,TEM_COP_10,temperature,Copa,19.21
2025-09-15 20:15:00,TEM_COP_10,temperature,Copa,19.38
2025-09-15 20:30:00,TEM_COP_10,temperature,Copa,19.48
2025-09-15 20:45:00,TEM_COP_10,temperature,Copa,19.17
2025-09-15 21:00:00,TEM_COP_10,temperature,Copa,19.51
2025-09-15 21:15:00,TEM_COP_10,temperature,Copa,18.64
2025-09-15 21:30:00,TEM_COP_10,temperature,Copa,18.39
2025-09-15 21:45:00,TEM_COP_10,temperature,Copa,18.77
2025-09-15 22:00:00,TEM_COP_10,temperature,Copa,19.41
2025-09-15 22:15:00,TEM_COP_10,temperature,Copa,19.44
2025-09-15 22:30:00,TEM_COP_10,temperature,Copa,18.73
2025-09-15 22:45:00,TEM_COP_10,temperature,Copa,19.34
2025-09-15 23:00:00,TEM_COP_10,temperature,Copa,19.07
2025-09-15 23:15:00,TEM_COP_10,temperature,Copa,18.97
2025-09-15 23:30:00,TEM_COP_10,temperature,Copa,19.57
2025-09-15 23:45:00,TEM_COP_10,temperature,Copa,19.34
2025-09-16 00:00:00,TEM_COP_10,temperature,Copa,19.32
2025-09-16 00:15:00,TEM_COP_10,temperature,Copa,19.42
2025-09-16 00:30:00,TEM_COP_10,temperature,Copa,19.12
2025-09-16 00:45:00,TEM_COP_10,temperature,Copa,19.97
2025-09-16 01:00:00,TEM_COP_10,temperature,Copa,19.27
2025-09-16 01:15:00,TEM_COP_10,temperature,Copa,19.48
2025-09-16 01:30:00,TEM_COP_10,temperature,Copa,19.82
2025-09-16 01:45:00,TEM_COP_10,temperature,Copa,20.82
2025-09-16 02:00:00,TEM_COP_10,temperature,Copa,20.18
2025-09-16 02:15:00,TEM_COP_10,temperature,Copa,20.48
2025-09-16 02:30:00,TEM_COP_10,temperature,Copa,20.41
2025-09-16 02:45:00,TEM_COP_10,temperature,Copa,20.76
2025-09-16 03:00:00,TEM_COP_10,temperature,Copa,21.11
2025-09-16 03:15:00,TEM_COP_10,temperature,Copa,21.22
2025-09-16 03:30:00,TEM_COP_10,temperature,Copa,21.07
2025-09-16 03:45:00,TEM_COP_10,temperature,Copa,21.32
2025-09-16 04:00:00,TEM_COP_10,temperature,Copa,21.34
2025-09-16 04:15:00,TEM_COP_10,temperature,Copa,21.34
2025-09-16 04:30:00,TEM_COP_10,temperature,Copa,21.77
2025-09-16 04:45:00,TEM_COP_10,temperature,Copa,22.1
2025-09-16 05:00:00,TEM_COP_10,temperature,Copa,22.28
2025-09-16 05:15:00,TEM_COP_10,temperature,Copa,22.18
2025-09-16 05:30:00,TEM_COP_10,temperature,Copa,22.24
2025-09-16 05:45:00,TEM_COP_10,temperature,Copa,22.64
2025-09-16 06:00:00,TEM_COP_10,temperature,Copa,22.71
2025-09-16 06:15:00,TEM_COP_10,temperature,Copa,23.26
2025-09-16 06:30:00,TEM_COP_10,temperature,Copa,23.4
2025-09-16 06:45:00,TEM_COP_10,temperature,Copa,22.84
2025-09-16 07:00:00,TEM_COP_10,temperature,Copa,23.4
2025-09-16 07:15:00,TEM_COP_10,temperature,Copa,23.31
2025-09-16 07:30:00,TEM_COP_10,temperature,Copa,23.6
2025-09-16 07:45:00,TEM_COP_10,temperature,Copa,23.37
2025-09-16 08:00:00,TEM_COP_10,temperature,Copa,23.81
2025-09-16 08:15:00,TEM_COP_10,temperature,Copa,23.41
2025-09-16 08:30:00,TEM_COP_10,temperature,Copa,23.67
2025-09-16 08:45:00,TEM_COP_10,temperature,Copa,23.79
2025-09-16 09:00:00,TEM_COP_10,temperature,Copa,24.03
2025-09-16 09:15:00,TEM_COP_10,temperature,Copa,24.06
2025-09-16 09:30:00,TEM_COP_10,temperature,Copa,23.62
2025-09-16 09:45:00,TEM_COP_10,temperature,Copa,23.83
2025-09-16 10:00:00,TEM_COP_10,temperature,Copa,24.01
2025-09-16 10:15:00,TEM_COP_10,temperature,Copa,24.09
2025-09-16 10:30:00,TEM_COP_10,temperature,Copa,24.86
2025-09-16 10:45:00,TEM_COP_10,temperature,Copa,23.66
2025-09-16 11:00:00,TEM_COP_10,temperature,Copa,24.2
2025-09-16 11:15:00,TEM_COP_10,temperature,Copa,24.36
2025-09-16 11:30:00,TEM_COP_10,temperature,Copa,24.08
2025-09-16 11:45:00,TEM_COP_10,temperature,Copa,23.56
2025-09-16 12:00:00,TEM_COP_10,temperature,Copa,23.72
2025-09-16 12:15:00,TEM_COP_10,temperature,Copa,23.84
2025-09-16 12:30:00,TEM_COP_10,temperature,Copa,23.73
2025-09-16 12:45:00,TEM_COP_10,temperature,Copa,23.38
2025-09-16 13:00:00,TEM_COP_10,temperature,Copa,23.44
2025-09-16 13:15:00,TEM_COP_10,temperature,Copa,23.01
2025-09-16 13:30:00,TEM_COP_10,temperature,Copa,23.25
2025-09-16 13:45:00,TEM_COP_10,temperature,Copa,23.54
2025-09-16 14:00:00,TEM_COP_10,temperature,Copa,23.44
2025-09-16 14:15:00,TEM_COP_10,temperature,Copa,22.67
2025-09-16 14:30:00,TEM_COP_10,temperature,Copa,22.9
2025-09-16 14:45:00,TEM_COP_10,temperature,Copa,22.39
2025-09-16 15:00:00,TEM_COP_10,temperature,Copa,22.51
2025-09-16 15:15:00,TEM_COP_10,temperature,Copa,22.22
2025-09-16 15:30:00,TEM_COP_10,temperature,Copa,21.49
2025-09-16 15:45:00,TEM_COP_10,temperature,Copa,22.14
2025-09-16 16:00:00,TEM_COP_10,temperature,Copa,21.38
2025-09-16 16:15:00,TEM_COP_10,temperature,Copa,21.27
2025-09-16 16:30:00,TEM_COP_10,temperature,Copa,21.43
2025-09-16 16:45:00,TEM_COP_10,temperature,Copa,20.37
2025-09-16 17:00:00,TEM_COP_10,temperature,Copa,21.18
2025-09-16 17:15:00,TEM_COP_10,temperature,Copa,20.44
2025-09-16 17:30:00,TEM_COP_10,temperature,Copa,20.3
2025-09-16 17:45:00,TEM_COP_10,temperature,Copa,20.17
2025-09-16 18:00:00,TEM_COP_10,temperature,Copa,20.2
2025-09-16 18:15:00,TEM_COP_10,temperature,Copa,20.22
2025-09-16 18:30:00,TEM_COP_10,temperature,Copa,19.82
2025-09-16 18:45:00,TEM_COP_10,temperature,Copa,19.47
2025-09-16 19:00:00,TEM_COP_10,temperature,Copa,19.72
2025-09-16 19:15:00,TEM_COP_10,temperature,Copa,20.09
2025-09-16 19:30:00,TEM_COP_10,temperature,Copa,19.47
2025-09-16 19:45:00,TEM_COP_10,temperature,Copa,19.33
2025-09-16 20:00:00,TEM_COP_10,temperature,Copa,19.11
2025-09-16 20:15:00,TEM_COP_10,temperature,Copa,19.65
2025-09-16 20:30:00,TEM_COP_10,temperature,Copa,19.64
2025-09-16 20:45:00,TEM_COP_10,temperature,Copa,19.62
2025-09-16 21:00:00,TEM_COP_10,temperature,Copa,19.15
2025-09-16 21:15:00,TEM_COP_10,temperature,Copa,18.8
2025-09-16 21:30:00,TEM_COP_10,temperature,Copa,18.76
2025-09-16 21:45:00,TEM_COP_10,temperature,Copa,19.57
2025-09-16 22:00:00,TEM_COP_10,temperature,Copa,19.17
2025-09-16 22:15:00,TEM_COP_10,temperature,Copa,18.99
2025-09-16 22:30:00,TEM_COP_10,temperature,Copa,19.25
2025-09-16 22:45:00,TEM_COP_10,temperature,Copa,18.78
2025-09-16 23:00:00,TEM_COP_10,temperature,Copa,19.5
2025-09-16 23:15:00,TEM_COP_10,temperature,Copa,19.23
2025-09-16 23:30:00,TEM_COP_10,temperature,Copa,19.31
2025-09-16 23:45:00,TEM_COP_10,temperature,Copa,19.48
2025-09-17 00:00:00,TEM_COP_10,temperature,Copa,19.02
2025-09-17 00:15:00,TEM_COP_10,temperature,Copa,19.09
2025-09-17 00:30:00,TEM_COP_10,temperature,Copa,19.51
2025-09-17 00:45:00,TEM_COP_10,temperature,Copa,19.81
2025-09-17 01:00:00,TEM_COP_10,temperature,Copa,18.79
2025-09-17 01:15:00,TEM_COP_10,temperature,Copa,20.05
2025-09-17 01:30:00,TEM_COP_10,temperature,Copa,19.75
2025-09-17 01:45:00,TEM_COP_10,temperature,Copa,20.33
2025-09-17 02:00:00,TEM_COP_10,temperature,Copa,19.94
2025-09-17 02:15:00,TEM_COP_10,temperature,Copa,20.5
2025-09-17 02:30:00,TEM_COP_10,temperature,Copa,20.32
2025-09-17 02:45:00,TEM_COP_10,temperature,Copa,21.13
2025-09-17 03:00:00,TEM_COP_10,temperature,Copa,20.5
2025-09-17 03:15:00,TEM_COP_10,temperature,Copa,20.77
2025-09-17 03:30:00,TEM_COP_10,temperature,Copa,21.32
2025-09-17 03:45:00,TEM_COP_10,temperature,Copa,21.59
2025-09-17 04:00:00,TEM_COP_10,temperature,Copa,21.38
2025-09-17 04:15:00,TEM_COP_10,temperature,Copa,22.17
2025-09-17 04:30:00,TEM_COP_10,temperature,Copa,21.92
2025-09-17 04:45:00,TEM_COP_10,temperature,Copa,22.2
2025-09-17 05:00:00,TEM_COP_10,temperature,Copa,21.74
2025-09-17 05:15:00,TEM_COP_10,temperature,Copa,22.75
2025-09-17 05:30:00,TEM_COP_10,temperature,Copa,22.33
2025-09-17 05:45:00,TEM_COP_10,temperature,Copa,22.76
2025-09-17 06:00:00,TEM_COP_10,temperature,Copa,22.76
2025-09-17 06:15:00,TEM_COP_10,temperature,Copa,22.81
2025-09-17 06:30:00,TEM_COP_10,temperature,Copa,22.96
2025-09-17 06:45:00,TEM_COP_10,temperature,Copa,23.17
2025-09-17 07:00:00,TEM_COP_10,temperature,Copa,23.89
2025-09-17 07:15:00,TEM_COP_10,temperature,Copa,23.24
2025-09-17 07:30:00,TEM_COP_10,temperature,Copa,23.54
2025-09-17 07:45:00,TEM_COP_10,temperature,Copa,24.05
2025-09-17 08:00:00,TEM_COP_10,temperature,Copa,24.04
2025-09-17 08:15:00,TEM_COP_10,temperature,Copa,23.63
2025-09-17 08:30:00,TEM_COP_10,temperature,Copa,23.65
2025-09-17 08:45:00,TEM_COP_10,temperature,Copa,23.66
2025-09-17 09:00:00,TEM_COP_10,temperature,Copa,23.86
2025-09-17 09:15:00,TEM_COP_10,temperature,Copa,24.11
2025-09-17 09:30:00,TEM_COP_10,temperature,Copa,23.97
2025-09-17 09:45:00,TEM_COP_10,temperature,Copa,24.2
2025-09-17 10:00:00,TEM_COP_10,temperature,Copa,23.83
2025-09-17 10:15:00,TEM_COP_10,temperature,Copa,24.28
2025-09-17 10:30:00,TEM_COP_10,temperature,Copa,24.39
2025-09-17 10:45:00,TEM_COP_10,temperature,Copa,23.83
2025-09-17 11:00:00,TEM_COP_10,temperature,Copa,23.53
2025-09-17 11:15:00,TEM_COP_10,temperature,Copa,23.32
2025-09-17 11:30:00,TEM_COP_10,temperature,Copa,23.61
2025-09-17 11:45:00,TEM_COP_10,temperature,Copa,23.67
2025-09-17 12:00:00,TEM_COP_10,temperature,Copa,23.34
2025-09-17 12:15:00,TEM_COP_10,temperature,Copa,23.18
2025-09-17 12:30:00,TEM_COP_10,temperature,Copa,23.49
2025-09-17 12:45:00,TEM_COP_10,temperature,Copa,23.26
2025-09-17 13:00:00,TEM_COP_10,temperature,Copa,23.21
2025-09-17 13:15:00,TEM_COP_10,temperature,Copa,22.91
2025-09-17 13:30:00,TEM_COP_10,temperature,Copa,22.83
2025-09-17 13:45:00,TEM_COP_10,temperature,Copa,23.37
2025-09-17 14:00:00,TEM_COP_10,temperature,Copa,23.26
2025-09-17 14:15:00,TEM_COP_10,temperature,Copa,22.26
2025-09-17 14:30:00,TEM_COP_10,temperature,Copa,22.92
2025-09-17 14:45:00,TEM_COP_10,temperature,Copa,21.75
2025-09-17 15:00:00,TEM_COP_10,temperature,Copa,21.97
2025-09-17 15:15:00,TEM_COP_10,temperature,Copa,21.86
2025-09-17 15:30:00,TEM_COP_10,temperature,Copa,22.14
2025-09-17 15:45:00,TEM_COP_10,temperature,Copa,21.43
2025-09-17 16:00:00,TEM_COP_10,temperature,Copa,21.36
2025-09-17 16:15:00,TEM_COP_10,temperature,Copa,21.35
2025-09-17 16:30:00,TEM_COP_10,temperature,Copa,21.16
2025-09-17 16:45:00,TEM_COP_10,temperature,Copa,21.15
2025-09-17 17:00:00,TEM_COP_10,temperature,Copa,20.97
2025-09-17 17:15:00,TEM_COP_10,temperature,Copa,20.88
2025-09-17 17:30:00,TEM_COP_10,temperature,Copa,20.76
2025-09-17 17:45:00,TEM_COP_10,temperature,Copa,20.45
2025-09-17 18:00:00,TEM_COP_10,temperature,Copa,20.14
2025-09-17 18:15:00,TEM_COP_10,temperature,Copa,19.63
2025-09-17 18:30:00,TEM_COP_10,temperature,Copa,20.14
2025-09-17 18:45:00,TEM_COP_10,temperature,Copa,20.29
2025-09-17 19:00:00,TEM_COP_10,temperature,Copa,19.77
2025-09-17 19:15:00,TEM_COP_10,temperature,Copa,20.2
2025-09-17 19:30:00,TEM_COP_10,temperature,Copa,19.05
2025-09-17 19:45:00,TEM_COP_10,temperature,Copa,19.4
2025-09-17 20:00:00,TEM_COP_10,temperature,Copa,19.99
2025-09-17 20:15:00,TEM_COP_10,temperature,Copa,19.22
2025-09-17 20:30:00,TEM_COP_10,temperature,Copa,19.06
2025-09-17 20:45:00,TEM_COP_10,temperature,Copa,18.92
2025-09-17 21:00:00,TEM_COP_10,temperature,Copa,19.14
2025-09-17 21:15:00,TEM_COP_10,temperature,Copa,19.03
2025-09-17 21:30:00,TEM_COP_10,temperature,Copa,19.35
2025-09-17 21:45:00,TEM_COP_10,temperature,Copa,19.23
2025-09-17 22:00:00,TEM_COP_10,temperature,Copa,19.21
2025-09-17 22:15:00,TEM_COP_10,temperature,Copa,18.93
2025-09-17 22:30:00,TEM_COP_10,temperature,Copa,19.03
2025-09-17 22:45:00,TEM_COP_10,temperature,Copa,18.98
2025-09-17 23:00:00,TEM_COP_10,temperature,Copa,19.24
2025-09-17 23:15:00,TEM_COP_10,temperature,Copa,18.76
2025-09-17 23:30:00,TEM_COP_10,temperature,Copa,18.71
2025-09-17 23:45:00,TEM_COP_10,temperature,Copa,18.91
2025-09-18 00:00:00,TEM_COP_10,temperature,Copa,19.78
2025-09-18 00:15:00,TEM_COP_10,temperature,Copa,19.64
2025-09-18 00:30:00,TEM_COP_10,temperature,Copa,19.52
2025-09-18 00:45:00,TEM_COP_10,temperature,Copa,19.69
2025-09-18 01:00:00,TEM_COP_10,temperature,Copa,19.68
2025-09-18 01:15:00,TEM_COP_10,temperature,Copa,19.99
2025-09-18 01:30:00,TEM_COP_10,temperature,Copa,19.98
2025-09-18 01:45:00,TEM_COP_10,temperature,Copa,19.63
2025-09-18 02:00:00,TEM_COP_10,temperature,Copa,20.3
2025-09-18 02:15:00,TEM_COP_10,temperature,Copa,20.43
2025-09-18 02:30:00,TEM_COP_10,temperature,Copa,20.41
2025-09-18 02:45:00,TEM_COP_10,temperature,Copa,20.21
2025-09-18 03:00:00,TEM_COP_10,temperature,Copa,20.99
2025-09-18 03:15:00,TEM_COP_10,temperature,Copa,20.79
2025-09-18 03:30:00,TEM_COP_10,temperature,Copa,20.82
2025-09-18 03:45:00,TEM_COP_10,temperature,Copa,21.22
2025-09-18 04:00:00,TEM_COP_10,temperature,Copa,21.52
2025-09-18 04:15:00,TEM_COP_10,temperature,Copa,21.42
2025-09-18 04:30:00,TEM_COP_10,temperature,Copa,22.41
2025-09-18 04:45:00,TEM_COP_10,temperature,Copa,22.13
2025-09-18 05:00:00,TEM_COP_10,temperature,Copa,22.3
2025-09-18 05:15:00,TEM_COP_10,temperature,Copa,22.41
2025-09-18 05:30:00,TEM_COP_10,temperature,Copa,22.24
2025-09-18 05:45:00,TEM_COP_10,temperature,Copa,23.29
2025-09-18 06:00:00,TEM_COP_10,temperature,Copa,22.59
2025-09-18 06:15:00,TEM_COP_10,temperature,Copa,22.33
2025-09-18 06:30:00,TEM_COP_10,temperature,Copa,23.16
2025-09-18 06:45:00,TEM_COP_10,temperature,Copa,23.44
2025-09-18 07:00:00,TEM_COP_10,temperature,Copa,23.2
2025-09-18 07:15:00,TEM_COP_10,temperature,Copa,23.36
2025-09-18 07:30:00,TEM_COP_10,temperature,Copa,23.61
2025-09-18 07:45:00,TEM_COP_10,temperature,Copa,23.47
2025-09-18 08:00:00,TEM_COP_10,temperature,Copa,23.27
2025-09-18 08:15:00,TEM_COP_10,temperature,Copa,23.7
2025-09-18 08:30:00,TEM_COP_10,temperature,Copa,23.81
2025-09-18 08:45:00,TEM_COP_10,temperature,Copa,23.78
2025-09-18 09:00:00,TEM_COP_10,temperature,Copa,24.24
2025-09-18 09:15:00,TEM_COP_10,temperature,Copa,23.47
2025-09-18 09:30:00,TEM_COP_10,temperature,Copa,23.71
2025-09-18 09:45:00,TEM_COP_10,temperature,Copa,24.12
2025-09-18 10:00:00,TEM_COP_10,temperature,Copa,24.05
2025-09-18 10:15:00,TEM_COP_10,temperature,Copa,24.32
2025-09-18 10:30:00,TEM_COP_10,temperature,Copa,23.66
2025-09-18 10:45:00,TEM_COP_10,temperature,Copa,23.7
2025-09-18 11:00:00,TEM_COP_10,temperature,Copa,24.28
2025-09-18 11:15:00,TEM_COP_10,temperature,Copa,23.79
2025-09-18 11:30:00,TEM_COP_10,temperature,Copa,23.61
2025-09-18 11:45:00,TEM_COP_10,temperature,Copa,24.0
2025-09-18 12:00:00,TEM_COP_10,temperature,Copa,23.39
2025-09-18 12:15:00,TEM_COP_10,temperature,Copa,23.4
2025-09-18 12:30:00,TEM_COP_10,temperature,Copa,23.05
2025-09-18 12:45:00,TEM_COP_10,temperature,Copa,22.94
2025-09-18 13:00:00,TEM_COP_10,temperature,Copa,23.04
2025-09-18 13:15:00,TEM_COP_10,temperature,Copa,22.88
2025-09-18 13:30:00,TEM_COP_10,temperature,Copa,22.92
2025-09-18 13:45:00,TEM_COP_10,temperature,Copa,22.9
2025-09-18 14:00:00,TEM_COP_10,temperature,Copa,23.05
2025-09-18 14:15:00,TEM_COP_10,temperature,Copa,22.55
2025-09-18 14:30:00,TEM_COP_10,temperature,Copa,22.76
2025-09-18 14:45:00,TEM_COP_10,temperature,Copa,22.4
2025-09-18 15:00:00,TEM_COP_10,temperature,Copa,22.19
2025-09-18 15:15:00,TEM_COP_10,temperature,Copa,21.67
2025-09-18 15:30:00,TEM_COP_10,temperature,Copa,21.95
2025-09-18 15:45:00,TEM_COP_10,temperature,Copa,21.98
2025-09-18 16:00:00,TEM_COP_10,temperature,Copa,21.33
2025-09-18 16:15:00,TEM_COP_10,temperature,Copa,21.17
2025-09-18 16:30:00,TEM_COP_10,temperature,Copa,21.02
2025-09-18 16:45:00,TEM_COP_10,temperature,Copa,21.21
2025-09-18 17:00:00,TEM_COP_10,temperature,Copa,20.23
2025-09-18 17:15:00,TEM_COP_10,temperature,Copa,20.5
2025-09-18 17:30:00,TEM_COP_10,temperature,Copa,20.52
2025-09-18 17:45:00,TEM_COP_10,temperature,Copa,20.76
2025-09-18 18:00:00,TEM_COP_10,temperature,Copa,20.55
2025-09-18 18:15:00,TEM_COP_10,temperature,Copa,20.12
2025-09-18 18:30:00,TEM_COP_10,temperature,Copa,20.01
2025-09-18 18:45:00,TEM_COP_10,temperature,Copa,19.24
2025-09-18 19:00:00,TEM_COP_10,temperature,Copa,19.33
2025-09-18 19:15:00,TEM_COP_10,temperature,Copa,19.49
2025-09-18 19:30:00,TEM_COP_10,temperature,Copa,19.73
2025-09-18 19:45:00,TEM_COP_10,temperature,Copa,19.61
2025-09-18 20:00:00,TEM_COP_10,temperature,Copa,19.31
2025-09-18 20:15:00,TEM_COP_10,temperature,Copa,19.67
2025-09-18 20:30:00,TEM_COP_10,temperature,Copa,19.06
2025-09-18 20:45:00,TEM_COP_10,temperature,Copa,18.96
2025-09-18 21:00:00,TEM_COP_10,temperature,Copa,19.47
2025-09-18 21:15:00,TEM_COP_10,temperature,Copa,18.81
2025-09-18 21:30:00,TEM_COP_10,temperature,Copa,18.95
2025-09-18 21:45:00,TEM_COP_10,temperature,Copa,18.74
2025-09-18 22:00:00,TEM_COP_10,temperature,Copa,18.81
2025-09-18 22:15:00,TEM_COP_10,temperature,Copa,18.77
2025-09-18 22:30:00,TEM_COP_10,temperature,Copa,19.16
2025-09-18 22:45:00,TEM_COP_10,temperature,Copa,18.94
2025-09-18 23:00:00,TEM_COP_10,temperature,Copa,19.05
2025-09-18 23:15:00,TEM_COP_10,temperature,Copa,18.8
2025-09-18 23:30:00,TEM_COP_10,temperature,Copa,19.32
2025-09-18 23:45:00,TEM_COP_10,temperature,Copa,19.18
2025-09-19 00:00:00,TEM_COP_10,temperature,Copa,19.22
2025-09-19 00:15:00,TEM_COP_10,temperature,Copa,19.71
2025-09-19 00:30:00,TEM_COP_10,temperature,Copa,19.48
2025-09-19 00:45:00,TEM_COP_10,temperature,Copa,19.62
2025-09-19 01:00:00,TEM_COP_10,temperature,Copa,20.25
2025-09-19 01:15:00,TEM_COP_10,temperature,Copa,20.44
2025-09-19 01:30:00,TEM_COP_10,temperature,Copa,20.17
2025-09-19 01:45:00,TEM_COP_10,temperature,Copa,20.31
2025-09-19 02:00:00,TEM_COP_10,temperature,Copa,20.19
2025-09-19 02:15:00,TEM_COP_10,temperature,Copa,20.3
2025-09-19 02:30:00,TEM_COP_10,temperature,Copa,20.5
2025-09-19 02:45:00,TEM_COP_10,temperature,Copa,20.57
2025-09-19 03:00:00,TEM_COP_10,temperature,Copa,20.88
2025-09-19 03:15:00,TEM_COP_10,temperature,Copa,21.45
2025-09-19 03:30:00,TEM_COP_10,temperature,Copa,21.57
2025-09-19 03:45:00,TEM_COP_10,temperature,Copa,20.99
2025-09-19 04:00:00,TEM_COP_10,temperature,Copa,21.35
2025-09-19 04:15:00,TEM_COP_10,temperature,Copa,21.44
2025-09-19 04:30:00,TEM_COP_10,temperature,Copa,22.07
2025-09-19 04:45:00,TEM_COP_10,temperature,Copa,21.65
2025-09-19 05:00:00,TEM_COP_10,temperature,Copa,22.31
2025-09-19 05:15:00,TEM_COP_10,temperature,Copa,22.02
2025-09-19 05:30:00,TEM_COP_10,temperature,Copa,22.56
2025-09-19 05:45:00,TEM_COP_10,temperature,Copa,22.45
2025-09-19 06:00:00,TEM_COP_10,temperature,Copa,22.74
2025-09-19 06:15:00,TEM_COP_10,temperature,Copa,23.11
2025-09-19 06:30:00,TEM_COP_10,temperature,Copa,22.51
2025-09-19 06:45:00,TEM_COP_10,temperature,Copa,23.06
2025-09-19 07:00:00,TEM_COP_10,temperature,Copa,23.22
2025-09-19 07:15:00,TEM_COP_10,temperature,Copa,23.24
2025-09-19 07:30:00,TEM_COP_10,temperature,Copa,23.4
2025-09-19 07:45:00,TEM_COP_10,temperature,Copa,23.99
2025-09-19 08:00:00,TEM_COP_10,temperature,Copa,24.19
2025-09-19 08:15:00,TEM_COP_10,temperature,Copa,23.58
2025-09-19 08:30:00,TEM_COP_10,temperature,Copa,24.12
2025-09-19 08:45:00,TEM_COP_10,temperature,Copa,23.6
2025-09-19 09:00:00,TEM_COP_10,temperature,Copa,24.25
2025-09-19 09:15:00,TEM_COP_10,temperature,Copa,24.27
2025-09-19 09:30:00,TEM_COP_10,temperature,Copa,24.41
2025-09-19 09:45:00,TEM_COP_10,temperature,Copa,24.27
2025-09-19 10:00:00,TEM_COP_10,temperature,Copa,23.65
2025-09-19 10:15:00,TEM_COP_10,temperature,Copa,23.84
2025-09-19 10:30:00,TEM_COP_10,temperature,Copa,23.77
2025-09-19 10:45:00,TEM_COP_10,temperature,Copa,24.32
2025-09-19 11:00:00,TEM_COP_10,temperature,Copa,24.04
2025-09-19 11:15:00,TEM_COP_10,temperature,Copa,23.86
2025-09-19 11:30:00,TEM_COP_10,temperature,Copa,24.06
2025-09-19 11:45:00,TEM_COP_10,temperature,Copa,23.84
2025-09-19 12:00:00,TEM_COP_10,temperature,Copa,23.11
2025-09-19 12:15:00,TEM_COP_10,temperature,Copa,23.85
2025-09-19 12:30:00,TEM_COP_10,temperature,Copa,23.13
2025-09-19 12:45:00,TEM_COP_10,temperature,Copa,24.16
2025-09-19 13:00:00,TEM_COP_10,temperature,Copa,23.31
2025-09-19 13:15:00,TEM_COP_10,temperature,Copa,23.25
2025-09-19 13:30:00,TEM_COP_10,temperature,Copa,23.46
2025-09-19 13:45:00,TEM_COP_10,temperature,Copa,23.08
2025-09-19 14:00:00,TEM_COP_10,temperature,Copa,23.12
2025-09-19 14:15:00,TEM_COP_10,temperature,Copa,23.09
2025-09-19 14:30:00,TEM_COP_10,temperature,Copa,22.4
2025-09-19 14:45:00,TEM_COP_10,temperature,Copa,21.76
2025-09-19 15:00:00,TEM_COP_10,temperature,Copa,22.67
2025-09-19 15:15:00,TEM_COP_10,temperature,Copa,21.81
2025-09-19 15:30:00,TEM_COP_10,temperature,Copa,21.58
2025-09-19 15:45:00,TEM_COP_10,temperature,Copa,21.26
2025-09-19 16:00:00,TEM_COP_10,temperature,Copa,21.68
2025-09-19 16:15:00,TEM_COP_10,temperature,Copa,20.85
2025-09-19 16:30:00,TEM_COP_10,temperature,Copa,21.39
2025-09-19 16:45:00,TEM_COP_10,temperature,Copa,20.82
2025-09-19 17:00:00,TEM_COP_10,temperature,Copa,21.03
2025-09-19 17:15:00,TEM_COP_10,temperature,Copa,21.19
2025-09-19 17:30:00,TEM_COP_10,temperature,Copa,20.7
2025-09-19 17:45:00,TEM_COP_10,temperature,Copa,20.23
2025-09-19 18:00:00,TEM_COP_10,temperature,Copa,20.17
2025-09-19 18:15:00,TEM_COP_10,temperature,Copa,19.99
2025-09-19 18:30:00,TEM_COP_10,temperature,Copa,19.94
2025-09-19 18:45:00,TEM_COP_10,temperature,Copa,19.96
2025-09-19 19:00:00,TEM_COP_10,temperature,Copa,19.91
2025-09-19 19:15:00,TEM_COP_10,temperature,Copa,19.51
2025-09-19 19:30:00,TEM_COP_10,temperature,Copa,19.72
2025-09-19 19:45:00,TEM_COP_10,temperature,Copa,19.38
2025-09-19 20:00:00,TEM_COP_10,temperature,Copa,19.12
2025-09-19 20:15:00,TEM_COP_10,temperature,Copa,19.65
2025-09-19 20:30:00,TEM_COP_10,temperature,Copa,18.66
2025-09-19 20:45:00,TEM_COP_10,temperature,Copa,18.84
2025-09-19 21:00:00,TEM_COP_10,temperature,Copa,19.09
2025-09-19 21:15:00,TEM_COP_10,temperature,Copa,18.56
2025-09-19 21:30:00,TEM_COP_10,temperature,Copa,18.81
2025-09-19 21:45:00,TEM_COP_10,temperature,Copa,18.86
2025-09-19 22:00:00,TEM_COP_10,temperature,Copa,18.93
2025-09-19 22:15:00,TEM_COP_10,temperature,Copa,19.49
2025-09-19 22:30:00,TEM_COP_10,temperature,Copa,18.97
2025-09-19 22:45:00,TEM_COP_10,temperature,Copa,18.75
2025-09-19 23:00:00,TEM_COP_10,temperature,Copa,18.54
2025-09-19 23:15:00,TEM_COP_10,temperature,Copa,19.14
2025-09-19 23:30:00,TEM_COP_10,temperature,Copa,18.61
2025-09-19 23:45:00,TEM_COP_10,temperature,Copa,18.87
2025-09-20 00:00:00,TEM_COP_10,temperature,Copa,19.58
2025-09-20 00:15:00,TEM_COP_10,temperature,Copa,19.44
2025-09-20 00:30:00,TEM_COP_10,temperature,Copa,20.0
2025-09-20 00:45:00,TEM_COP_10,temperature,Copa,20.05
2025-09-20 01:00:00,TEM_COP_10,temperature,Copa,19.4
2025-09-20 01:15:00,TEM_COP_10,temperature,Copa,19.8
2025-09-20 01:30:00,TEM_COP_10,temperature,Copa,19.76
2025-09-20 01:45:00,TEM_COP_10,temperature,Copa,20.35
2025-09-20 02:00:00,TEM_COP_10,temperature,Copa,20.2
2025-09-20 02:15:00,TEM_COP_10,temperature,Copa,20.59
2025-09-20 02:30:00,TEM_COP_10,temperature,Copa,20.36
2025-09-20 02:45:00,TEM_COP_10,temperature,Copa,20.45
2025-09-20 03:00:00,TEM_COP_10,temperature,Copa,21.32
2025-09-20 03:15:00,TEM_COP_10,temperature,Copa,20.75
2025-09-20 03:30:00,TEM_COP_10,temperature,Copa,21.77
2025-09-20 03:45:00,TEM_COP_10,temperature,Copa,21.31
2025-09-20 04:00:00,TEM_COP_10,temperature,Copa,21.64
2025-09-20 04:15:00,TEM_COP_10,temperature,Copa,21.43
2025-09-20 04:30:00,TEM_COP_10,temperature,Copa,21.51
2025-09-20 04:45:00,TEM_COP_10,temperature,Copa,22.05
2025-09-20 05:00:00,TEM_COP_10,temperature,Copa,21.92
2025-09-20 05:15:00,TEM_COP_10,temperature,Copa,21.84
2025-09-20 05:30:00,TEM_COP_10,temperature,Copa,22.74
2025-09-20 05:45:00,TEM_COP_10,temperature,Copa,22.66
2025-09-20 06:00:00,TEM_COP_10,temperature,Copa,23.1
2025-09-20 06:15:00,TEM_COP_10,temperature,Copa,22.82
2025-09-20 06:30:00,TEM_COP_10,temperature,Copa,23.18
2025-09-20 06:45:00,TEM_COP_10,temperature,Copa,22.63
2025-09-20 07:00:00,TEM_COP_10,temperature,Copa,23.52
2025-09-20 07:15:00,TEM_COP_10,temperature,Copa,23.48
2025-09-20 07:30:00,TEM_COP_10,temperature,Copa,23.13
2025-09-20 07:45:00,TEM_COP_10,temperature,Copa,23.45
2025-09-20 08:00:00,TEM_COP_10,temperature,Copa,23.56
2025-09-20 08:15:00,TEM_COP_10,temperature,Copa,23.89
2025-09-20 08:30:00,TEM_COP_10,temperature,Copa,23.39
2025-09-20 08:45:00,TEM_COP_10,temperature,Copa,23.79
2025-09-20 09:00:00,TEM_COP_10,temperature,Copa,24.4
2025-09-20 09:15:00,TEM_COP_10,temperature,Copa,23.92
2025-09-20 09:30:00,TEM_COP_10,temperature,Copa,23.98
2025-09-20 09:45:00,TEM_COP_10,temperature,Copa,23.79
2025-09-20 10:00:00,TEM_COP_10,temperature,Copa,24.12
2025-09-20 10:15:00,TEM_COP_10,temperature,Copa,23.77
2025-09-20 10:30:00,TEM_COP_10,temperature,Copa,23.75
2025-09-20 10:45:00,TEM_COP_10,temperature,Copa,24.18
2025-09-20 11:00:00,TEM_COP_10,temperature,Copa,24.17
2025-09-20 11:15:00,TEM_COP_10,temperature,Copa,23.77
2025-09-20 11:30:00,TEM_COP_10,temperature,Copa,23.46
2025-09-20 11:45:00,TEM_COP_10,temperature,Copa,24.45
2025-09-20 12:00:00,TEM_COP_10,temperature,Copa,23.82
2025-09-20 12:15:00,TEM_COP_10,temperature,Copa,23.63
2025-09-20 12:30:00,TEM_COP_10,temperature,Copa,23.72
2025-09-20 12:45:00,TEM_COP_10,temperature,Copa,22.63
2025-09-20 13:00:00,TEM_COP_10,temperature,Copa,23.29
2025-09-20 13:15:00,TEM_COP_10,temperature,Copa,23.48
2025-09-20 13:30:00,TEM_COP_10,temperature,Copa,22.81
2025-09-20 13:45:00,TEM_COP_10,temperature,Copa,22.35
2025-09-20 14:00:00,TEM_COP_10,temperature,Copa,22.81
2025-09-20 14:15:00,TEM_COP_10,temperature,Copa,22.89
2025-09-20 14:30:00,TEM_COP_10,temperature,Copa,22.44
2025-09-20 14:45:00,TEM_COP_10,temperature,Copa,22.01
2025-09-20 15:00:00,TEM_COP_10,temperature,Copa,22.06
2025-09-20 15:15:00,TEM_COP_10,temperature,Copa,22.46
2025-09-20 15:30:00,TEM_COP_10,temperature,Copa,21.92
2025-09-20 15:45:00,TEM_COP_10,temperature,Copa,21.68
2025-09-20 16:00:00,TEM_COP_10,temperature,Copa,21.38
2025-09-20 16:15:00,TEM_COP_10,temperature,Copa,21.04
2025-09-20 16:30:00,TEM_COP_10,temperature,Copa,21.34
2025-09-20 16:45:00,TEM_COP_10,temperature,Copa,20.7
2025-09-20 17:00:00,TEM_COP_10,temperature,Copa,20.61
2025-09-20 17:15:00,TEM_COP_10,temperature,Copa,20.68
2025-09-20 17:30:00,TEM_COP_10,temperature,Copa,21.46
2025-09-20 17:45:00,TEM_COP_10,temperature,Copa,20.37
2025-09-20 18:00:00,TEM_COP_10,temperature,Copa,20.38
2025-09-20 18:15:00,TEM_COP_10,temperature,Copa,20.11
2025-09-20 18:30:00,TEM_COP_10,temperature,Copa,20.03
2025-09-20 18:45:00,TEM_COP_10,temperature,Copa,18.71
2025-09-20 19:00:00,TEM_COP_10,temperature,Copa,20.01
2025-09-20 19:15:00,TEM_COP_10,temperature,Copa,19.51
2025-09-20 19:30:00,TEM_COP_10,temperature,Copa,19.21
2025-09-20 19:45:00,TEM_COP_10,temperature,Copa,19.6
2025-09-20 20:00:00,TEM_COP_10,temperature,Copa,19.48
2025-09-20 20:15:00,TEM_COP_10,temperature,Copa,18.74
2025-09-20 20:30:00,TEM_COP_10,temperature,Copa,18.95
2025-09-20 20:45:00,TEM_COP_10,temperature,Copa,19.32
2025-09-20 21:00:00,TEM_COP_10,temperature,Copa,19.18
2025-09-20 21:15:00,TEM_COP_10,temperature,Copa,18.91
2025-09-20 21:30:00,TEM_COP_10,temperature,Copa,19.31
2025-09-20 21:45:00,TEM_COP_10,temperature,Copa,18.93
2025-09-20 22:00:00,TEM_COP_10,temperature,Copa,18.91
2025-09-20 22:15:00,TEM_COP_10,temperature,Copa,18.67
2025-09-20 22:30:00,TEM_COP_10,temperature,Copa,19.39
2025-09-20 22:45:00,TEM_COP_10,temperature,Copa,18.99
2025-09-20 23:00:00,TEM_COP_10,temperature,Copa,18.59
2025-09-20 23:15:00,TEM_COP_10,temperature,Copa,19.53
2025-09-20 23:30:00,TEM_COP_10,temperature,Copa,18.96
2025-09-20 23:45:00,TEM_COP_10,temperature,Copa,19.27
2025-09-21 00:00:00,TEM_COP_10,temperature,Copa,19.56
2025-09-21 00:15:00,TEM_COP_10,temperature,Copa,19.41
2025-09-21 00:30:00,TEM_COP_10,temperature,Copa,19.63
2025-09-21 00:45:00,TEM_COP_10,temperature,Copa,19.61
2025-09-21 01:00:00,TEM_COP_10,temperature,Copa,20.01
2025-09-21 01:15:00,TEM_COP_10,temperature,Copa,19.34
2025-09-21 01:30:00,TEM_COP_10,temperature,Copa,20.31
2025-09-21 01:45:00,TEM_COP_10,temperature,Copa,20.28
2025-09-21 02:00:00,TEM_COP_10,temperature,Copa,20.78
2025-09-21 02:15:00,TEM_COP_10,temperature,Copa,20.7
2025-09-21 02:30:00,TEM_COP_10,temperature,Copa,20.51
2025-09-21 02:45:00,TEM_COP_10,temperature,Copa,21.21
2025-09-21 03:00:00,TEM_COP_10,temperature,Copa,21.03
2025-09-21 03:15:00,TEM_COP_10,temperature,Copa,21.23
2025-09-21 03:30:00,TEM_COP_10,temperature,Copa,21.14
2025-09-21 03:45:00,TEM_COP_10,temperature,Copa,21.41
2025-09-21 04:00:00,TEM_COP_10,temperature,Copa,21.28
2025-09-21 04:15:00,TEM_COP_10,temperature,Copa,22.09
2025-09-21 04:30:00,TEM_COP_10,temperature,Copa,21.99
2025-09-21 04:45:00,TEM_COP_10,temperature,Copa,22.07
2025-09-21 05:00:00,TEM_COP_10,temperature,Copa,22.46
2025-09-21 05:15:00,TEM_COP_10,temperature,Copa,22.46
2025-09-21 05:30:00,TEM_COP_10,temperature,Copa,22.53
2025-09-21 05:45:00,TEM_COP_10,temperature,Copa,22.76
2025-09-21 06:00:00,TEM_COP_10,temperature,Copa,22.59
2025-09-21 06:15:00,TEM_COP_10,temperature,Copa,22.76
2025-09-21 06:30:00,TEM_COP_10,temperature,Copa,23.27
2025-09-21 06:45:00,TEM_COP_10,temperature,Copa,23.1
2025-09-21 07:00:00,TEM_COP_10,temperature,Copa,22.63
2025-09-21 07:15:00,TEM_COP_10,temperature,Copa,23.1
2025-09-21 07:30:00,TEM_COP_10,temperature,Copa,23.58
2025-09-21 07:45:00,TEM_COP_10,temperature,Copa,23.56
2025-09-21 08:00:00,TEM_COP_10,temperature,Copa,23.28
2025-09-21 08:15:00,TEM_COP_10,temperature,Copa,23.37
2025-09-21 08:30:00,TEM_COP_10,temperature,Copa,24.19
2025-09-21 08:45:00,TEM_COP_10,temperature,Copa,23.35
2025-09-21 09:00:00,TEM_COP_10,temperature,Copa,23.89
2025-09-21 09:15:00,TEM_COP_10,temperature,Copa,23.9
2025-09-21 09:30:00,TEM_COP_10,temperature,Copa,23.53
2025-09-21 09:45:00,TEM_COP_10,temperature,Copa,24.43
2025-09-21 10:00:00,TEM_COP_10,temperature,Copa,24.29
2025-09-21 10:15:00,TEM_COP_10,temperature,Copa,23.92
2025-09-21 10:30:00,TEM_COP_10,temperature,Copa,24.32
2025-09-21 10:45:00,TEM_COP_10,temperature,Copa,23.87
2025-09-21 11:00:00,TEM_COP_10,temperature,Copa,24.18
2025-09-21 11:15:00,TEM_COP_10,temperature,Copa,24.07
2025-09-21 11:30:00,TEM_COP_10,temperature,Copa,23.82
2025-09-21 11:45:00,TEM_COP_10,temperature,Copa,23.83
2025-09-21 12:00:00,TEM_COP_10,temperature,Copa,23.57
2025-09-21 12:15:00,TEM_COP_10,temperature,Copa,23.37
2025-09-21 12:30:00,TEM_COP_10,temperature,Copa,23.59
2025-09-21 12:45:00,TEM_COP_10,temperature,Copa,23.28
2025-09-21 13:00:00,TEM_COP_10,temperature,Copa,23.21
2025-09-21 13:15:00,TEM_COP_10,temperature,Copa,23.11
2025-09-21 13:30:00,TEM_COP_10,temperature,Copa,22.81
2025-09-21 13:45:00,TEM_COP_10,temperature,Copa,22.92
2025-09-21 14:00:00,TEM_COP_10,temperature,Copa,22.55
2025-09-21 14:15:00,TEM_COP_10,temperature,Copa,22.29
2025-09-21 14:30:00,TEM_COP_10,temperature,Copa,22.75
2025-09-21 14:45:00,TEM_COP_10,temperature,Copa,22.52
2025-09-21 15:00:00,TEM_COP_10,temperature,Copa,22.1
2025-09-21 15:15:00,TEM_COP_10,temperature,Copa,21.98
2025-09-21 15:30:00,TEM_COP_10,temperature,Copa,21.81
2025-09-21 15:45:00,TEM_COP_10,temperature,Copa,22.04
2025-09-21 16:00:00,TEM_COP_10,temperature,Copa,21.36
2025-09-21 16:15:00,TEM_COP_10,temperature,Copa,20.74
2025-09-21 16:30:00,TEM_COP_10,temperature,Copa,20.96
2025-09-21 16:45:00,TEM_COP_10,temperature,Copa,20.78
2025-09-21 17:00:00,TEM_COP_10,temperature,Copa,20.55
2025-09-21 17:15:00,TEM_COP_10,temperature,Copa,20.31
2025-09-21 17:30:00,TEM_COP_10,temperature,Copa,20.71
2025-09-21 17:45:00,TEM_COP_10,temperature,Copa,20.4
2025-09-21 18:00:00,TEM_COP_10,temperature,Copa,19.96
2025-09-21 18:15:00,TEM_COP_10,temperature,Copa,19.88
2025-09-21 18:30:00,TEM_COP_10,temperature,Copa,19.81
2025-09-21 18:45:00,TEM_COP_10,temperature,Copa,20.06
2025-09-21 19:00:00,TEM_COP_10,temperature,Copa,19.34
2025-09-21 19:15:00,TEM_COP_10,temperature,Copa,19.63
2025-09-21 19:30:00,TEM_COP_10,temperature,Copa,19.52
2025-09-21 19:45:00,TEM_COP_10,temperature,Copa,19.74
2025-09-21 20:00:00,TEM_COP_10,temperature,Copa,19.16
2025-09-21 20:15:00,TEM_COP_10,temperature,Copa,19.3
2025-09-21 20:30:00,TEM_COP_10,temperature,Copa,19.47
2025-09-21 20:45:00,TEM_COP_10,temperature,Copa,18.98
2025-09-21 21:00:00,TEM_COP_10,temperature,Copa,19.12
2025-09-21 21:15:00,TEM_COP_10,temperature,Copa,19.24
2025-09-21 21:30:00,TEM_COP_10,temperature,Copa,18.93
2025-09-21 21:45:00,TEM_COP_10,temperature,Copa,19.0
2025-09-21 22:00:00,TEM_COP_10,temperature,Copa,19.3
2025-09-21 22:15:00,TEM_COP_10,temperature,Copa,19.35
2025-09-21 22:30:00,TEM_COP_10,temperature,Copa,18.67
2025-09-21 22:45:00,TEM_COP_10,temperature,Copa,18.87
2025-09-21 23:00:00,TEM_COP_10,temperature,Copa,18.58
2025-09-21 23:15:00,TEM_COP_10,temperature,Copa,19.6
2025-09-21 23:30:00,TEM_COP_10,temperature,Copa,19.11
2025-09-21 23:45:00,TEM_COP_10,temperature,Copa,19.57
2025-09-15 00:00:00,LUM_COP_11,luminosity,Copa,2.0
2025-09-15 00:15:00,LUM_COP_11,luminosity,Copa,4.0
2025-09-15 00:30:00,LUM_COP_11,luminosity,Copa,0.0
2025-09-15 00:45:00,LUM_COP_11,luminosity,Copa,7.0
2025-09-15 01:00:00,LUM_COP_11,luminosity,Copa,0.0
2025-09-15 01:15:00,LUM_COP_11,luminosity,Copa,16.0
2025-09-15 01:30:00,LUM_COP_11,luminosity,Copa,3.0
2025-09-15 01:45:00,LUM_COP_11,luminosity,Copa,1.0
2025-09-15 02:00:00,LUM_COP_11,luminosity,Copa,0.0
2025-09-15 02:15:00,LUM_COP_11,luminosity,Copa,0.0
2025-09-15 02:30:00,LUM_COP_11,luminosity,Copa,0.0
2025-09-15 02:45:00,LUM_COP_11,luminosity,Copa,1.0
2025-09-15 03:00:00,LUM_COP_11,luminosity,Copa,2.0
2025-09-15 03:15:00,LUM_COP_11,luminosity,Copa,1.0
2025-09-15 03:30:00,LUM_COP_11,luminosity,Copa,8.0
2025-09-15 03:45:00,LUM_COP_11,luminosity,Copa,5.0
2025-09-15 04:00:00,LUM_COP_11,luminosity,Copa,0.0
2025-09-15 04:15:00,LUM_COP_11,luminosity,Copa,0.0
2025-09-15 04:30:00,LUM_COP_11,luminosity,Copa,0.0
2025-09-15 04:45:00,LUM_COP_11,luminosity,Copa,0.0
2025-09-15 05:00:00,LUM_COP_11,luminosity,Copa,0.0
2025-09-15 05:15:00,LUM_COP_11,luminosity,Copa,0.0
2025-09-15 05:30:00,LUM_COP_11,luminosity,Copa,0.0
2025-09-15 05:45:00,LUM_COP_11,luminosity,Copa,0.0
2025-09-15 06:00:00,LUM_COP_11,luminosity,Copa,350.0
2025-09-15 06:15:00,LUM_COP_11,luminosity,Copa,292.0
2025-09-15 06:30:00,LUM_COP_11,luminosity,Copa,473.0
2025-09-15 06:45:00,LUM_COP_11,luminosity,Copa,527.0
2025-09-15 07:00:00,LUM_COP_11,luminosity,Copa,547.0
2025-09-15 07:15:00,LUM_COP_11,luminosity,Copa,551.0
2025-09-15 07:30:00,LUM_COP_11,luminosity,Copa,629.0
2025-09-15 07:45:00,LUM_COP_11,luminosity,Copa,715.0
2025-09-15 08:00:00,LUM_COP_11,luminosity,Copa,752.0
2025-09-15 08:15:00,LUM_COP_11,luminosity,Copa,762.0
2025-09-15 08:30:00,LUM_COP_11,luminosity,Copa,836.0
2025-09-15 08:45:00,LUM_COP_11,luminosity,Copa,807.0
2025-09-15 09:00:00,LUM_COP_11,luminosity,Copa,870.0
2025-09-15 09:15:00,LUM_COP_11,luminosity,Copa,878.0
2025-09-15 09:30:00,LUM_COP_11,luminosity,Copa,888.0
2025-09-15 09:45:00,LUM_COP_11,luminosity,Copa,992.0
2025-09-15 10:00:00,LUM_COP_11,luminosity,Copa,1061.0
2025-09-15 10:15:00,LUM_COP_11,luminosity,Copa,1004.0
2025-09-15 10:30:00,LUM_COP_11,luminosity,Copa,1091.0
2025-09-15 10:45:00,LUM_COP_11,luminosity,Copa,1155.0
2025-09-15 11:00:00,LUM_COP_11,luminosity,Copa,1101.0
2025-09-15 11:15:00,LUM_COP_11,luminosity,Copa,1050.0
2025-09-15 11:30:00,LUM_COP_11,luminosity,Copa,1149.0
2025-09-15 11:45:00,LUM_COP_11,luminosity,Copa,1074.0
2025-09-15 12:00:00,LUM_COP_11,luminosity,Copa,1135.0
2025-09-15 12:15:00,LUM_COP_11,luminosity,Copa,1066.0
2025-09-15 12:30:00,LUM_COP_11,luminosity,Copa,1167.0
2025-09-15 12:45:00,LUM_COP_11,luminosity,Copa,1054.0
2025-09-15 13:00:00,LUM_COP_11,luminosity,Copa,1094.0
2025-09-15 13:15:00,LUM_COP_11,luminosity,Copa,1113.0
2025-09-15 13:30:00,LUM_COP_11,luminosity,Copa,1111.0
2025-09-15 13:45:00,LUM_COP_11,luminosity,Copa,1071.0
2025-09-15 14:00:00,LUM_COP_11,luminosity,Copa,1023.0
2025-09-15 14:15:00,LUM_COP_11,luminosity,Copa,1026.0
2025-09-15 14:30:00,LUM_COP_11,luminosity,Copa,900.0
2025-09-15 14:45:00,LUM_COP_11,luminosity,Copa,920.0
2025-09-15 15:00:00,LUM_COP_11,luminosity,Copa,894.0
2025-09-15 15:15:00,LUM_COP_11,luminosity,Copa,768.0
2025-09-15 15:30:00,LUM_COP_11,luminosity,Copa,772.0
2025-09-15 15:45:00,LUM_COP_11,luminosity,Copa,837.0
2025-09-15 16:00:00,LUM_COP_11,luminosity,Copa,731.0
2025-09-15 16:15:00,LUM_COP_11,luminosity,Copa,596.0
2025-09-15 16:30:00,LUM_COP_11,luminosity,Copa,582.0
2025-09-15 16:45:00,LUM_COP_11,luminosity,Copa,557.0
2025-09-15 17:00:00,LUM_COP_11,luminosity,Copa,507.0
2025-09-15 17:15:00,LUM_COP_11,luminosity,Copa,436.0
2025-09-15 17:30:00,LUM_COP_11,luminosity,Copa,509.0
2025-09-15 17:45:00,LUM_COP_11,luminosity,Copa,462.0
2025-09-15 18:00:00,LUM_COP_11,luminosity,Copa,3.0
2025-09-15 18:15:00,LUM_COP_11,luminosity,Copa,5.0
2025-09-15 18:30:00,LUM_COP_11,luminosity,Copa,5.0
2025-09-15 18:45:00,LUM_COP_11,luminosity,Copa,2.0
2025-09-15 19:00:00,LUM_COP_11,luminosity,Copa,0.0
2025-09-15 19:15:00,LUM_COP_11,luminosity,Copa,5.0
2025-09-15 19:30:00,LUM_COP_11,luminosity,Copa,3.0
2025-09-15 19:45:00,LUM_COP_11,luminosity,Copa,0.0
2025-09-15 20:00:00,LUM_COP_11,luminosity,Copa,3.0
2025-09-15 20:15:00,LUM_COP_11,luminosity,Copa,0.0
2025-09-15 20:30:00,LUM_COP_11,luminosity,Copa,0.0
2025-09-15 20:45:00,LUM_COP_11,luminosity,Copa,4.0
2025-09-15 21:00:00,LUM_COP_11,luminosity,Copa,0.0
2025-09-15 21:15:00,LUM_COP_11,luminosity,Copa,0.0
2025-09-15 21:30:00,LUM_COP_11,luminosity,Copa,0.0
2025-09-15 21:45:00,LUM_COP_11,luminosity,Copa,0.0
2025-09-15 22:00:00,LUM_COP_11,luminosity,Copa,0.0
2025-09-15 22:15:00,LUM_COP_11,luminosity,Copa,0.0
2025-09-15 22:30:00,LUM_COP_11,luminosity,Copa,0.0
2025-09-15 22:45:00,LUM_COP_11,luminosity,Copa,0.0
2025-09-15 23:00:00,LUM_COP_11,luminosity,Copa,10.0
2025-09-15 23:15:00,LUM_COP_11,luminosity,Copa,2.0
2025-09-15 23:30:00,LUM_COP_11,luminosity,Copa,1.0
2025-09-15 23:45:00,LUM_COP_11,luminosity,Copa,0.0
2025-09-16 00:00:00,LUM_COP_11,luminosity,Copa,0.0
2025-09-16 00:15:00,LUM_COP_11,luminosity,Copa,0.0
2025-09-16 00:30:00,LUM_COP_11,luminosity,Copa,0.0
2025-09-16 00:45:00,LUM_COP_11,luminosity,Copa,6.0
2025-09-16 01:00:00,LUM_COP_11,luminosity,Copa,11.0
2025-09-16 01:15:00,LUM_COP_11,luminosity,Copa,3.0
2025-09-16 01:30:00,LUM_COP_11,luminosity,Copa,0.0
2025-09-16 01:45:00,LUM_COP_11,luminosity,Copa,12.0
2025-09-16 02:00:00,LUM_COP_11,luminosity,Copa,0.0
2025-09-16 02:15:00,LUM_COP_11,luminosity,Copa,1.0
2025-09-16 02:30:00,LUM_COP_11,luminosity,Copa,0.0
2025-09-16 02:45:00,LUM_COP_11,luminosity,Copa,0.0
2025-09-16 03:00:00,LUM_COP_11,luminosity,Copa,0.0
2025-09-16 03:15:00,LUM_COP_11,luminosity,Copa,0.0
2025-09-16 03:30:00,LUM_COP_11,luminosity,Copa,0.0
2025-09-16 03:45:00,LUM_COP_11,luminosity,Copa,4.0
2025-09-16 04:00:00,LUM_COP_11,luminosity,Copa,0.0
2025-09-16 04:15:00,LUM_COP_11,luminosity,Copa,0.0
2025-09-16 04:30:00,LUM_COP_11,luminosity,Copa,0.0
2025-09-16 04:45:00,LUM_COP_11,luminosity,Copa,0.0
2025-09-16 05:00:00,LUM_COP_11,luminosity,Copa,1.0
2025-09-16 05:15:00,LUM_COP_11,luminosity,Copa,10.0
2025-09-16 05:30:00,LUM_COP_11,luminosity,Copa,0.0
2025-09-16 05:45:00,LUM_COP_11,luminosity,Copa,3.0
2025-09-16 06:00:00,LUM_COP_11,luminosity,Copa,367.0
2025-09-16 06:15:00,LUM_COP_11,luminosity,Copa,377.0
2025-09-16 06:30:00,LUM_COP_11,luminosity,Copa,467.0
2025-09-16 06:45:00,LUM_COP_11,luminosity,Copa,469.0
2025-09-16 07:00:00,LUM_COP_11,luminosity,Copa,554.0
2025-09-16 07:15:00,LUM_COP_11,luminosity,Copa,655.0
2025-09-16 07:30:00,LUM_COP_11,luminosity,Copa,698.0
2025-09-16 07:45:00,LUM_COP_11,luminosity,Copa,731.0
2025-09-16 08:00:00,LUM_COP_11,luminosity,Copa,672.0
2025-09-16 08:15:00,LUM_COP_11,luminosity,Copa,766.0
2025-09-16 08:30:00,LUM_COP_11,luminosity,Copa,876.0
2025-09-16 08:45:00,LUM_COP_11,luminosity,Copa,906.0
2025-09-16 09:00:00,LUM_COP_11,luminosity,Copa,920.0
2025-09-16 09:15:00,LUM_COP_11,luminosity,Copa,981.0
2025-09-16 09:30:00,LUM_COP_11,luminosity,Copa,888.0
2025-09-16 09:45:00,LUM_COP_11,luminosity,Copa,1022.0
2025-09-16 10:00:00,LUM_COP_11,luminosity,Copa,1009.0
2025-09-16 10:15:00,LUM_COP_11,luminosity,Copa,1139.0
2025-09-16 10:30:00,LUM_COP_11,luminosity,Copa,982.0
2025-09-16 10:45:00,LUM_COP_11,luminosity,Copa,1031.0
2025-09-16 11:00:00,LUM_COP_11,luminosity,Copa,1108.0
2025-09-16 11:15:00,LUM_COP_11,luminosity,Copa,1066.0
2025-09-16 11:30:00,LUM_COP_11,luminosity,Copa,1144.0
2025-09-16 11:45:00,LUM_COP_11,luminosity,Copa,1116.0
2025-09-16 12:00:00,LUM_COP_11,luminosity,Copa,1131.0
2025-09-16 12:15:00,LUM_COP_11,luminosity,Copa,1195.0
2025-09-16 12:30:00,LUM_COP_11,luminosity,Copa,1115.0
2025-09-16 12:45:00,LUM_COP_11,luminosity,Copa,1124.0
2025-09-16 13:00:00,LUM_COP_11,luminosity,Copa,1074.0
2025-09-16 13:15:00,LUM_COP_11,luminosity,Copa,1089.0
2025-09-16 13:30:00,LUM_COP_11,luminosity,Copa,1077.0
2025-09-16 13:45:00,LUM_COP_11,luminosity,Copa,1076.0
2025-09-16 14:00:00,LUM_COP_11,luminosity,Copa,1023.0
2025-09-16 14:15:00,LUM_COP_11,luminosity,Copa,975.0
2025-09-16 14:30:00,LUM_COP_11,luminosity,Copa,864.0
2025-09-16 14:45:00,LUM_COP_11,luminosity,Copa,996.0
2025-09-16 15:00:00,LUM_COP_11,luminosity,Copa,823.0
2025-09-16 15:15:00,LUM_COP_11,luminosity,Copa,771.0
2025-09-16 15:30:00,LUM_COP_11,luminosity,Copa,876.0
2025-09-16 15:45:00,LUM_COP_11,luminosity,Copa,846.0
2025-09-16 16:00:00,LUM_COP_11,luminosity,Copa,746.0
2025-09-16 16:15:00,LUM_COP_11,luminosity,Copa,641.0
2025-09-16 16:30:00,LUM_COP_11,luminosity,Copa,648.0
2025-09-16 16:45:00,LUM_COP_11,luminosity,Copa,544.0
2025-09-16 17:00:00,LUM_COP_11,luminosity,Copa,575.0
2025-09-16 17:15:00,LUM_COP_11,luminosity,Copa,417.0
2025-09-16 17:30:00,LUM_COP_11,luminosity,Copa,369.0
2025-09-16 17:45:00,LUM_COP_11,luminosity,Copa,435.0
2025-09-16 18:00:00,LUM_COP_11,luminosity,Copa,4.0
2025-09-16 18:15:00,LUM_COP_11,luminosity,Copa,0.0
2025-09-16 18:30:00,LUM_COP_11,luminosity,Copa,0.0
2025-09-16 18:45:00,LUM_COP_11,luminosity,Copa,3.0
2025-09-16 19:00:00,LUM_COP_11,luminosity,Copa,5.0
2025-09-16 19:15:00,LUM_COP_11,luminosity,Copa,0.0
2025-09-16 19:30:00,LUM_COP_11,luminosity,Copa,0.0
2025-09-16 19:45:00,LUM_COP_11,luminosity,Copa,4.0
2025-09-16 20:00:00,LUM_COP_11,luminosity,Copa,0.0
2025-09-16 20:15:00,LUM_COP_11,luminosity,Copa,0.0
2025-09-16 20:30:00,LUM_COP_11,luminosity,Copa,4.0
2025-09-16 20:45:00,LUM_COP_11,luminosity,Copa,4.0
2025-09-16 21:00:00,LUM_COP_11,luminosity,Copa,0.0
2025-09-16 21:15:00,LUM_COP_11,luminosity,Copa,7.0
2025-09-16 21:30:00,LUM_COP_11,luminosity,Copa,0.0
2025-09-16 21:45:00,LUM_COP_11,luminosity,Copa,1.0
2025-09-16 22:00:00,LUM_COP_11,luminosity,Copa,0.0
2025-09-16 22:15:00,LUM_COP_11,luminosity,Copa,0.0
2025-09-16 22:30:00,LUM_COP_11,luminosity,Copa,0.0
2025-09-16 22:45:00,LUM_COP_11,luminosity,Copa,2.0
2025-09-16 23:00:00,LUM_COP_11,luminosity,Copa,2.0
2025-09-16 23:15:00,LUM_COP_11,luminosity,Copa,0.0
2025-09-16 23:30:00,LUM_COP_11,luminosity,Copa,0.0
2025-09-16 23:45:00,LUM_COP_11,luminosity,Copa,0.0
2025-09-17 00:00:00,LUM_COP_11,luminosity,Copa,1.0
2025-09-17 00:15:00,LUM_COP_11,luminosity,Copa,0.0
2025-09-17 00:30:00,LUM_COP_11,luminosity,Copa,0.0
2025-09-17 00:45:00,LUM_COP_11,luminosity,Copa,0.0
2025-09-17 01:00:00,LUM_COP_11,luminosity,Copa,1.0
2025-09-17 01:15:00,LUM_COP_11,luminosity,Copa,7.0
2025-09-17 01:30:00,LUM_COP_11,luminosity,Copa,4.0
2025-09-17 01:45:00,LUM_COP_11,luminosity,Copa,0.0
2025-09-17 02:00:00,LUM_COP_11,luminosity,Copa,0.0
2025-09-17 02:15:00,LUM_COP_11,luminosity,Copa,0.0
2025-09-17 02:30:00,LUM_COP_11,luminosity,Copa,4.0
2025-09-17 02:45:00,LUM_COP_11,luminosity,Copa,1.0
2025-09-17 03:00:00,LUM_COP_11,luminosity,Copa,0.0
2025-09-17 03:15:00,LUM_COP_11,luminosity,Copa,7.0
2025-09-17 03:30:00,LUM_COP_11,luminosity,Copa,7.0
2025-09-17 03:45:00,LUM_COP_11,luminosity,Copa,4.0
2025-09-17 04:00:00,LUM_COP_11,luminosity,Copa,0.0
2025-09-17 04:15:00,LUM_COP_11,luminosity,Copa,0.0
2025-09-17 04:30:00,LUM_COP_11,luminosity,Copa,0.0
2025-09-17 04:45:00,LUM_COP_11,luminosity,Copa,2.0
2025-09-17 05:00:00,LUM_COP_11,luminosity,Copa,0.0
2025-09-17 05:15:00,LUM_COP_11,luminosity,Copa,3.0
2025-09-17 05:30:00,LUM_COP_11,luminosity,Copa,0.0
2025-09-17 05:45:00,LUM_COP_11,luminosity,Copa,0.0
2025-09-17 06:00:00,LUM_COP_11,luminosity,Copa,236.0
2025-09-17 06:15:00,LUM_COP_11,luminosity,Copa,382.0
2025-09-17 06:30:00,LUM_COP_11,luminosity,Copa,385.0
2025-09-17 06:45:00,LUM_COP_11,luminosity,Copa,466.0
2025-09-17 07:00:00,LUM_COP_11,luminosity,Copa,556.0
2025-09-17 07:15:00,LUM_COP_11,luminosity,Copa,685.0
2025-09-17 07:30:00,LUM_COP_11,luminosity,Copa,656.0
2025-09-17 07:45:00,LUM_COP_11,luminosity,Copa,693.0
2025-09-17 08:00:00,LUM_COP_11,luminosity,Copa,737.0
2025-09-17 08:15:00,LUM_COP_11,luminosity,Copa,818.0
2025-09-17 08:30:00,LUM_COP_11,luminosity,Copa,801.0
2025-09-17 08:45:00,LUM_COP_11,luminosity,Copa,834.0
2025-09-17 09:00:00,LUM_COP_11,luminosity,Copa,895.0
2025-09-17 09:15:00,LUM_COP_11,luminosity,Copa,952.0
2025-09-17 09:30:00,LUM_COP_11,luminosity,Copa,957.0
2025-09-17 09:45:00,LUM_COP_11,luminosity,Copa,1041.0
2025-09-17 10:00:00,LUM_COP_11,luminosity,Copa,1090.0
2025-09-17 10:15:00,LUM_COP_11,luminosity,Copa,1008.0
2025-09-17 10:30:00,LUM_COP_11,luminosity,Copa,1016.0
2025-09-17 10:45:00,LUM_COP_11,luminosity,Copa,1017.0
2025-09-17 11:00:00,LUM_COP_11,luminosity,Copa,1043.0
2025-09-17 11:15:00,LUM_COP_11,luminosity,Copa,1076.0
2025-09-17 11:30:00,LUM_COP_11,luminosity,Copa,1087.0
2025-09-17 11:45:00,LUM_COP_11,luminosity,Copa,1159.0
2025-09-17 12:00:00,LUM_COP_11,luminosity,Copa,1088.0
2025-09-17 12:15:00,LUM_COP_11,luminosity,Copa,1147.0
2025-09-17 12:30:00,LUM_COP_11,luminosity,Copa,1064.0
2025-09-17 12:45:00,LUM_COP_11,luminosity,Copa,1077.0
2025-09-17 13:00:00,LUM_COP_11,luminosity,Copa,1070.0
2025-09-17 13:15:00,LUM_COP_11,luminosity,Copa,1133.0
2025-09-17 13:30:00,LUM_COP_11,luminosity,Copa,1122.0
2025-09-17 13:45:00,LUM_COP_11,luminosity,Copa,1114.0
2025-09-17 14:00:00,LUM_COP_11,luminosity,Copa,1003.0
2025-09-17 14:15:00,LUM_COP_11,luminosity,Copa,970.0
2025-09-17 14:30:00,LUM_COP_11,luminosity,Copa,902.0
2025-09-17 14:45:00,LUM_COP_11,luminosity,Copa,962.0
2025-09-17 15:00:00,LUM_COP_11,luminosity,Copa,854.0
2025-09-17 15:15:00,LUM_COP_11,luminosity,Copa,874.0
2025-09-17 15:30:00,LUM_COP_11,luminosity,Copa,823.0
2025-09-17 15:45:00,LUM_COP_11,luminosity,Copa,784.0
2025-09-17 16:00:00,LUM_COP_11,luminosity,Copa,741.0
2025-09-17 16:15:00,LUM_COP_11,luminosity,Copa,706.0
2025-09-17 16:30:00,LUM_COP_11,luminosity,Copa,660.0
2025-09-17 16:45:00,LUM_COP_11,luminosity,Copa,598.0
2025-09-17 17:00:00,LUM_COP_11,luminosity,Copa,568.0
2025-09-17 17:15:00,LUM_COP_11,luminosity,Copa,469.0
2025-09-17 17:30:00,LUM_COP_11,luminosity,Copa,499.0
2025-09-17 17:45:00,LUM_COP_11,luminosity,Copa,429.0
2025-09-17 18:00:00,LUM_COP_11,luminosity,Copa,0.0
2025-09-17 18:15:00,LUM_COP_11,luminosity,Copa,1.0
2025-09-17 18:30:00,LUM_COP_11,luminosity,Copa,7.0
2025-09-17 18:45:00,LUM_COP_11,luminosity,Copa,2.0
2025-09-17 19:00:00,LUM_COP_11,luminosity,Copa,4.0
2025-09-17 19:15:00,LUM_COP_11,luminosity,Copa,3.0
2025-09-17 19:30:00,LUM_COP_11,luminosity,Copa,0.0
2025-09-17 19:45:00,LUM_COP_11,luminosity,Copa,2.0
2025-09-17 20:00:00,LUM_COP_11,luminosity,Copa,2.0
2025-09-17 20:15:00,LUM_COP_11,luminosity,Copa,0.0
2025-09-17 20:30:00,LUM_COP_11,luminosity,Copa,0.0
2025-09-17 20:45:00,LUM_COP_11,luminosity,Copa,7.0
2025-09-17 21:00:00,LUM_COP_11,luminosity,Copa,0.0
2025-09-17 21:15:00,LUM_COP_11,luminosity,Copa,0.0
2025-09-17 21:30:00,LUM_COP_11,luminosity,Copa,0.0
2025-09-17 21:45:00,LUM_COP_11,luminosity,Copa,0.0
2025-09-17 22:00:00,LUM_COP_11,luminosity,Copa,0.0
2025-09-17 22:15:00,LUM_COP_11,luminosity,Copa,0.0
2025-09-17 22:30:00,LUM_COP_11,luminosity,Copa,1.0
2025-09-17 22:45:00,LUM_COP_11,luminosity,Copa,0.0
2025-09-17 23:00:00,LUM_COP_11,luminosity,Copa,2.0
2025-09-17 23:15:00,LUM_COP_11,luminosity,Copa,6.0
2025-09-17 23:30:00,LUM_COP_11,luminosity,Copa,0.0
2025-09-17 23:45:00,LUM_COP_11,luminosity,Copa,0.0
2025-09-18 00:00:00,LUM_COP_11,luminosity,Copa,5.0
2025-09-18 00:15:00,LUM_COP_11,luminosity,Copa,0.0
2025-09-18 00:30:00,LUM_COP_11,luminosity,Copa,3.0
2025-09-18 00:45:00,LUM_COP_11,luminosity,Copa,0.0
2025-09-18 01:00:00,LUM_COP_11,luminosity,Copa,0.0
2025-09-18 01:15:00,LUM_COP_11,luminosity,Copa,2.0
2025-09-18 01:30:00,LUM_COP_11,luminosity,Copa,4.0
2025-09-18 01:45:00,LUM_COP_11,luminosity,Copa,12.0
2025-09-18 02:00:00,LUM_COP_11,luminosity,Copa,0.0
2025-09-18 02:15:00,LUM_COP_11,luminosity,Copa,0.0
2025-09-18 02:30:00,LUM_COP_11,luminosity,Copa,2.0
2025-09-18 02:45:00,LUM_COP_11,luminosity,Copa,0.0
2025-09-18 03:00:00,LUM_COP_11,luminosity,Copa,0.0
2025-09-18 03:15:00,LUM_COP_11,luminosity,Copa,4.0
2025-09-18 03:30:00,LUM_COP_11,luminosity,Copa,0.0
2025-09-18 03:45:00,LUM_COP_11,luminosity,Copa,0.0
2025-09-18 04:00:00,LUM_COP_11,luminosity,Copa,0.0
2025-09-18 04:15:00,LUM_COP_11,luminosity,Copa,0.0
2025-09-18 04:30:00,LUM_COP_11,luminosity,Copa,1.0
2025-09-18 04:45:00,LUM_COP_11,luminosity,Copa,2.0
2025-09-18 05:00:00,LUM_COP_11,luminosity,Copa,3.0
2025-09-18 05:15:00,LUM_COP_11,luminosity,Copa,1.0
2025-09-18 05:30:00,LUM_COP_11,luminosity,Copa,0.0
2025-09-18 05:45:00,LUM_COP_11,luminosity,Copa,6.0
2025-09-18 06:00:00,LUM_COP_11,luminosity,Copa,336.0
2025-09-18 06:15:00,LUM_COP_11,luminosity,Copa,405.0
2025-09-18 06:30:00,LUM_COP_11,luminosity,Copa,483.0
2025-09-18 06:45:00,LUM_COP_11,luminosity,Copa,486.0
2025-09-18 07:00:00,LUM_COP_11,luminosity,Copa,610.0
2025-09-18 07:15:00,LUM_COP_11,luminosity,Copa,599.0
2025-09-18 07:30:00,LUM_COP_11,luminosity,Copa,537.0
2025-09-18 07:45:00,LUM_COP_11,luminosity,Copa,628.0
2025-09-18 08:00:00,LUM_COP_11,luminosity,Copa,748.0
2025-09-18 08:15:00,LUM_COP_11,luminosity,Copa,787.0
2025-09-18 08:30:00,LUM_COP_11,luminosity,Copa,869.0
2025-09-18 08:45:00,LUM_COP_11,luminosity,Copa,783.0
2025-09-18 09:00:00,LUM_COP_11,luminosity,Copa,973.0
2025-09-18 09:15:00,LUM_COP_11,luminosity,Copa,828.0
2025-09-18 09:30:00,LUM_COP_11,luminosity,Copa,981.0
2025-09-18 09:45:00,LUM_COP_11,luminosity,Copa,1023.0
2025-09-18 10:00:00,LUM_COP_11,luminosity,Copa,1025.0
2025-09-18 10:15:00,LUM_COP_11,luminosity,Copa,1095.0
2025-09-18 10:30:00,LUM_COP_11,luminosity,Copa,1007.0
2025-09-18 10:45:00,LUM_COP_11,luminosity,Copa,1070.0
2025-09-18 11:00:00,LUM_COP_11,luminosity,Copa,1048.0
2025-09-18 11:15:00,LUM_COP_11,luminosity,Copa,1066.0
2025-09-18 11:30:00,LUM_COP_11,luminosity,Copa,1124.0
2025-09-18 11:45:00,LUM_COP_11,luminosity,Copa,1071.0
2025-09-18 12:00:00,LUM_COP_11,luminosity,Copa,1118.0
2025-09-18 12:15:00,LUM_COP_11,luminosity,Copa,1234.0
2025-09-18 12:30:00,LUM_COP_11,luminosity,Copa,1103.0
2025-09-18 12:45:00,LUM_COP_11,luminosity,Copa,1193.0
2025-09-18 13:00:00,LUM_COP_11,luminosity,Copa,1161.0
2025-09-18 13:15:00,LUM_COP_11,luminosity,Copa,1020.0
2025-09-18 13:30:00,LUM_COP_11,luminosity,Copa,1024.0
2025-09-18 13:45:00,LUM_COP_11,luminosity,Copa,1097.0
2025-09-18 14:00:00,LUM_COP_11,luminosity,Copa,979.0
2025-09-18 14:15:00,LUM_COP_11,luminosity,Copa,914.0
2025-09-18 14:30:00,LUM_COP_11,luminosity,Copa,953.0
2025-09-18 14:45:00,LUM_COP_11,luminosity,Copa,836.0
2025-09-18 15:00:00,LUM_COP_11,luminosity,Copa,861.0
2025-09-18 15:15:00,LUM_COP_11,luminosity,Copa,790.0
2025-09-18 15:30:00,LUM_COP_11,luminosity,Copa,796.0
2025-09-18 15:45:00,LUM_COP_11,luminosity,Copa,709.0
2025-09-18 16:00:00,LUM_COP_11,luminosity,Copa,660.0
2025-09-18 16:15:00,LUM_COP_11,luminosity,Copa,625.0
2025-09-18 16:30:00,LUM_COP_11,luminosity,Copa,673.0
2025-09-18 16:45:00,LUM_COP_11,luminosity,Copa,596.0
2025-09-18 17:00:00,LUM_COP_11,luminosity,Copa,495.0
2025-09-18 17:15:00,LUM_COP_11,luminosity,Copa,573.0
2025-09-18 17:30:00,LUM_COP_11,luminosity,Copa,457.0
2025-09-18 17:45:00,LUM_COP_11,luminosity,Copa,427.0
2025-09-18 18:00:00,LUM_COP_11,luminosity,Copa,3.0
2025-09-18 18:15:00,LUM_COP_11,luminosity,Copa,0.0
2025-09-18 18:30:00,LUM_COP_11,luminosity,Copa,0.0
2025-09-18 18:45:00,LUM_COP_11,luminosity,Copa,2.0
2025-09-18 19:00:00,LUM_COP_11,luminosity,Copa,0.0
2025-09-18 19:15:00,LUM_COP_11,luminosity,Copa,0.0
2025-09-18 19:30:00,LUM_COP_11,luminosity,Copa,0.0
2025-09-18 19:45:00,LUM_COP_11,luminosity,Copa,0.0
2025-09-18 20:00:00,LUM_COP_11,luminosity,Copa,6.0
2025-09-18 20:15:00,LUM_COP_11,luminosity,Copa,10.0
2025-09-18 20:30:00,LUM_COP_11,luminosity,Copa,0.0
2025-09-18 20:45:00,LUM_COP_11,luminosity,Copa,0.0
2025-09-18 21:00:00,LUM_COP_11,luminosity,Copa,0.0
2025-09-18 21:15:00,LUM_COP_11,luminosity,Copa,0.0
2025-09-18 21:30:00,LUM_COP_11,luminosity,Copa,6.0
2025-09-18 21:45:00,LUM_COP_11,luminosity,Copa,0.0
2025-09-18 22:00:00,LUM_COP_11,luminosity,Copa,0.0
2025-09-18 22:15:00,LUM_COP_11,luminosity,Copa,0.0
2025-09-18 22:30:00,LUM_COP_11,luminosity,Copa,7.0
2025-09-18 22:45:00,LUM_COP_11,luminosity,Copa,0.0
2025-09-18 23:00:00,LUM_COP_11,luminosity,Copa,0.0
2025-09-18 23:15:00,LUM_COP_11,luminosity,Copa,4.0
2025-09-18 23:30:00,LUM_COP_11,luminosity,Copa,5.0
2025-09-18 23:45:00,LUM_COP_11,luminosity,Copa,0.0
2025-09-19 00:00:00,LUM_COP_11,luminosity,Copa,0.0
2025-09-19 00:15:00,LUM_COP_11,luminosity,Copa,0.0
2025-09-19 00:30:00,LUM_COP_11,luminosity,Copa,0.0
2025-09-19 00:45:00,LUM_COP_11,luminosity,Copa,6.0
2025-09-19 01:00:00,LUM_COP_11,luminosity,Copa,0.0
2025-09-19 01:15:00,LUM_COP_11,luminosity,Copa,0.0
2025-09-19 01:30:00,LUM_COP_11,luminosity,Copa,4.0
2025-09-19 01:45:00,LUM_COP_11,luminosity,Copa,0.0
2025-09-19 02:00:00,LUM_COP_11,luminosity,Copa,3.0
2025-09-19 02:15:00,LUM_COP_11,luminosity,Copa,0.0
2025-09-19 02:30:00,LUM_COP_11,luminosity,Copa,0.0
2025-09-19 02:45:00,LUM_COP_11,luminosity,Copa,0.0
2025-09-19 03:00:00,LUM_COP_11,luminosity,Copa,0.0
2025-09-19 03:15:00,LUM_COP_11,luminosity,Copa,0.0
2025-09-19 03:30:00,LUM_COP_11,luminosity,Copa,0.0
2025-09-19 03:45:00,LUM_COP_11,luminosity,Copa,0.0
2025-09-19 04:00:00,LUM_COP_11,luminosity,Copa,0.0
2025-09-19 04:15:00,LUM_COP_11,luminosity,Copa,4.0
2025-09-19 04:30:00,LUM_COP_11,luminosity,Copa,1.0
2025-09-19 04:45:00,LUM_COP_11,luminosity,Copa,2.0
2025-09-19 05:00:00,LUM_COP_11,luminosity,Copa,0.0
2025-09-19 05:15:00,LUM_COP_11,luminosity,Copa,3.0
2025-09-19 05:30:00,LUM_COP_11,luminosity,Copa,0.0
2025-09-19 05:45:00,LUM_COP_11,luminosity,Copa,0.0
2025-09-19 06:00:00,LUM_COP_11,luminosity,Copa,367.0
2025-09-19 06:15:00,LUM_COP_11,luminosity,Copa,346.0
2025-09-19 06:30:00,LUM_COP_11,luminosity,Copa,385.0
2025-09-19 06:45:00,LUM_COP_11,luminosity,Copa,566.0
2025-09-19 07:00:00,LUM_COP_11,luminosity,Copa,518.0
2025-09-19 07:15:00,LUM_COP_11,luminosity,Copa,589.0
2025-09-19 07:30:00,LUM_COP_11,luminosity,Copa,539.0
2025-09-19 07:45:00,LUM_COP_11,luminosity,Copa,656.0
2025-09-19 08:00:00,LUM_COP_11,luminosity,Copa,744.0
2025-09-19 08:15:00,LUM_COP_11,luminosity,Copa,795.0
2025-09-19 08:30:00,LUM_COP_11,luminosity,Copa,814.0
2025-09-19 08:45:00,LUM_COP_11,luminosity,Copa,886.0
2025-09-19 09:00:00,LUM_COP_11,luminosity,Copa,898.0
2025-09-19 09:15:00,LUM_COP_11,luminosity,Copa,996.0
2025-09-19 09:30:00,LUM_COP_11,luminosity,Copa,907.0
2025-09-19 09:45:00,LUM_COP_11,luminosity,Copa,1029.0
2025-09-19 10:00:00,LUM_COP_11,luminosity,Copa,1019.0
2025-09-19 10:15:00,LUM_COP_11,luminosity,Copa,1021.0
2025-09-19 10:30:00,LUM_COP_11,luminosity,Copa,993.0
2025-09-19 10:45:00,LUM_COP_11,luminosity,Copa,1006.0
2025-09-19 11:00:00,LUM_COP_11,luminosity,Copa,1059.0
2025-09-19 11:15:00,LUM_COP_11,luminosity,Copa,1134.0
2025-09-19 11:30:00,LUM_COP_11,luminosity,Copa,1163.0
2025-09-19 11:45:00,LUM_COP_11,luminosity,Copa,1127.0
2025-09-19 12:00:00,LUM_COP_11,luminosity,Copa,1142.0
2025-09-19 12:15:00,LUM_COP_11,luminosity,Copa,1170.0
2025-09-19 12:30:00,LUM_COP_11,luminosity,Copa,1194.0
2025-09-19 12:45:00,LUM_COP_11,luminosity,Copa,1067.0
2025-09-19 13:00:00,LUM_COP_11,luminosity,Copa,1149.0
2025-09-19 13:15:00,LUM_COP_11,luminosity,Copa,1156.0
2025-09-19 13:30:00,LUM_COP_11,luminosity,Copa,1141.0
2025-09-19 13:45:00,LUM_COP_11,luminosity,Copa,1022.0
2025-09-19 14:00:00,LUM_COP_11,luminosity,Copa,1069.0
2025-09-19 14:15:00,LUM_COP_11,luminosity,Copa,1008.0
2025-09-19 14:30:00,LUM_COP_11,luminosity,Copa,901.0
2025-09-19 14:45:00,LUM_COP_11,luminosity,Copa,976.0
2025-09-19 15:00:00,LUM_COP_11,luminosity,Copa,915.0
2025-09-19 15:15:00,LUM_COP_11,luminosity,Copa,923.0
2025-09-19 15:30:00,LUM_COP_11,luminosity,Copa,762.0
2025-09-19 15:45:00,LUM_COP_11,luminosity,Copa,755.0
2025-09-19 16:00:00,LUM_COP_11,luminosity,Copa,749.0
2025-09-19 16:15:00,LUM_COP_11,luminosity,Copa,602.0
2025-09-19 16:30:00,LUM_COP_11,luminosity,Copa,614.0
2025-09-19 16:45:00,LUM_COP_11,luminosity,Copa,558.0
2025-09-19 17:00:00,LUM_COP_11,luminosity,Copa,515.0
2025-09-19 17:15:00,LUM_COP_11,luminosity,Copa,538.0
2025-09-19 17:30:00,LUM_COP_11,luminosity,Copa,440.0
2025-09-19 17:45:00,LUM_COP_11,luminosity,Copa,380.0
2025-09-19 18:00:00,LUM_COP_11,luminosity,Copa,7.0
2025-09-19 18:15:00,LUM_COP_11,luminosity,Copa,0.0
2025-09-19 18:30:00,LUM_COP_11,luminosity,Copa,0.0
2025-09-19 18:45:00,LUM_COP_11,luminosity,Copa,3.0
2025-09-19 19:00:00,LUM_COP_11,luminosity,Copa,1.0
2025-09-19 19:15:00,LUM_COP_11,luminosity,Copa,2.0
2025-09-19 19:30:00,LUM_COP_11,luminosity,Copa,8.0
2025-09-19 19:45:00,LUM_COP_11,luminosity,Copa,5.0
2025-09-19 20:00:00,LUM_COP_11,luminosity,Copa,0.0
2025-09-19 20:15:00,LUM_COP_11,luminosity,Copa,1.0
2025-09-19 20:30:00,LUM_COP_11,luminosity,Copa,0.0
2025-09-19 20:45:00,LUM_COP_11,luminosity,Copa,0.0
2025-09-19 21:00:00,LUM_COP_11,luminosity,Copa,5.0
2025-09-19 21:15:00,LUM_COP_11,luminosity,Copa,2.0
2025-09-19 21:30:00,LUM_COP_11,luminosity,Copa,1.0
2025-09-19 21:45:00,LUM_COP_11,luminosity,Copa,3.0
2025-09-19 22:00:00,LUM_COP_11,luminosity,Copa,0.0
2025-09-19 22:15:00,LUM_COP_11,luminosity,Copa,4.0
2025-09-19 22:30:00,LUM_COP_11,luminosity,Copa,0.0
2025-09-19 22:45:00,LUM_COP_11,luminosity,Copa,0.0
2025-09-19 23:00:00,LUM_COP_11,luminosity,Copa,0.0
2025-09-19 23:15:00,LUM_COP_11,luminosity,Copa,6.0
2025-09-19 23:30:00,LUM_COP_11,luminosity,Copa,1.0
2025-09-19 23:45:00,LUM_COP_11,luminosity,Copa,2.0
2025-09-20 00:00:00,LUM_COP_11,luminosity,Copa,0.0
2025-09-20 00:15:00,LUM_COP_11,luminosity,Copa,3.0
2025-09-20 00:30:00,LUM_COP_11,luminosity,Copa,9.0
2025-09-20 00:45:00,LUM_COP_11,luminosity,Copa,0.0
2025-09-20 01:00:00,LUM_COP_11,luminosity,Copa,0.0
2025-09-20 01:15:00,LUM_COP_11,luminosity,Copa,5.0
2025-09-20 01:30:00,LUM_COP_11,luminosity,Copa,0.0
2025-09-20 01:45:00,LUM_COP_11,luminosity,Copa,11.0
2025-09-20 02:00:00,LUM_COP_11,luminosity,Copa,6.0
2025-09-20 02:15:00,LUM_COP_11,luminosity,Copa,5.0
2025-09-20 02:30:00,LUM_COP_11,luminosity,Copa,4.0
2025-09-20 02:45:00,LUM_COP_11,luminosity,Copa,0.0
2025-09-20 03:00:00,LUM_COP_11,luminosity,Copa,0.0
2025-09-20 03:15:00,LUM_COP_11,luminosity,Copa,0.0
2025-09-20 03:30:00,LUM_COP_11,luminosity,Copa,0.0
2025-09-20 03:45:00,LUM_COP_11,luminosity,Copa,2.0
2025-09-20 04:00:00,LUM_COP_11,luminosity,Copa,0.0
2025-09-20 04:15:00,LUM_COP_11,luminosity,Copa,4.0
2025-09-20 04:30:00,LUM_COP_11,luminosity,Copa,0.0
2025-09-20 04:45:00,LUM_COP_11,luminosity,Copa,0.0
2025-09-20 05:00:00,LUM_COP_11,luminosity,Copa,0.0
2025-09-20 05:15:00,LUM_COP_11,luminosity,Copa,0.0
2025-09-20 05:30:00,LUM_COP_11,luminosity,Copa,7.0
2025-09-20 05:45:00,LUM_COP_11,luminosity,Copa,6.0
2025-09-20 06:00:00,LUM_COP_11,luminosity,Copa,369.0
2025-09-20 06:15:00,LUM_COP_11,luminosity,Copa,343.0
2025-09-20 06:30:00,LUM_COP_11,luminosity,Copa,485.0
2025-09-20 06:45:00,LUM_COP_11,luminosity,Copa,454.0
2025-09-20 07:00:00,LUM_COP_11,luminosity,Copa,565.0
2025-09-20 07:15:00,LUM_COP_11,luminosity,Copa,638.0
2025-09-20 07:30:00,LUM_COP_11,luminosity,Copa,603.0
2025-09-20 07:45:00,LUM_COP_11,luminosity,Copa,633.0
2025-09-20 08:00:00,LUM_COP_11,luminosity,Copa,686.0
2025-09-20 08:15:00,LUM_COP_11,luminosity,Copa,823.0
2025-09-20 08:30:00,LUM_COP_11,luminosity,Copa,821.0
2025-09-20 08:45:00,LUM_COP_11,luminosity,Copa,819.0
2025-09-20 09:00:00,LUM_COP_11,luminosity,Copa,940.0
2025-09-20 09:15:00,LUM_COP_11,luminosity,Copa,981.0
2025-09-20 09:30:00,LUM_COP_11,luminosity,Copa,985.0
2025-09-20 09:45:00,LUM_COP_11,luminosity,Copa,1012.0
2025-09-20 10:00:00,LUM_COP_11,luminosity,Copa,1034.0
2025-09-20 10:15:00,LUM_COP_11,luminosity,Copa,1027.0
2025-09-20 10:30:00,LUM_COP_11,luminosity,Copa,1032.0
2025-09-20 10:45:00,LUM_COP_11,luminosity,Copa,1085.0
2025-09-20 11:00:00,LUM_COP_11,luminosity,Copa,1053.0
2025-09-20 11:15:00,LUM_COP_11,luminosity,Copa,1088.0
2025-09-20 11:30:00,LUM_COP_11,luminosity,Copa,1066.0
2025-09-20 11:45:00,LUM_COP_11,luminosity,Copa,1123.0
2025-09-20 12:00:00,LUM_COP_11,luminosity,Copa,1160.0
2025-09-20 12:15:00,LUM_COP_11,luminosity,Copa,1107.0
2025-09-20 12:30:00,LUM_COP_11,luminosity,Copa,1169.0
2025-09-20 12:45:00,LUM_COP_11,luminosity,Copa,1037.0
2025-09-20 13:00:00,LUM_COP_11,luminosity,Copa,1078.0
2025-09-20 13:15:00,LUM_COP_11,luminosity,Copa,1066.0
2025-09-20 13:30:00,LUM_COP_11,luminosity,Copa,1074.0
2025-09-20 13:45:00,LUM_COP_11,luminosity,Copa,986.0
2025-09-20 14:00:00,LUM_COP_11,luminosity,Copa,1034.0
2025-09-20 14:15:00,LUM_COP_11,luminosity,Copa,1039.0
2025-09-20 14:30:00,LUM_COP_11,luminosity,Copa,1006.0
2025-09-20 14:45:00,LUM_COP_11,luminosity,Copa,842.0
2025-09-20 15:00:00,LUM_COP_11,luminosity,Copa,862.0
2025-09-20 15:15:00,LUM_COP_11,luminosity,Copa,801.0
2025-09-20 15:30:00,LUM_COP_11,luminosity,Copa,868.0
2025-09-20 15:45:00,LUM_COP_11,luminosity,Copa,709.0
2025-09-20 16:00:00,LUM_COP_11,luminosity,Copa,755.0
2025-09-20 16:15:00,LUM_COP_11,luminosity,Copa,662.0
2025-09-20 16:30:00,LUM_COP_11,luminosity,Copa,553.0
2025-09-20 16:45:00,LUM_COP_11,luminosity,Copa,622.0
2025-09-20 17:00:00,LUM_COP_11,luminosity,Copa,582.0
2025-09-20 17:15:00,LUM_COP_11,luminosity,Copa,477.0
2025-09-20 17:30:00,LUM_COP_11,luminosity,Copa,387.0
2025-09-20 17:45:00,LUM_COP_11,luminosity,Copa,332.0
2025-09-20 18:00:00,LUM_COP_11,luminosity,Copa,1.0
2025-09-20 18:15:00,LUM_COP_11,luminosity,Copa,0.0
2025-09-20 18:30:00,LUM_COP_11,luminosity,Copa,0.0
2025-09-20 18:45:00,LUM_COP_11,luminosity,Copa,9.0
2025-09-20 19:00:00,LUM_COP_11,luminosity,Copa,0.0
2025-09-20 19:15:00,LUM_COP_11,luminosity,Copa,0.0
2025-09-20 19:30:00,LUM_COP_11,luminosity,Copa,0.0
2025-09-20 19:45:00,LUM_COP_11,luminosity,Copa,2.0
2025-09-20 20:00:00,LUM_COP_11,luminosity,Copa,0.0
2025-09-20 20:15:00,LUM_COP_11,luminosity,Copa,5.0
2025-09-20 20:30:00,LUM_COP_11,luminosity,Copa,5.0
2025-09-20 20:45:00,LUM_COP_11,luminosity,Copa,7.0
2025-09-20 21:00:00,LUM_COP_11,luminosity,Copa,0.0
2025-09-20 21:15:00,LUM_COP_11,luminosity,Copa,4.0
2025-09-20 21:30:00,LUM_COP_11,luminosity,Copa,0.0
2025-09-20 21:45:00,LUM_COP_11,luminosity,Copa,0.0
2025-09-20 22:00:00,LUM_COP_11,luminosity,Copa,1.0
2025-09-20 22:15:00,LUM_COP_11,luminosity,Copa,5.0
2025-09-20 22:30:00,LUM_COP_11,luminosity,Copa,0.0
2025-09-20 22:45:00,LUM_COP_11,luminosity,Copa,1.0
2025-09-20 23:00:00,LUM_COP_11,luminosity,Copa,0.0
2025-09-20 23:15:00,LUM_COP_11,luminosity,Copa,0.0
2025-09-20 23:30:00,LUM_COP_11,luminosity,Copa,4.0
2025-09-20 23:45:00,LUM_COP_11,luminosity,Copa,0.0
2025-09-21 00:00:00,LUM_COP_11,luminosity,Copa,0.0
2025-09-21 00:15:00,LUM_COP_11,luminosity,Copa,1.0
2025-09-21 00:30:00,LUM_COP_11,luminosity,Copa,9.0
2025-09-21 00:45:00,LUM_COP_11,luminosity,Copa,0.0
2025-09-21 01:00:00,LUM_COP_11,luminosity,Copa,1.0
2025-09-21 01:15:00,LUM_COP_11,luminosity,Copa,3.0
2025-09-21 01:30:00,LUM_COP_11,luminosity,Copa,0.0
2025-09-21 01:45:00,LUM_COP_11,luminosity,Copa,0.0
2025-09-21 02:00:00,LUM_COP_11,luminosity,Copa,0.0
2025-09-21 02:15:00,LUM_COP_11,luminosity,Copa,7.0
2025-09-21 02:30:00,LUM_COP_11,luminosity,Copa,3.0
2025-09-21 02:45:00,LUM_COP_11,luminosity,Copa,8.0
2025-09-21 03:00:00,LUM_COP_11,luminosity,Copa,0.0
2025-09-21 03:15:00,LUM_COP_11,luminosity,Copa,0.0
2025-09-21 03:30:00,LUM_COP_11,luminosity,Copa,0.0
2025-09-21 03:45:00,LUM_COP_11,luminosity,Copa,0.0
2025-09-21 04:00:00,LUM_COP_11,luminosity,Copa,4.0
2025-09-21 04:15:00,LUM_COP_11,luminosity,Copa,0.0
2025-09-21 04:30:00,LUM_COP_11,luminosity,Copa,0.0
2025-09-21 04:45:00,LUM_COP_11,luminosity,Copa,2.0
2025-09-21 05:00:00,LUM_COP_11,luminosity,Copa,1.0
2025-09-21 05:15:00,LUM_COP_11,luminosity,Copa,2.0
2025-09-21 05:30:00,LUM_COP_11,luminosity,Copa,4.0
2025-09-21 05:45:00,LUM_COP_11,luminosity,Copa,5.0
2025-09-21 06:00:00,LUM_COP_11,luminosity,Copa,318.0
2025-09-21 06:15:00,LUM_COP_11,luminosity,Copa,393.0
2025-09-21 06:30:00,LUM_COP_11,luminosity,Copa,392.0
2025-09-21 06:45:00,LUM_COP_11,luminosity,Copa,391.0
2025-09-21 07:00:00,LUM_COP_11,luminosity,Copa,567.0
2025-09-21 07:15:00,LUM_COP_11,luminosity,Copa,620.0
2025-09-21 07:30:00,LUM_COP_11,luminosity,Copa,634.0
2025-09-21 07:45:00,LUM_COP_11,luminosity,Copa,631.0
2025-09-21 08:00:00,LUM_COP_11,luminosity,Copa,771.0
2025-09-21 08:15:00,LUM_COP_11,luminosity,Copa,760.0
2025-09-21 08:30:00,LUM_COP_11,luminosity,Copa,821.0
2025-09-21 08:45:00,LUM_COP_11,luminosity,Copa,887.0
2025-09-21 09:00:00,LUM_COP_11,luminosity,Copa,913.0
2025-09-21 09:15:00,LUM_COP_11,luminosity,Copa,829.0
2025-09-21 09:30:00,LUM_COP_11,luminosity,Copa,986.0
2025-09-21 09:45:00,LUM_COP_11,luminosity,Copa,1052.0
2025-09-21 10:00:00,LUM_COP_11,luminosity,Copa,1073.0
2025-09-21 10:15:00,LUM_COP_11,luminosity,Copa,1037.0
2025-09-21 10:30:00,LUM_COP_11,luminosity,Copa,1046.0
2025-09-21 10:45:00,LUM_COP_11,luminosity,Copa,1094.0
2025-09-21 11:00:00,LUM_COP_11,luminosity,Copa,1105.0
2025-09-21 11:15:00,LUM_COP_11,luminosity,Copa,1120.0
2025-09-21 11:30:00,LUM_COP_11,luminosity,Copa,1059.0
2025-09-21 11:45:00,LUM_COP_11,luminosity,Copa,1030.0
2025-09-21 12:00:00,LUM_COP_11,luminosity,Copa,1126.0
2025-09-21 12:15:00,LUM_COP_11,luminosity,Copa,1154.0
2025-09-21 12:30:00,LUM_COP_11,luminosity,Copa,1049.0
2025-09-21 12:45:00,LUM_COP_11,luminosity,Copa,1113.0
2025-09-21 13:00:00,LUM_COP_11,luminosity,Copa,1108.0
2025-09-21 13:15:00,LUM_COP_11,luminosity,Copa,1101.0
2025-09-21 13:30:00,LUM_COP_11,luminosity,Copa,1057.0
2025-09-21 13:45:00,LUM_COP_11,luminosity,Copa,1101.0
2025-09-21 14:00:00,LUM_COP_11,luminosity,Copa,1004.0
2025-09-21 14:15:00,LUM_COP_11,luminosity,Copa,1040.0
2025-09-21 14:30:00,LUM_COP_11,luminosity,Copa,948.0
2025-09-21 14:45:00,LUM_COP_11,luminosity,Copa,967.0
2025-09-21 15:00:00,LUM_COP_11,luminosity,Copa,832.0
2025-09-21 15:15:00,LUM_COP_11,luminosity,Copa,813.0
2025-09-21 15:30:00,LUM_COP_11,luminosity,Copa,855.0
2025-09-21 15:45:00,LUM_COP_11,luminosity,Copa,736.0
2025-09-21 16:00:00,LUM_COP_11,luminosity,Copa,701.0
2025-09-21 16:15:00,LUM_COP_11,luminosity,Copa,730.0
2025-09-21 16:30:00,LUM_COP_11,luminosity,Copa,596.0
2025-09-21 16:45:00,LUM_COP_11,luminosity,Copa,625.0
2025-09-21 17:00:00,LUM_COP_11,luminosity,Copa,574.0
2025-09-21 17:15:00,LUM_COP_11,luminosity,Copa,471.0
2025-09-21 17:30:00,LUM_COP_11,luminosity,Copa,407.0
2025-09-21 17:45:00,LUM_COP_11,luminosity,Copa,429.0
2025-09-21 18:00:00,LUM_COP_11,luminosity,Copa,3.0
2025-09-21 18:15:00,LUM_COP_11,luminosity,Copa,0.0
2025-09-21 18:30:00,LUM_COP_11,luminosity,Copa,0.0
2025-09-21 18:45:00,LUM_COP_11,luminosity,Copa,3.0
2025-09-21 19:00:00,LUM_COP_11,luminosity,Copa,3.0
2025-09-21 19:15:00,LUM_COP_11,luminosity,Copa,0.0
2025-09-21 19:30:00,LUM_COP_11,luminosity,Copa,0.0
2025-09-21 19:45:00,LUM_COP_11,luminosity,Copa,2.0
2025-09-21 20:00:00,LUM_COP_11,luminosity,Copa,2.0
2025-09-21 20:15:00,LUM_COP_11,luminosity,Copa,0.0
2025-09-21 20:30:00,LUM_COP_11,luminosity,Copa,0.0
2025-09-21 20:45:00,LUM_COP_11,luminosity,Copa,6.0
2025-09-21 21:00:00,LUM_COP_11,luminosity,Copa,1.0
2025-09-21 21:15:00,LUM_COP_11,luminosity,Copa,5.0
2025-09-21 21:30:00,LUM_COP_11,luminosity,Copa,0.0
2025-09-21 21:45:00,LUM_COP_11,luminosity,Copa,1.0
2025-09-21 22:00:00,LUM_COP_11,luminosity,Copa,0.0
2025-09-21 22:15:00,LUM_COP_11,luminosity,Copa,0.0
2025-09-21 22:30:00,LUM_COP_11,luminosity,Copa,6.0
2025-09-21 22:45:00,LUM_COP_11,luminosity,Copa,3.0
2025-09-21 23:00:00,LUM_COP_11,luminosity,Copa,6.0
2025-09-21 23:15:00,LUM_COP_11,luminosity,Copa,2.0
2025-09-21 23:30:00,LUM_COP_11,luminosity,Copa,0.0
2025-09-21 23:45:00,LUM_COP_11,luminosity,Copa,14.0
2025-09-15 00:00:00,OCC_COP_12,occupancy,Copa,0.0
2025-09-15 00:15:00,OCC_COP_12,occupancy,Copa,0.0
2025-09-15 00:30:00,OCC_COP_12,occupancy,Copa,0.0
2025-09-15 00:45:00,OCC_COP_12,occupancy,Copa,0.0
2025-09-15 01:00:00,OCC_COP_12,occupancy,Copa,0.0
2025-09-15 01:15:00,OCC_COP_12,occupancy,Copa,0.0
2025-09-15 01:30:00,OCC_COP_12,occupancy,Copa,0.0
2025-09-15 01:45:00,OCC_COP_12,occupancy,Copa,0.0
2025-09-15 02:00:00,OCC_COP_12,occupancy,Copa,0.0
2025-09-15 02:15:00,OCC_COP_12,occupancy,Copa,0.0
2025-09-15 02:30:00,OCC_COP_12,occupancy,Copa,0.0
2025-09-15 02:45:00,OCC_COP_12,occupancy,Copa,0.0
2025-09-15 03:00:00,OCC_COP_12,occupancy,Copa,0.0
2025-09-15 03:15:00,OCC_COP_12,occupancy,Copa,0.0
2025-09-15 03:30:00,OCC_COP_12,occupancy,Copa,0.0
2025-09-15 03:45:00,OCC_COP_12,occupancy,Copa,0.0
2025-09-15 04:00:00,OCC_COP_12,occupancy,Copa,0.0
2025-09-15 04:15:00,OCC_COP_12,occupancy,Copa,0.0
2025-09-15 04:30:00,OCC_COP_12,occupancy,Copa,0.0
2025-09-15 04:45:00,OCC_COP_12,occupancy,Copa,0.0
2025-09-15 05:00:00,OCC_COP_12,occupancy,Copa,0.0
2025-09-15 05:15:00,OCC_COP_12,occupancy,Copa,0.0
2025-09-15 05:30:00,OCC_COP_12,occupancy,Copa,0.0
2025-09-15 05:45:00,OCC_COP_12,occupancy,Copa,0.0
2025-09-15 06:00:00,OCC_COP_12,occupancy,Copa,0.0
2025-09-15 06:15:00,OCC_COP_12,occupancy,Copa,0.0
2025-09-15 06:30:00,OCC_COP_12,occupancy,Copa,0.0
2025-09-15 06:45:00,OCC_COP_12,occupancy,Copa,0.0
2025-09-15 07:00:00,OCC_COP_12,occupancy,Copa,0.0
2025-09-15 07:15:00,OCC_COP_12,occupancy,Copa,0.0
2025-09-15 07:30:00,OCC_COP_12,occupancy,Copa,0.0
2025-09-15 07:45:00,OCC_COP_12,occupancy,Copa,0.0
2025-09-15 08:00:00,OCC_COP_12,occupancy,Copa,0.0
2025-09-15 08:15:00,OCC_COP_12,occupancy,Copa,0.0
2025-09-15 08:30:00,OCC_COP_12,occupancy,Copa,1.0
2025-09-15 08:45:00,OCC_COP_12,occupancy,Copa,0.0
2025-09-15 09:00:00,OCC_COP_12,occupancy,Copa,0.0
2025-09-15 09:15:00,OCC_COP_12,occupancy,Copa,1.0
2025-09-15 09:30:00,OCC_COP_12,occupancy,Copa,1.0
2025-09-15 09:45:00,OCC_COP_12,occupancy,Copa,0.0
2025-09-15 10:00:00,OCC_COP_12,occupancy,Copa,0.0
2025-09-15 10:15:00,OCC_COP_12,occupancy,Copa,0.0
2025-09-15 10:30:00,OCC_COP_12,occupancy,Copa,0.0
2025-09-15 10:45:00,OCC_COP_12,occupancy,Copa,0.0
2025-09-15 11:00:00,OCC_COP_12,occupancy,Copa,1.0
2025-09-15 11:15:00,OCC_COP_12,occupancy,Copa,0.0
2025-09-15 11:30:00,OCC_COP_12,occupancy,Copa,0.0
2025-09-15 11:45:00,OCC_COP_12,occupancy,Copa,0.0
2025-09-15 12:00:00,OCC_COP_12,occupancy,Copa,0.0
2025-09-15 12:15:00,OCC_COP_12,occupancy,Copa,0.0
2025-09-15 12:30:00,OCC_COP_12,occupancy,Copa,0.0
2025-09-15 12:45:00,OCC_COP_12,occupancy,Copa,0.0
2025-09-15 13:00:00,OCC_COP_12,occupancy,Copa,0.0
2025-09-15 13:15:00,OCC_COP_12,occupancy,Copa,0.0
2025-09-15 13:30:00,OCC_COP_12,occupancy,Copa,0.0
2025-09-15 13:45:00,OCC_COP_12,occupancy,Copa,0.0
2025-09-15 14:00:00,OCC_COP_12,occupancy,Copa,0.0
2025-09-15 14:15:00,OCC_COP_12,occupancy,Copa,0.0
2025-09-15 14:30:00,OCC_COP_12,occupancy,Copa,1.0
2025-09-15 14:45:00,OCC_COP_12,occupancy,Copa,0.0
2025-09-15 15:00:00,OCC_COP_12,occupancy,Copa,0.0
2025-09-15 15:15:00,OCC_COP_12,occupancy,Copa,0.0
2025-09-15 15:30:00,OCC_COP_12,occupancy,Copa,0.0
2025-09-15 15:45:00,OCC_COP_12,occupancy,Copa,1.0
2025-09-15 16:00:00,OCC_COP_12,occupancy,Copa,1.0
2025-09-15 16:15:00,OCC_COP_12,occupancy,Copa,0.0
2025-09-15 16:30:00,OCC_COP_12,occupancy,Copa,0.0
2025-09-15 16:45:00,OCC_COP_12,occupancy,Copa,1.0
2025-09-15 17:00:00,OCC_COP_12,occupancy,Copa,0.0
2025-09-15 17:15:00,OCC_COP_12,occupancy,Copa,0.0
2025-09-15 17:30:00,OCC_COP_12,occupancy,Copa,0.0
2025-09-15 17:45:00,OCC_COP_12,occupancy,Copa,0.0
2025-09-15 18:00:00,OCC_COP_12,occupancy,Copa,0.0
2025-09-15 18:15:00,OCC_COP_12,occupancy,Copa,0.0
2025-09-15 18:30:00,OCC_COP_12,occupancy,Copa,0.0
2025-09-15 18:45:00,OCC_COP_12,occupancy,Copa,0.0
2025-09-15 19:00:00,OCC_COP_12,occupancy,Copa,0.0
2025-09-15 19:15:00,OCC_COP_12,occupancy,Copa,0.0
2025-09-15 19:30:00,OCC_COP_12,occupancy,Copa,0.0
2025-09-15 19:45:00,OCC_COP_12,occupancy,Copa,0.0
2025-09-15 20:00:00,OCC_COP_12,occupancy,Copa,0.0
2025-09-15 20:15:00,OCC_COP_12,occupancy,Copa,0.0
2025-09-15 20:30:00,OCC_COP_12,occupancy,Copa,0.0
2025-09-15 20:45:00,OCC_COP_12,occupancy,Copa,0.0
2025-09-15 21:00:00,OCC_COP_12,occupancy,Copa,0.0
2025-09-15 21:15:00,OCC_COP_12,occupancy,Copa,0.0
2025-09-15 21:30:00,OCC_COP_12,occupancy,Copa,0.0
2025-09-15 21:45:00,OCC_COP_12,occupancy,Copa,0.0
2025-09-15 22:00:00,OCC_COP_12,occupancy,Copa,0.0
2025-09-15 22:15:00,OCC_COP_12,occupancy,Copa,0.0
2025-09-15 22:30:00,OCC_COP_12,occupancy,Copa,0.0
2025-09-15 22:45:00,OCC_COP_12,occupancy,Copa,0.0
2025-09-15 23:00:00,OCC_COP_12,occupancy,Copa,0.0
2025-09-15 23:15:00,OCC_COP_12,occupancy,Copa,0.0
2025-09-15 23:30:00,OCC_COP_12,occupancy,Copa,0.0
2025-09-15 23:45:00,OCC_COP_12,occupancy,Copa,0.0
2025-09-16 00:00:00,OCC_COP_12,occupancy,Copa,0.0
2025-09-16 00:15:00,OCC_COP_12,occupancy,Copa,0.0
2025-09-16 00:30:00,OCC_COP_12,occupancy,Copa,0.0
2025-09-16 00:45:00,OCC_COP_12,occupancy,Copa,0.0
2025-09-16 01:00:00,OCC_COP_12,occupancy,Copa,0.0
2025-09-16 01:15:00,OCC_COP_12,occupancy,Copa,0.0
2025-09-16 01:30:00,OCC_COP_12,occupancy,Copa,0.0
2025-09-16 01:45:00,OCC_COP_12,occupancy,Copa,0.0
2025-09-16 02:00:00,OCC_COP_12,occupancy,Copa,0.0
2025-09-16 02:15:00,OCC_COP_12,occupancy,Copa,0.0
2025-09-16 02:30:00,OCC_COP_12,occupancy,Copa,0.0
2025-09-16 02:45:00,OCC_COP_12,occupancy,Copa,0.0
2025-09-16 03:00:00,OCC_COP_12,occupancy,Copa,0.0
2025-09-16 03:15:00,OCC_COP_12,occupancy,Copa,0.0
2025-09-16 03:30:00,OCC_COP_12,occupancy,Copa,0.0
2025-09-16 03:45:00,OCC_COP_12,occupancy,Copa,0.0
2025-09-16 04:00:00,OCC_COP_12,occupancy,Copa,0.0
2025-09-16 04:15:00,OCC_COP_12,occupancy,Copa,0.0
2025-09-16 04:30:00,OCC_COP_12,occupancy,Copa,0.0
2025-09-16 04:45:00,OCC_COP_12,occupancy,Copa,0.0
2025-09-16 05:00:00,OCC_COP_12,occupancy,Copa,0.0
2025-09-16 05:15:00,OCC_COP_12,occupancy,Copa,0.0
2025-09-16 05:30:00,OCC_COP_12,occupancy,Copa,0.0
2025-09-16 05:45:00,OCC_COP_12,occupancy,Copa,0.0
2025-09-16 06:00:00,OCC_COP_12,occupancy,Copa,0.0
2025-09-16 06:15:00,OCC_COP_12,occupancy,Copa,0.0
2025-09-16 06:30:00,OCC_COP_12,occupancy,Copa,0.0
2025-09-16 06:45:00,OCC_COP_12,occupancy,Copa,0.0
2025-09-16 07:00:00,OCC_COP_12,occupancy,Copa,0.0
2025-09-16 07:15:00,OCC_COP_12,occupancy,Copa,0.0
2025-09-16 07:30:00,OCC_COP_12,occupancy,Copa,0.0
2025-09-16 07:45:00,OCC_COP_12,occupancy,Copa,0.0
2025-09-16 08:00:00,OCC_COP_12,occupancy,Copa,0.0
2025-09-16 08:15:00,OCC_COP_12,occupancy,Copa,0.0
2025-09-16 08:30:00,OCC_COP_12,occupancy,Copa,0.0
2025-09-16 08:45:00,OCC_COP_12,occupancy,Copa,0.0
2025-09-16 09:00:00,OCC_COP_12,occupancy,Copa,0.0
2025-09-16 09:15:00,OCC_COP_12,occupancy,Copa,1.0
2025-09-16 09:30:00,OCC_COP_12,occupancy,Copa,0.0
2025-09-16 09:45:00,OCC_COP_12,occupancy,Copa,0.0
2025-09-16 10:00:00,OCC_COP_12,occupancy,Copa,0.0
2025-09-16 10:15:00,OCC_COP_12,occupancy,Copa,0.0
2025-09-16 10:30:00,OCC_COP_12,occupancy,Copa,0.0
2025-09-16 10:45:00,OCC_COP_12,occupancy,Copa,0.0
2025-09-16 11:00:00,OCC_COP_12,occupancy,Copa,0.0
2025-09-16 11:15:00,OCC_COP_12,occupancy,Copa,0.0
2025-09-16 11:30:00,OCC_COP_12,occupancy,Copa,0.0
2025-09-16 11:45:00,OCC_COP_12,occupancy,Copa,1.0
2025-09-16 12:00:00,OCC_COP_12,occupancy,Copa,1.0
2025-09-16 12:15:00,OCC_COP_12,occupancy,Copa,0.0
2025-09-16 12:30:00,OCC_COP_12,occupancy,Copa,1.0
2025-09-16 12:45:00,OCC_COP_12,occupancy,Copa,0.0
2025-09-16 13:00:00,OCC_COP_12,occupancy,Copa,0.0
2025-09-16 13:15:00,OCC_COP_12,occupancy,Copa,0.0
2025-09-16 13:30:00,OCC_COP_12,occupancy,Copa,0.0
2025-09-16 13:45:00,OCC_COP_12,occupancy,Copa,1.0
2025-09-16 14:00:00,OCC_COP_12,occupancy,Copa,0.0
2025-09-16 14:15:00,OCC_COP_12,occupancy,Copa,0.0
2025-09-16 14:30:00,OCC_COP_12,occupancy,Copa,0.0
2025-09-16 14:45:00,OCC_COP_12,occupancy,Copa,1.0
2025-09-16 15:00:00,OCC_COP_12,occupancy,Copa,0.0
2025-09-16 15:15:00,OCC_COP_12,occupancy,Copa,1.0
2025-09-16 15:30:00,OCC_COP_12,occupancy,Copa,0.0
2025-09-16 15:45:00,OCC_COP_12,occupancy,Copa,0.0
2025-09-16 16:00:00,OCC_COP_12,occupancy,Copa,0.0
2025-09-16 16:15:00,OCC_COP_12,occupancy,Copa,0.0
2025-09-16 16:30:00,OCC_COP_12,occupancy,Copa,1.0
2025-09-16 16:45:00,OCC_COP_12,occupancy,Copa,0.0
2025-09-16 17:00:00,OCC_COP_12,occupancy,Copa,0.0
2025-09-16 17:15:00,OCC_COP_12,occupancy,Copa,0.0
2025-09-16 17:30:00,OCC_COP_12,occupancy,Copa,0.0
2025-09-16 17:45:00,OCC_COP_12,occupancy,Copa,0.0
2025-09-16 18:00:00,OCC_COP_12,occupancy,Copa,0.0
2025-09-16 18:15:00,OCC_COP_12,occupancy,Copa,0.0
2025-09-16 18:30:00,OCC_COP_12,occupancy,Copa,0.0
2025-09-16 18:45:00,OCC_COP_12,occupancy,Copa,0.0
2025-09-16 19:00:00,OCC_COP_12,occupancy,Copa,0.0
2025-09-16 19:15:00,OCC_COP_12,occupancy,Copa,0.0
2025-09-16 19:30:00,OCC_COP_12,occupancy,Copa,0.0
2025-09-16 19:45:00,OCC_COP_12,occupancy,Copa,0.0
2025-09-16 20:00:00,OCC_COP_12,occupancy,Copa,0.0
2025-09-16 20:15:00,OCC_COP_12,occupancy,Copa,0.0
2025-09-16 20:30:00,OCC_COP_12,occupancy,Copa,0.0
2025-09-16 20:45:00,OCC_COP_12,occupancy,Copa,0.0
2025-09-16 21:00:00,OCC_COP_12,occupancy,Copa,0.0
2025-09-16 21:15:00,OCC_COP_12,occupancy,Copa,0.0
2025-09-16 21:30:00,OCC_COP_12,occupancy,Copa,0.0
2025-09-16 21:45:00,OCC_COP_12,occupancy,Copa,0.0
2025-09-16 22:00:00,OCC_COP_12,occupancy,Copa,0.0
2025-09-16 22:15:00,OCC_COP_12,occupancy,Copa,0.0
2025-09-16 22:30:00,OCC_COP_12,occupancy,Copa,0.0
2025-09-16 22:45:00,OCC_COP_12,occupancy,Copa,0.0
2025-09-16 23:00:00,OCC_COP_12,occupancy,Copa,0.0
2025-09-16 23:15:00,OCC_COP_12,occupancy,Copa,0.0
2025-09-16 23:30:00,OCC_COP_12,occupancy,Copa,0.0
2025-09-16 23:45:00,OCC_COP_12,occupancy,Copa,0.0
2025-09-17 00:00:00,OCC_COP_12,occupancy,Copa,0.0
2025-09-17 00:15:00,OCC_COP_12,occupancy,Copa,0.0
2025-09-17 00:30:00,OCC_COP_12,occupancy,Copa,0.0
2025-09-17 00:45:00,OCC_COP_12,occupancy,Copa,0.0
2025-09-17 01:00:00,OCC_COP_12,occupancy,Copa,0.0
2025-09-17 01:15:00,OCC_COP_12,occupancy,Copa,0.0
2025-09-17 01:30:00,OCC_COP_12,occupancy,Copa,0.0
2025-09-17 01:45:00,OCC_COP_12,occupancy,Copa,0.0
2025-09-17 02:00:00,OCC_COP_12,occupancy,Copa,0.0
2025-09-17 02:15:00,OCC_COP_12,occupancy,Copa,0.0
2025-09-17 02:30:00,OCC_COP_12,occupancy,Copa,0.0
2025-09-17 02:45:00,OCC_COP_12,occupancy,Copa,0.0
2025-09-17 03:00:00,OCC_COP_12,occupancy,Copa,0.0
2025-09-17 03:15:00,OCC_COP_12,occupancy,Copa,0.0
2025-09-17 03:30:00,OCC_COP_12,occupancy,Copa,0.0
2025-09-17 03:45:00,OCC_COP_12,occupancy,Copa,0.0
2025-09-17 04:00:00,OCC_COP_12,occupancy,Copa,0.0
2025-09-17 04:15:00,OCC_COP_12,occupancy,Copa,0.0
2025-09-17 04:30:00,OCC_COP_12,occupancy,Copa,0.0
2025-09-17 04:45:00,OCC_COP_12,occupancy,Copa,0.0
2025-09-17 05:00:00,OCC_COP_12,occupancy,Copa,0.0
2025-09-17 05:15:00,OCC_COP_12,occupancy,Copa,0.0
2025-09-17 05:30:00,OCC_COP_12,occupancy,Copa,0.0
2025-09-17 05:45:00,OCC_COP_12,occupancy,Copa,0.0
2025-09-17 06:00:00,OCC_COP_12,occupancy,Copa,0.0
2025-09-17 06:15:00,OCC_COP_12,occupancy,Copa,0.0
2025-09-17 06:30:00,OCC_COP_12,occupancy,Copa,0.0
2025-09-17 06:45:00,OCC_COP_12,occupancy,Copa,0.0
2025-09-17 07:00:00,OCC_COP_12,occupancy,Copa,0.0
2025-09-17 07:15:00,OCC_COP_12,occupancy,Copa,0.0
2025-09-17 07:30:00,OCC_COP_12,occupancy,Copa,0.0
2025-09-17 07:45:00,OCC_COP_12,occupancy,Copa,0.0
2025-09-17 08:00:00,OCC_COP_12,occupancy,Copa,0.0
2025-09-17 08:15:00,OCC_COP_12,occupancy,Copa,0.0
2025-09-17 08:30:00,OCC_COP_12,occupancy,Copa,0.0
2025-09-17 08:45:00,OCC_COP_12,occupancy,Copa,0.0
2025-09-17 09:00:00,OCC_COP_12,occupancy,Copa,0.0
2025-09-17 09:15:00,OCC_COP_12,occupancy,Copa,0.0
2025-09-17 09:30:00,OCC_COP_12,occupancy,Copa,1.0
2025-09-17 09:45:00,OCC_COP_12,occupancy,Copa,0.0
2025-09-17 10:00:00,OCC_COP_12,occupancy,Copa,0.0
2025-09-17 10:15:00,OCC_COP_12,occupancy,Copa,1.0
2025-09-17 10:30:00,OCC_COP_12,occupancy,Copa,1.0
2025-09-17 10:45:00,OCC_COP_12,occupancy,Copa,0.0
2025-09-17 11:00:00,OCC_COP_12,occupancy,Copa,0.0
2025-09-17 11:15:00,OCC_COP_12,occupancy,Copa,0.0
2025-09-17 11:30:00,OCC_COP_12,occupancy,Copa,0.0
2025-09-17 11:45:00,OCC_COP_12,occupancy,Copa,0.0
2025-09-17 12:00:00,OCC_COP_12,occupancy,Copa,0.0
2025-09-17 12:15:00,OCC_COP_12,occupancy,Copa,0.0
2025-09-17 12:30:00,OCC_COP_12,occupancy,Copa,0.0
2025-09-17 12:45:00,OCC_COP_12,occupancy,Copa,0.0
2025-09-17 13:00:00,OCC_COP_12,occupancy,Copa,1.0
2025-09-17 13:15:00,OCC_COP_12,occupancy,Copa,0.0
2025-09-17 13:30:00,OCC_COP_12,occupancy,Copa,0.0
2025-09-17 13:45:00,OCC_COP_12,occupancy,Copa,1.0
2025-09-17 14:00:00,OCC_COP_12,occupancy,Copa,0.0
2025-09-17 14:15:00,OCC_COP_12,occupancy,Copa,1.0
2025-09-17 14:30:00,OCC_COP_12,occupancy,Copa,1.0
2025-09-17 14:45:00,OCC_COP_12,occupancy,Copa,0.0
2025-09-17 15:00:00,OCC_COP_12,occupancy,Copa,0.0
2025-09-17 15:15:00,OCC_COP_12,occupancy,Copa,1.0
2025-09-17 15:30:00,OCC_COP_12,occupancy,Copa,1.0
2025-09-17 15:45:00,OCC_COP_12,occupancy,Copa,0.0
2025-09-17 16:00:00,OCC_COP_12,occupancy,Copa,0.0
2025-09-17 16:15:00,OCC_COP_12,occupancy,Copa,0.0
2025-09-17 16:30:00,OCC_COP_12,occupancy,Copa,0.0
2025-09-17 16:45:00,OCC_COP_12,occupancy,Copa,0.0
2025-09-17 17:00:00,OCC_COP_12,occupancy,Copa,1.0
2025-09-17 17:15:00,OCC_COP_12,occupancy,Copa,0.0
2025-09-17 17:30:00,OCC_COP_12,occupancy,Copa,0.0
2025-09-17 17:45:00,OCC_COP_12,occupancy,Copa,0.0
2025-09-17 18:00:00,OCC_COP_12,occupancy,Copa,0.0
2025-09-17 18:15:00,OCC_COP_12,occupancy,Copa,0.0
2025-09-17 18:30:00,OCC_COP_12,occupancy,Copa,0.0
2025-09-17 18:45:00,OCC_COP_12,occupancy,Copa,0.0
2025-09-17 19:00:00,OCC_COP_12,occupancy,Copa,0.0
2025-09-17 19:15:00,OCC_COP_12,occupancy,Copa,0.0
2025-09-17 19:30:00,OCC_COP_12,occupancy,Copa,0.0
2025-09-17 19:45:00,OCC_COP_12,occupancy,Copa,0.0
2025-09-17 20:00:00,OCC_COP_12,occupancy,Copa,0.0
2025-09-17 20:15:00,OCC_COP_12,occupancy,Copa,0.0
2025-09-17 20:30:00,OCC_COP_12,occupancy,Copa,0.0
2025-09-17 20:45:00,OCC_COP_12,occupancy,Copa,0.0
2025-09-17 21:00:00,OCC_COP_12,occupancy,Copa,0.0
2025-09-17 21:15:00,OCC_COP_12,occupancy,Copa,0.0
2025-09-17 21:30:00,OCC_COP_12,occupancy,Copa,0.0
2025-09-17 21:45:00,OCC_COP_12,occupancy,Copa,0.0
2025-09-17 22:00:00,OCC_COP_12,occupancy,Copa,0.0
2025-09-17 22:15:00,OCC_COP_12,occupancy,Copa,0.0
2025-09-17 22:30:00,OCC_COP_12,occupancy,Copa,0.0
2025-09-17 22:45:00,OCC_COP_12,occupancy,Copa,0.0
2025-09-17 23:00:00,OCC_COP_12,occupancy,Copa,0.0
2025-09-17 23:15:00,OCC_COP_12,occupancy,Copa,0.0
2025-09-17 23:30:00,OCC_COP_12,occupancy,Copa,0.0
2025-09-17 23:45:00,OCC_COP_12,occupancy,Copa,0.0
2025-09-18 00:00:00,OCC_COP_12,occupancy,Copa,0.0
2025-09-18 00:15:00,OCC_COP_12,occupancy,Copa,0.0
2025-09-18 00:30:00,OCC_COP_12,occupancy,Copa,0.0
2025-09-18 00:45:00,OCC_COP_12,occupancy,Copa,0.0
2025-09-18 01:00:00,OCC_COP_12,occupancy,Copa,0.0
2025-09-18 01:15:00,OCC_COP_12,occupancy,Copa,0.0
2025-09-18 01:30:00,OCC_COP_12,occupancy,Copa,0.0
2025-09-18 01:45:00,OCC_COP_12,occupancy,Copa,0.0
2025-09-18 02:00:00,OCC_COP_12,occupancy,Copa,0.0
2025-09-18 02:15:00,OCC_COP_12,occupancy,Copa,0.0
2025-09-18 02:30:00,OCC_COP_12,occupancy,Copa,0.0
2025-09-18 02:45:00,OCC_COP_12,occupancy,Copa,0.0
2025-09-18 03:00:00,OCC_COP_12,occupancy,Copa,0.0
2025-09-18 03:15:00,OCC_COP_12,occupancy,Copa,0.0
2025-09-18 03:30:00,OCC_COP_12,occupancy,Copa,0.0
2025-09-18 03:45:00,OCC_COP_12,occupancy,Copa,0.0
2025-09-18 04:00:00,OCC_COP_12,occupancy,Copa,0.0
2025-09-18 04:15:00,OCC_COP_12,occupancy,Copa,0.0
2025-09-18 04:30:00,OCC_COP_12,occupancy,Copa,1.0
2025-09-18 04:45:00,OCC_COP_12,occupancy,Copa,0.0
2025-09-18 05:00:00,OCC_COP_12,occupancy,Copa,0.0
2025-09-18 05:15:00,OCC_COP_12,occupancy,Copa,0.0
2025-09-18 05:30:00,OCC_COP_12,occupancy,Copa,0.0
2025-09-18 05:45:00,OCC_COP_12,occupancy,Copa,0.0
2025-09-18 06:00:00,OCC_COP_12,occupancy,Copa,0.0
2025-09-18 06:15:00,OCC_COP_12,occupancy,Copa,0.0
2025-09-18 06:30:00,OCC_COP_12,occupancy,Copa,0.0
2025-09-18 06:45:00,OCC_COP_12,occupancy,Copa,0.0
2025-09-18 07:00:00,OCC_COP_12,occupancy,Copa,0.0
2025-09-18 07:15:00,OCC_COP_12,occupancy,Copa,0.0
2025-09-18 07:30:00,OCC_COP_12,occupancy,Copa,0.0
2025-09-18 07:45:00,OCC_COP_12,occupancy,Copa,0.0
2025-09-18 08:00:00,OCC_COP_12,occupancy,Copa,0.0
2025-09-18 08:15:00,OCC_COP_12,occupancy,Copa,0.0
2025-09-18 08:30:00,OCC_COP_12,occupancy,Copa,0.0
2025-09-18 08:45:00,OCC_COP_12,occupancy,Copa,0.0
2025-09-18 09:00:00,OCC_COP_12,occupancy,Copa,0.0
2025-09-18 09:15:00,OCC_COP_12,occupancy,Copa,1.0
2025-09-18 09:30:00,OCC_COP_12,occupancy,Copa,0.0
2025-09-18 09:45:00,OCC_COP_12,occupancy,Copa,1.0
2025-09-18 10:00:00,OCC_COP_12,occupancy,Copa,0.0
2025-09-18 10:15:00,OCC_COP_12,occupancy,Copa,0.0
2025-09-18 10:30:00,OCC_COP_12,occupancy,Copa,0.0
2025-09-18 10:45:00,OCC_COP_12,occupancy,Copa,1.0
2025-09-18 11:00:00,OCC_COP_12,occupancy,Copa,0.0
2025-09-18 11:15:00,OCC_COP_12,occupancy,Copa,1.0
2025-09-18 11:30:00,OCC_COP_12,occupancy,Copa,1.0
2025-09-18 11:45:00,OCC_COP_12,occupancy,Copa,1.0
2025-09-18 12:00:00,OCC_COP_12,occupancy,Copa,0.0
2025-09-18 12:15:00,OCC_COP_12,occupancy,Copa,0.0
2025-09-18 12:30:00,OCC_COP_12,occupancy,Copa,0.0
2025-09-18 12:45:00,OCC_COP_12,occupancy,Copa,1.0
2025-09-18 13:00:00,OCC_COP_12,occupancy,Copa,0.0
2025-09-18 13:15:00,OCC_COP_12,occupancy,Copa,0.0
2025-09-18 13:30:00,OCC_COP_12,occupancy,Copa,0.0
2025-09-18 13:45:00,OCC_COP_12,occupancy,Copa,0.0
2025-09-18 14:00:00,OCC_COP_12,occupancy,Copa,1.0
2025-09-18 14:15:00,OCC_COP_12,occupancy,Copa,0.0
2025-09-18 14:30:00,OCC_COP_12,occupancy,Copa,0.0
2025-09-18 14:45:00,OCC_COP_12,occupancy,Copa,0.0
2025-09-18 15:00:00,OCC_COP_12,occupancy,Copa,0.0
2025-09-18 15:15:00,OCC_COP_12,occupancy,Copa,0.0
2025-09-18 15:30:00,OCC_COP_12,occupancy,Copa,0.0
2025-09-18 15:45:00,OCC_COP_12,occupancy,Copa,0.0
2025-09-18 16:00:00,OCC_COP_12,occupancy,Copa,1.0
2025-09-18 16:15:00,OCC_COP_12,occupancy,Copa,0.0
2025-09-18 16:30:00,OCC_COP_12,occupancy,Copa,1.0
2025-09-18 16:45:00,OCC_COP_12,occupancy,Copa,0.0
2025-09-18 17:00:00,OCC_COP_12,occupancy,Copa,0.0
2025-09-18 17:15:00,OCC_COP_12,occupancy,Copa,0.0
2025-09-18 17:30:00,OCC_COP_12,occupancy,Copa,0.0
2025-09-18 17:45:00,OCC_COP_12,occupancy,Copa,1.0
2025-09-18 18:00:00,OCC_COP_12,occupancy,Copa,0.0
2025-09-18 18:15:00,OCC_COP_12,occupancy,Copa,0.0
2025-09-18 18:30:00,OCC_COP_12,occupancy,Copa,0.0
2025-09-18 18:45:00,OCC_COP_12,occupancy,Copa,0.0
2025-09-18 19:00:00,OCC_COP_12,occupancy,Copa,0.0
2025-09-18 19:15:00,OCC_COP_12,occupancy,Copa,0.0
2025-09-18 19:30:00,OCC_COP_12,occupancy,Copa,0.0
2025-09-18 19:45:00,OCC_COP_12,occupancy,Copa,0.0
2025-09-18 20:00:00,OCC_COP_12,occupancy,Copa,0.0
2025-09-18 20:15:00,OCC_COP_12,occupancy,Copa,0.0
2025-09-18 20:30:00,OCC_COP_12,occupancy,Copa,0.0
2025-09-18 20:45:00,OCC_COP_12,occupancy,Copa,0.0
2025-09-18 21:00:00,OCC_COP_12,occupancy,Copa,0.0
2025-09-18 21:15:00,OCC_COP_12,occupancy,Copa,0.0
2025-09-18 21:30:00,OCC_COP_12,occupancy,Copa,0.0
2025-09-18 21:45:00,OCC_COP_12,occupancy,Copa,0.0
2025-09-18 22:00:00,OCC_COP_12,occupancy,Copa,0.0
2025-09-18 22:15:00,OCC_COP_12,occupancy,Copa,0.0
2025-09-18 22:30:00,OCC_COP_12,occupancy,Copa,0.0
2025-09-18 22:45:00,OCC_COP_12,occupancy,Copa,0.0
2025-09-18 23:00:00,OCC_COP_12,occupancy,Copa,0.0
2025-09-18 23:15:00,OCC_COP_12,occupancy,Copa,0.0
2025-09-18 23:30:00,OCC_COP_12,occupancy,Copa,0.0
2025-09-18 23:45:00,OCC_COP_12,occupancy,Copa,0.0
2025-09-19 00:00:00,OCC_COP_12,occupancy,Copa,0.0
2025-09-19 00:15:00,OCC_COP_12,occupancy,Copa,0.0
2025-09-19 00:30:00,OCC_COP_12,occupancy,Copa,0.0
2025-09-19 00:45:00,OCC_COP_12,occupancy,Copa,0.0
2025-09-19 01:00:00,OCC_COP_12,occupancy,Copa,0.0
2025-09-19 01:15:00,OCC_COP_12,occupancy,Copa,0.0
2025-09-19 01:30:00,OCC_COP_12,occupancy,Copa,0.0
2025-09-19 01:45:00,OCC_COP_12,occupancy,Copa,0.0
2025-09-19 02:00:00,OCC_COP_12,occupancy,Copa,0.0
2025-09-19 02:15:00,OCC_COP_12,occupancy,Copa,0.0
2025-09-19 02:30:00,OCC_COP_12,occupancy,Copa,0.0
2025-09-19 02:45:00,OCC_COP_12,occupancy,Copa,0.0
2025-09-19 03:00:00,OCC_COP_12,occupancy,Copa,0.0
2025-09-19 03:15:00,OCC_COP_12,occupancy,Copa,0.0
2025-09-19 03:30:00,OCC_COP_12,occupancy,Copa,0.0
2025-09-19 03:45:00,OCC_COP_12,occupancy,Copa,0.0
2025-09-19 04:00:00,OCC_COP_12,occupancy,Copa,0.0
2025-09-19 04:15:00,OCC_COP_12,occupancy,Copa,0.0
2025-09-19 04:30:00,OCC_COP_12,occupancy,Copa,0.0
2025-09-19 04:45:00,OCC_COP_12,occupancy,Copa,0.0
2025-09-19 05:00:00,OCC_COP_12,occupancy,Copa,0.0
2025-09-19 05:15:00,OCC_COP_12,occupancy,Copa,0.0
2025-09-19 05:30:00,OCC_COP_12,occupancy,Copa,0.0
2025-09-19 05:45:00,OCC_COP_12,occupancy,Copa,0.0
2025-09-19 06:00:00,OCC_COP_12,occupancy,Copa,0.0
2025-09-19 06:15:00,OCC_COP_12,occupancy,Copa,0.0
2025-09-19 06:30:00,OCC_COP_12,occupancy,Copa,0.0
2025-09-19 06:45:00,OCC_COP_12,occupancy,Copa,0.0
2025-09-19 07:00:00,OCC_COP_12,occupancy,Copa,0.0
2025-09-19 07:15:00,OCC_COP_12,occupancy,Copa,0.0
2025-09-19 07:30:00,OCC_COP_12,occupancy,Copa,0.0
2025-09-19 07:45:00,OCC_COP_12,occupancy,Copa,0.0
2025-09-19 08:00:00,OCC_COP_12,occupancy,Copa,0.0
2025-09-19 08:15:00,OCC_COP_12,occupancy,Copa,0.0
2025-09-19 08:30:00,OCC_COP_12,occupancy,Copa,1.0
2025-09-19 08:45:00,OCC_COP_12,occupancy,Copa,1.0
2025-09-19 09:00:00,OCC_COP_12,occupancy,Copa,0.0
2025-09-19 09:15:00,OCC_COP_12,occupancy,Copa,1.0
2025-09-19 09:30:00,OCC_COP_12,occupancy,Copa,0.0
2025-09-19 09:45:00,OCC_COP_12,occupancy,Copa,0.0
2025-09-19 10:00:00,OCC_COP_12,occupancy,Copa,0.0
2025-09-19 10:15:00,OCC_COP_12,occupancy,Copa,0.0
2025-09-19 10:30:00,OCC_COP_12,occupancy,Copa,1.0
2025-09-19 10:45:00,OCC_COP_12,occupancy,Copa,0.0
2025-09-19 11:00:00,OCC_COP_12,occupancy,Copa,0.0
2025-09-19 11:15:00,OCC_COP_12,occupancy,Copa,0.0
2025-09-19 11:30:00,OCC_COP_12,occupancy,Copa,0.0
2025-09-19 11:45:00,OCC_COP_12,occupancy,Copa,0.0
2025-09-19 12:00:00,OCC_COP_12,occupancy,Copa,0.0
2025-09-19 12:15:00,OCC_COP_12,occupancy,Copa,0.0
2025-09-19 12:30:00,OCC_COP_12,occupancy,Copa,0.0
2025-09-19 12:45:00,OCC_COP_12,occupancy,Copa,1.0
2025-09-19 13:00:00,OCC_COP_12,occupancy,Copa,1.0
2025-09-19 13:15:00,OCC_COP_12,occupancy,Copa,0.0
2025-09-19 13:30:00,OCC_COP_12,occupancy,Copa,1.0
2025-09-19 13:45:00,OCC_COP_12,occupancy,Copa,0.0
2025-09-19 14:00:00,OCC_COP_12,occupancy,Copa,0.0
2025-09-19 14:15:00,OCC_COP_12,occupancy,Copa,1.0
2025-09-19 14:30:00,OCC_COP_12,occupancy,Copa,0.0
2025-09-19 14:45:00,OCC_COP_12,occupancy,Copa,0.0
2025-09-19 15:00:00,OCC_COP_12,occupancy,Copa,0.0
2025-09-19 15:15:00,OCC_COP_12,occupancy,Copa,0.0
2025-09-19 15:30:00,OCC_COP_12,occupancy,Copa,0.0
2025-09-19 15:45:00,OCC_COP_12,occupancy,Copa,0.0
2025-09-19 16:00:00,OCC_COP_12,occupancy,Copa,1.0
2025-09-19 16:15:00,OCC_COP_12,occupancy,Copa,0.0
2025-09-19 16:30:00,OCC_COP_12,occupancy,Copa,0.0
2025-09-19 16:45:00,OCC_COP_12,occupancy,Copa,1.0
2025-09-19 17:00:00,OCC_COP_12,occupancy,Copa,0.0
2025-09-19 17:15:00,OCC_COP_12,occupancy,Copa,0.0
2025-09-19 17:30:00,OCC_COP_12,occupancy,Copa,0.0
2025-09-19 17:45:00,OCC_COP_12,occupancy,Copa,0.0
2025-09-19 18:00:00,OCC_COP_12,occupancy,Copa,0.0
2025-09-19 18:15:00,OCC_COP_12,occupancy,Copa,0.0
2025-09-19 18:30:00,OCC_COP_12,occupancy,Copa,0.0
2025-09-19 18:45:00,OCC_COP_12,occupancy,Copa,0.0
2025-09-19 19:00:00,OCC_COP_12,occupancy,Copa,0.0
2025-09-19 19:15:00,OCC_COP_12,occupancy,Copa,0.0
2025-09-19 19:30:00,OCC_COP_12,occupancy,Copa,0.0
2025-09-19 19:45:00,OCC_COP_12,occupancy,Copa,0.0
2025-09-19 20:00:00,OCC_COP_12,occupancy,Copa,0.0
2025-09-19 20:15:00,OCC_COP_12,occupancy,Copa,0.0
2025-09-19 20:30:00,OCC_COP_12,occupancy,Copa,0.0
2025-09-19 20:45:00,OCC_COP_12,occupancy,Copa,0.0
2025-09-19 21:00:00,OCC_COP_12,occupancy,Copa,0.0
2025-09-19 21:15:00,OCC_COP_12,occupancy,Copa,0.0
2025-09-19 21:30:00,OCC_COP_12,occupancy,Copa,0.0
2025-09-19 21:45:00,OCC_COP_12,occupancy,Copa,0.0
2025-09-19 22:00:00,OCC_COP_12,occupancy,Copa,1.0
2025-09-19 22:15:00,OCC_COP_12,occupancy,Copa,0.0
2025-09-19 22:30:00,OCC_COP_12,occupancy,Copa,0.0
2025-09-19 22:45:00,OCC_COP_12,occupancy,Copa,0.0
2025-09-19 23:00:00,OCC_COP_12,occupancy,Copa,0.0
2025-09-19 23:15:00,OCC_COP_12,occupancy,Copa,0.0
2025-09-19 23:30:00,OCC_COP_12,occupancy,Copa,0.0
2025-09-19 23:45:00,OCC_COP_12,occupancy,Copa,0.0
2025-09-20 00:00:00,OCC_COP_12,occupancy,Copa,0.0
2025-09-20 00:15:00,OCC_COP_12,occupancy,Copa,0.0
2025-09-20 00:30:00,OCC_COP_12,occupancy,Copa,0.0
2025-09-20 00:45:00,OCC_COP_12,occupancy,Copa,0.0
2025-09-20 01:00:00,OCC_COP_12,occupancy,Copa,0.0
2025-09-20 01:15:00,OCC_COP_12,occupancy,Copa,0.0
2025-09-20 01:30:00,OCC_COP_12,occupancy,Copa,0.0
2025-09-20 01:45:00,OCC_COP_12,occupancy,Copa,0.0
2025-09-20 02:00:00,OCC_COP_12,occupancy,Copa,0.0
2025-09-20 02:15:00,OCC_COP_12,occupancy,Copa,0.0
2025-09-20 02:30:00,OCC_COP_12,occupancy,Copa,0.0
2025-09-20 02:45:00,OCC_COP_12,occupancy,Copa,0.0
2025-09-20 03:00:00,OCC_COP_12,occupancy,Copa,0.0
2025-09-20 03:15:00,OCC_COP_12,occupancy,Copa,0.0
2025-09-20 03:30:00,OCC_COP_12,occupancy,Copa,0.0
2025-09-20 03:45:00,OCC_COP_12,occupancy,Copa,0.0
2025-09-20 04:00:00,OCC_COP_12,occupancy,Copa,0.0
2025-09-20 04:15:00,OCC_COP_12,occupancy,Copa,0.0
2025-09-20 04:30:00,OCC_COP_12,occupancy,Copa,0.0
2025-09-20 04:45:00,OCC_COP_12,occupancy,Copa,0.0
2025-09-20 05:00:00,OCC_COP_12,occupancy,Copa,0.0
2025-09-20 05:15:00,OCC_COP_12,occupancy,Copa,0.0
2025-09-20 05:30:00,OCC_COP_12,occupancy,Copa,0.0
2025-09-20 05:45:00,OCC_COP_12,occupancy,Copa,0.0
2025-09-20 06:00:00,OCC_COP_12,occupancy,Copa,0.0
2025-09-20 06:15:00,OCC_COP_12,occupancy,Copa,0.0
2025-09-20 06:30:00,OCC_COP_12,occupancy,Copa,0.0
2025-09-20 06:45:00,OCC_COP_12,occupancy,Copa,0.0
2025-09-20 07:00:00,OCC_COP_12,occupancy,Copa,0.0
2025-09-20 07:15:00,OCC_COP_12,occupancy,Copa,0.0
2025-09-20 07:30:00,OCC_COP_12,occupancy,Copa,0.0
2025-09-20 07:45:00,OCC_COP_12,occupancy,Copa,0.0
2025-09-20 08:00:00,OCC_COP_12,occupancy,Copa,0.0
2025-09-20 08:15:00,OCC_COP_12,occupancy,Copa,0.0
2025-09-20 08:30:00,OCC_COP_12,occupancy,Copa,0.0
2025-09-20 08:45:00,OCC_COP_12,occupancy,Copa,0.0
2025-09-20 09:00:00,OCC_COP_12,occupancy,Copa,0.0
2025-09-20 09:15:00,OCC_COP_12,occupancy,Copa,0.0
2025-09-20 09:30:00,OCC_COP_12,occupancy,Copa,0.0
2025-09-20 09:45:00,OCC_COP_12,occupancy,Copa,0.0
2025-09-20 10:00:00,OCC_COP_12,occupancy,Copa,0.0
2025-09-20 10:15:00,OCC_COP_12,occupancy,Copa,0.0
2025-09-20 10:30:00,OCC_COP_12,occupancy,Copa,0.0
2025-09-20 10:45:00,OCC_COP_12,occupancy,Copa,0.0
2025-09-20 11:00:00,OCC_COP_12,occupancy,Copa,0.0
2025-09-20 11:15:00,OCC_COP_12,occupancy,Copa,0.0
2025-09-20 11:30:00,OCC_COP_12,occupancy,Copa,0.0
2025-09-20 11:45:00,OCC_COP_12,occupancy,Copa,0.0
2025-09-20 12:00:00,OCC_COP_12,occupancy,Copa,0.0
2025-09-20 12:15:00,OCC_COP_12,occupancy,Copa,0.0
2025-09-20 12:30:00,OCC_COP_12,occupancy,Copa,0.0
2025-09-20 12:45:00,OCC_COP_12,occupancy,Copa,0.0
2025-09-20 13:00:00,OCC_COP_12,occupancy,Copa,0.0
2025-09-20 13:15:00,OCC_COP_12,occupancy,Copa,0.0
2025-09-20 13:30:00,OCC_COP_12,occupancy,Copa,0.0
2025-09-20 13:45:00,OCC_COP_12,occupancy,Copa,0.0
2025-09-20 14:00:00,OCC_COP_12,occupancy,Copa,0.0
2025-09-20 14:15:00,OCC_COP_12,occupancy,Copa,0.0
2025-09-20 14:30:00,OCC_COP_12,occupancy,Copa,0.0
2025-09-20 14:45:00,OCC_COP_12,occupancy,Copa,0.0
2025-09-20 15:00:00,OCC_COP_12,occupancy,Copa,0.0
2025-09-20 15:15:00,OCC_COP_12,occupancy,Copa,0.0
2025-09-20 15:30:00,OCC_COP_12,occupancy,Copa,0.0
2025-09-20 15:45:00,OCC_COP_12,occupancy,Copa,0.0
2025-09-20 16:00:00,OCC_COP_12,occupancy,Copa,0.0
2025-09-20 16:15:00,OCC_COP_12,occupancy,Copa,0.0
2025-09-20 16:30:00,OCC_COP_12,occupancy,Copa,0.0
2025-09-20 16:45:00,OCC_COP_12,occupancy,Copa,0.0
2025-09-20 17:00:00,OCC_COP_12,occupancy,Copa,0.0
2025-09-20 17:15:00,OCC_COP_12,occupancy,Copa,0.0
2025-09-20 17:30:00,OCC_COP_12,occupancy,Copa,0.0
2025-09-20 17:45:00,OCC_COP_12,occupancy,Copa,0.0
2025-09-20 18:00:00,OCC_COP_12,occupancy,Copa,0.0
2025-09-20 18:15:00,OCC_COP_12,occupancy,Copa,0.0
2025-09-20 18:30:00,OCC_COP_12,occupancy,Copa,0.0
2025-09-20 18:45:00,OCC_COP_12,occupancy,Copa,0.0
2025-09-20 19:00:00,OCC_COP_12,occupancy,Copa,0.0
2025-09-20 19:15:00,OCC_COP_12,occupancy,Copa,0.0
2025-09-20 19:30:00,OCC_COP_12,occupancy,Copa,0.0
2025-09-20 19:45:00,OCC_COP_12,occupancy,Copa,0.0
2025-09-20 20:00:00,OCC_COP_12,occupancy,Copa,0.0
2025-09-20 20:15:00,OCC_COP_12,occupancy,Copa,0.0
2025-09-20 20:30:00,OCC_COP_12,occupancy,Copa,0.0
2025-09-20 20:45:00,OCC_COP_12,occupancy,Copa,0.0
2025-09-20 21:00:00,OCC_COP_12,occupancy,Copa,0.0
2025-09-20 21:15:00,OCC_COP_12,occupancy,Copa,0.0
2025-09-20 21:30:00,OCC_COP_12,occupancy,Copa,0.0
2025-09-20 21:45:00,OCC_COP_12,occupancy,Copa,0.0
2025-09-20 22:00:00,OCC_COP_12,occupancy,Copa,0.0
2025-09-20 22:15:00,OCC_COP_12,occupancy,Copa,0.0
2025-09-20 22:30:00,OCC_COP_12,occupancy,Copa,0.0
2025-09-20 22:45:00,OCC_COP_12,occupancy,Copa,0.0
2025-09-20 23:00:00,OCC_COP_12,occupancy,Copa,0.0
2025-09-20 23:15:00,OCC_COP_12,occupancy,Copa,0.0
2025-09-20 23:30:00,OCC_COP_12,occupancy,Copa,0.0
2025-09-20 23:45:00,OCC_COP_12,occupancy,Copa,0.0
2025-09-21 00:00:00,OCC_COP_12,occupancy,Copa,0.0
2025-09-21 00:15:00,OCC_COP_12,occupancy,Copa,0.0
2025-09-21 00:30:00,OCC_COP_12,occupancy,Copa,0.0
2025-09-21 00:45:00,OCC_COP_12,occupancy,Copa,0.0
2025-09-21 01:00:00,OCC_COP_12,occupancy,Copa,0.0
2025-09-21 01:15:00,OCC_COP_12,occupancy,Copa,0.0
2025-09-21 01:30:00,OCC_COP_12,occupancy,Copa,0.0
2025-09-21 01:45:00,OCC_COP_12,occupancy,Copa,0.0
2025-09-21 02:00:00,OCC_COP_12,occupancy,Copa,0.0
2025-09-21 02:15:00,OCC_COP_12,occupancy,Copa,0.0
2025-09-21 02:30:00,OCC_COP_12,occupancy,Copa,0.0
2025-09-21 02:45:00,OCC_COP_12,occupancy,Copa,0.0
2025-09-21 03:00:00,OCC_COP_12,occupancy,Copa,0.0
2025-09-21 03:15:00,OCC_COP_12,occupancy,Copa,0.0
2025-09-21 03:30:00,OCC_COP_12,occupancy,Copa,0.0
2025-09-21 03:45:00,OCC_COP_12,occupancy,Copa,0.0
2025-09-21 04:00:00,OCC_COP_12,occupancy,Copa,0.0
2025-09-21 04:15:00,OCC_COP_12,occupancy,Copa,0.0
2025-09-21 04:30:00,OCC_COP_12,occupancy,Copa,0.0
2025-09-21 04:45:00,OCC_COP_12,occupancy,Copa,0.0
2025-09-21 05:00:00,OCC_COP_12,occupancy,Copa,0.0
2025-09-21 05:15:00,OCC_COP_12,occupancy,Copa,0.0
2025-09-21 05:30:00,OCC_COP_12,occupancy,Copa,0.0
2025-09-21 05:45:00,OCC_COP_12,occupancy,Copa,0.0
2025-09-21 06:00:00,OCC_COP_12,occupancy,Copa,0.0
2025-09-21 06:15:00,OCC_COP_12,occupancy,Copa,0.0
2025-09-21 06:30:00,OCC_COP_12,occupancy,Copa,0.0
2025-09-21 06:45:00,OCC_COP_12,occupancy,Copa,0.0
2025-09-21 07:00:00,OCC_COP_12,occupancy,Copa,0.0
2025-09-21 07:15:00,OCC_COP_12,occupancy,Copa,0.0
2025-09-21 07:30:00,OCC_COP_12,occupancy,Copa,0.0
2025-09-21 07:45:00,OCC_COP_12,occupancy,Copa,0.0
2025-09-21 08:00:00,OCC_COP_12,occupancy,Copa,0.0
2025-09-21 08:15:00,OCC_COP_12,occupancy,Copa,0.0
2025-09-21 08:30:00,OCC_COP_12,occupancy,Copa,0.0
2025-09-21 08:45:00,OCC_COP_12,occupancy,Copa,0.0
2025-09-21 09:00:00,OCC_COP_12,occupancy,Copa,0.0
2025-09-21 09:15:00,OCC_COP_12,occupancy,Copa,0.0
2025-09-21 09:30:00,OCC_COP_12,occupancy,Copa,0.0
2025-09-21 09:45:00,OCC_COP_12,occupancy,Copa,0.0
2025-09-21 10:00:00,OCC_COP_12,occupancy,Copa,0.0
2025-09-21 10:15:00,OCC_COP_12,occupancy,Copa,0.0
2025-09-21 10:30:00,OCC_COP_12,occupancy,Copa,0.0
2025-09-21 10:45:00,OCC_COP_12,occupancy,Copa,0.0
2025-09-21 11:00:00,OCC_COP_12,occupancy,Copa,0.0
2025-09-21 11:15:00,OCC_COP_12,occupancy,Copa,0.0
2025-09-21 11:30:00,OCC_COP_12,occupancy,Copa,0.0
2025-09-21 11:45:00,OCC_COP_12,occupancy,Copa,0.0
2025-09-21 12:00:00,OCC_COP_12,occupancy,Copa,0.0
2025-09-21 12:15:00,OCC_COP_12,occupancy,Copa,0.0
2025-09-21 12:30:00,OCC_COP_12,occupancy,Copa,0.0
2025-09-21 12:45:00,OCC_COP_12,occupancy,Copa,0.0
2025-09-21 13:00:00,OCC_COP_12,occupancy,Copa,0.0
2025-09-21 13:15:00,OCC_COP_12,occupancy,Copa,0.0
2025-09-21 13:30:00,OCC_COP_12,occupancy,Copa,0.0
2025-09-21 13:45:00,OCC_COP_12,occupancy,Copa,0.0
2025-09-21 14:00:00,OCC_COP_12,occupancy,Copa,0.0
2025-09-21 14:15:00,OCC_COP_12,occupancy,Copa,0.0
2025-09-21 14:30:00,OCC_COP_12,occupancy,Copa,0.0
2025-09-21 14:45:00,OCC_COP_12,occupancy,Copa,0.0
2025-09-21 15:00:00,OCC_COP_12,occupancy,Copa,0.0
2025-09-21 15:15:00,OCC_COP_12,occupancy,Copa,0.0
2025-09-21 15:30:00,OCC_COP_12,occupancy,Copa,0.0
2025-09-21 15:45:00,OCC_COP_12,occupancy,Copa,0.0
2025-09-21 16:00:00,OCC_COP_12,occupancy,Copa,0.0
2025-09-21 16:15:00,OCC_COP_12,occupancy,Copa,0.0
2025-09-21 16:30:00,OCC_COP_12,occupancy,Copa,0.0
2025-09-21 16:45:00,OCC_COP_12,occupancy,Copa,0.0
2025-09-21 17:00:00,OCC_COP_12,occupancy,Copa,0.0
2025-09-21 17:15:00,OCC_COP_12,occupancy,Copa,0.0
2025-09-21 17:30:00,OCC_COP_12,occupancy,Copa,0.0
2025-09-21 17:45:00,OCC_COP_12,occupancy,Copa,0.0
2025-09-21 18:00:00,OCC_COP_12,occupancy,Copa,0.0
2025-09-21 18:15:00,OCC_COP_12,occupancy,Copa,0.0
2025-09-21 18:30:00,OCC_COP_12,occupancy,Copa,0.0
2025-09-21 18:45:00,OCC_COP_12,occupancy,Copa,0.0
2025-09-21 19:00:00,OCC_COP_12,occupancy,Copa,0.0
2025-09-21 19:15:00,OCC_COP_12,occupancy,Copa,0.0
2025-09-21 19:30:00,OCC_COP_12,occupancy,Copa,0.0
2025-09-21 19:45:00,OCC_COP_12,occupancy,Copa,0.0
2025-09-21 20:00:00,OCC_COP_12,occupancy,Copa,0.0
2025-09-21 20:15:00,OCC_COP_12,occupancy,Copa,0.0
2025-09-21 20:30:00,OCC_COP_12,occupancy,Copa,0.0
2025-09-21 20:45:00,OCC_COP_12,occupancy,Copa,0.0
2025-09-21 21:00:00,OCC_COP_12,occupancy,Copa,0.0
2025-09-21 21:15:00,OCC_COP_12,occupancy,Copa,0.0
2025-09-21 21:30:00,OCC_COP_12,occupancy,Copa,0.0
2025-09-21 21:45:00,OCC_COP_12,occupancy,Copa,0.0
2025-09-21 22:00:00,OCC_COP_12,occupancy,Copa,0.0
2025-09-21 22:15:00,OCC_COP_12,occupancy,Copa,0.0
2025-09-21 22:30:00,OCC_COP_12,occupancy,Copa,0.0
2025-09-21 22:45:00,OCC_COP_12,occupancy,Copa,0.0
2025-09-21 23:00:00,OCC_COP_12,occupancy,Copa,0.0
2025-09-21 23:15:00,OCC_COP_12,occupancy,Copa,0.0
2025-09-21 23:30:00,OCC_COP_12,occupancy,Copa,0.0
2025-09-21 23:45:00,OCC_COP_12,occupancy,Copa,0.0
